Obj_name,PGC,EGIPS,RAJ2000,DEJ2000,Coord,max_prob
Obj_14683,92681,EGIPS J213645.7-193559,324.190618,-19.5997835,J213645.75-193559.2,0.99
Obj_9695,2526310,EGIPS J133608.4+560722,204.0351575,56.1229078,J133608.44+560722.5,0.99
Obj_13128,60966,EGIPS J175029.5+600139,267.6231005,60.0276738,J175029.54+600139.6,0.99
Obj_819,1268758,EGIPS J010033.1+042841,15.1383278,4.478186,J010033.20+042841.5,0.99
Obj_2982,       ,EGIPS J042437.4+230548,66.1559846,23.0967883,J042437.44+230548.4,0.99
Obj_16339,72734,EGIPS J235318.9+860140,358.3288396,86.0280038,J235318.92+860140.8,0.99
Obj_13489,1969805,EGIPS J183455.6+315332,278.7320562,31.8924992,J183455.69+315333.0,0.99
Obj_10724,984219,EGIPS J144531.3-095727,221.3807988,-9.9577033,J144531.39-095727.7,0.99
Obj_4069,       ,EGIPS J071429.5+211206,108.6231696,21.2017834,J071429.56+211206.4,0.99
Obj_1385,6434,EGIPS J014510.1+320723,26.2921185,32.1232917,J014510.11+320723.9,0.99
Obj_8215,2226067,EGIPS J120537.2+433940,181.405125,43.6611908,J120537.23+433940.3,0.99
Obj_15185,68637,EGIPS J222131.0-251845,335.3794929,-25.3125036,J222131.08-251845.0,0.99
Obj_3372,75337,EGIPS J051742.9+063056,79.4290465,6.5157098,J051742.97+063056.6,0.99
Obj_10871,53376,EGIPS J145552.3+244311,223.9682093,24.7197962,J145552.37+244311.3,0.99
Obj_11956,1912171,EGIPS J161353.7+303859,243.4737521,30.6499806,J161353.70+303859.9,0.99
Obj_12323,1360355,EGIPS J163832.0+090831,249.6334456,9.1420539,J163832.03+090831.4,0.99
Obj_2827,770686,EGIPS J035741.0-261030,59.4212221,-26.1750363,J035741.09-261030.1,0.99
Obj_7649,91128,EGIPS J113058.3-040505,172.7431527,-4.0849298,J113058.36-040505.7,0.99
Obj_13636,2270333,EGIPS J190144.9+454648,285.4372081,45.7800971,J190144.93+454648.3,0.99
Obj_14233,1042669,EGIPS J204152.2-053559,310.4675816,-5.5999194,J204152.22-053559.7,0.99
Obj_9198,1285282,EGIPS J130409.2+053312,196.03859,5.5533881,J130409.26+053312.2,0.99
Obj_6934,1811357,EGIPS J105112.7+273259,162.8030658,27.5497341,J105112.74+273259.0,0.99
Obj_14764,167526,EGIPS J214545.9+462447,326.4413639,46.4131521,J214545.93+462447.3,0.99
Obj_4016,20293,EGIPS J071024.1+745327,107.6004528,74.8909978,J071024.11+745327.6,0.99
Obj_13905,63685,EGIPS J194827.2+581347,297.1134481,58.2299505,J194827.23+581347.8,0.99
Obj_7256,3766706,EGIPS J110923.0+252509,167.346119,25.4191939,J110923.07+252509.1,0.99
Obj_7070,33044,EGIPS J105846.9+053110,164.6956324,5.5196041,J105846.95+053110.6,0.99
Obj_9424,5072373,EGIPS J131844.9+191821,199.6874276,19.3059928,J131844.98+191821.6,0.99
Obj_11719,56689,EGIPS J160114.2+140443,240.3093857,14.0788654,J160114.25+140443.9,0.99
Obj_4790,1094700,EGIPS J081524.8-022038,123.8533338,-2.3440462,J081524.80-022038.6,0.99
Obj_5887,4089955,EGIPS J094004.0+331051,145.016792,33.1808569,J094004.03+331051.1,0.99
Obj_9516,       ,EGIPS J132452.8+191657,201.2204001,19.2827777,J132452.90+191658.0,0.99
Obj_11800,1514569,EGIPS J160544.6+164109,241.4360818,16.6859323,J160544.66+164109.4,0.99
Obj_16067,71764,EGIPS J233352.5-011958,353.4687661,-1.3329721,J233352.50-011958.7,0.99
Obj_696,       ,EGIPS J005131.2-063357,12.8800749,-6.5659141,J005131.22-063357.3,0.99
Obj_14943,       ,EGIPS J220245.9+180004,330.6914922,18.0011937,J220245.96+180004.3,0.99
Obj_15349,193065,EGIPS J223531.7-094008,338.8824965,-9.6688959,J223531.80-094008.0,0.99
Obj_4624,22613,EGIPS J080331.0+042546,120.8794976,4.4295229,J080331.08+042546.3,0.99
Obj_845,1031639,EGIPS J010250.1-063233,15.7088551,-6.5427226,J010250.13-063233.8,0.99
Obj_1098,4856,EGIPS J012045.6+041049,20.1903384,4.1803274,J012045.68+041049.2,0.99
Obj_11505,55999,EGIPS J154621.9+234832,236.5913484,23.8090488,J154621.92+234832.6,0.99
Obj_16058,       ,EGIPS J233302.0+170513,353.2585919,17.0871426,J233302.06+170513.7,0.99
Obj_5568,2226738,EGIPS J091658.4+434121,139.2434874,43.6892589,J091658.44+434121.3,0.99
Obj_6052,3748240,EGIPS J095206.8+263826,148.0284423,26.6405727,J095206.83+263826.1,0.99
Obj_8823,91222,EGIPS J124254.0-002953,190.7253652,-0.49818,J124254.09-002953.4,0.99
Obj_6557,2103447,EGIPS J102559.0+373251,156.4960045,37.5477699,J102559.04+373252.0,0.99
Obj_9573,3098304,EGIPS J132819.6-210047,202.0818558,-21.0132294,J132819.65-210047.6,0.99
Obj_3513,92161,EGIPS J054621.1-172258,86.5881405,-17.3829817,J054621.15-172258.7,0.99
Obj_13528,2081178,EGIPS J184058.9+362812,280.2458088,36.4701526,J184058.99+362812.5,0.99
Obj_4842,3728961,EGIPS J081852.8+472655,124.7200011,47.4486794,J081852.80+472655.2,0.99
Obj_15133,68483,EGIPS J221651.2-090040,334.2133474,-9.0111579,J221651.20-090040.2,0.99
Obj_462,143643,EGIPS J003600.2-091140,9.0012042,-9.1945844,J003600.29-091140.5,0.99
Obj_12546,2686396,EGIPS J165550.7+662146,253.9615329,66.3628919,J165550.77+662146.4,0.99
Obj_7246,       ,EGIPS J110846.5-125722,167.1938329,-12.9561654,J110846.52-125722.2,0.99
Obj_5007,1060943,EGIPS J083125.3-041428,127.8555444,-4.2413872,J083125.33-041429.0,0.99
Obj_7039,2104645,EGIPS J105653.4+373551,164.2225795,37.5975825,J105653.42+373551.3,0.99
Obj_15883,1100401,EGIPS J231800.2-020854,349.5009541,-2.1485224,J231800.23-020854.7,0.99
Obj_2875,4666549,EGIPS J040500.6+252352,61.252891,25.398012,J040500.69+252352.8,0.99
Obj_15097,918122,EGIPS J221422.2-145536,333.5926666,-14.9268903,J221422.24-145536.8,0.99
Obj_14849,67598,EGIPS J215357.5+064454,328.489729,6.7484756,J215357.53+064454.5,0.99
Obj_619,5072269,EGIPS J004509.9+253906,11.2914324,25.6517522,J004509.94+253906.3,0.99
Obj_15511,3968987,EGIPS J224725.6-011519,341.8570189,-1.2553918,J224725.68-011519.4,0.99
Obj_11623,56364,EGIPS J155449.3+185501,238.7057834,18.917192,J155449.39+185501.9,0.99
Obj_3908,4666940,EGIPS J070002.0+265717,105.0084696,26.9547441,J070002.03+265717.1,0.99
Obj_3484,147719,EGIPS J054018.4-230832,85.0767459,-23.1424375,J054018.42-230832.8,0.99
Obj_6625,91018,EGIPS J103029.0+122747,157.6210187,12.4631117,J103029.04+122747.2,0.99
Obj_8601,41060,EGIPS J122843.2+114518,187.1803523,11.7550454,J122843.28+114518.2,0.99
Obj_8123,5072351,EGIPS J115946.8+212810,179.945324,21.4696087,J115946.88+212810.6,0.99
Obj_7950,91146,EGIPS J114836.5-012043,177.1523899,-1.3455555,J114836.57-012044.0,0.99
Obj_14148,784251,EGIPS J203046.5-245728,307.6939146,-24.9579749,J203046.54-245728.7,0.99
Obj_926,1873628,EGIPS J010738.3+293940,16.9099338,29.66128,J010738.38+293940.6,0.99
Obj_10096,4566622,EGIPS J140403.6+094749,211.0150171,9.7971661,J140403.60+094749.8,0.99
Obj_5186,5072296,EGIPS J084451.4+192138,131.2143773,19.3605798,J084451.45+192138.1,0.99
Obj_12940,91599,EGIPS J173130.8+425521,262.8783707,42.9225614,J173130.81+425521.2,0.99
Obj_7395,34361,EGIPS J111559.2+043955,168.9968816,4.6653721,J111559.25+043955.3,0.99
Obj_2393,       ,EGIPS J030759.3-104116,46.9971838,-10.6878338,J030759.32-104116.2,0.99
Obj_3141,       ,EGIPS J044648.7+030526,71.7029715,3.0908242,J044648.71+030527.0,0.99
Obj_9364,46081,EGIPS J131502.1-155706,198.7587718,-15.9518056,J131502.11-155706.5,0.99
Obj_9422,2154171,EGIPS J131840.7+394143,199.6698754,39.6953099,J131840.77+394143.1,0.99
Obj_8651,5072360,EGIPS J123149.5+164208,187.9564107,16.7023127,J123149.54+164208.3,0.99
Obj_1702,6741242,EGIPS J021110.9+341116,32.7955328,34.1879999,J021110.93+341116.8,0.99
Obj_9108,1857921,EGIPS J125935.1+291017,194.8966146,29.1713935,J125935.19+291017.0,0.99
Obj_14237,65234,EGIPS J204223.4-172829,310.5978024,-17.4748418,J204223.47-172829.4,0.99
Obj_4530,4082680,EGIPS J075653.9+153434,119.224686,15.5762176,J075653.92+153434.4,0.99
Obj_11583,3568421,EGIPS J155156.4+094118,237.9853067,9.6883429,J155156.47+094118.0,0.99
Obj_5877,3745053,EGIPS J093923.7+642334,144.8491172,64.3930296,J093923.79+642334.9,0.99
Obj_8559,4011556,EGIPS J122628.9+470723,186.6205768,47.1232086,J122628.94+470723.6,0.99
Obj_14467,92644,EGIPS J210855.2-274811,317.2300799,-27.8031737,J210855.22-274811.4,0.99
Obj_8010,3546390,EGIPS J115246.2+503714,178.1925119,50.6206025,J115246.20+503714.2,0.99
Obj_2389,11693,EGIPS J030718.3-093645,46.8265794,-9.6125756,J030718.38-093645.3,0.99
Obj_13544,91641,EGIPS J184330.2+580746,280.8760946,58.1294736,J184330.26+580746.1,0.99
Obj_9980,2776535,EGIPS J135646.9+782558,209.1955991,78.4330517,J135646.94+782559.0,0.99
Obj_9979,1902804,EGIPS J135645.8+302449,209.1910487,30.4138014,J135645.85+302449.7,0.99
Obj_11857,3860263,EGIPS J160853.1+082925,242.22139,8.4904743,J160853.13+082925.7,0.99
Obj_2042,1020235,EGIPS J023906.6-072154,39.7775242,-7.3652353,J023906.61-072154.8,0.99
Obj_2680,1497325,EGIPS J033741.9+155726,54.4247036,15.957314,J033741.93+155726.3,0.99
Obj_6568,30680,EGIPS J102637.4+451441,156.6558505,45.2447479,J102637.40+451441.1,0.99
Obj_4349,       ,EGIPS J074226.0+570003,115.6087124,57.0009953,J074226.09+570003.6,0.99
Obj_8525,864871,EGIPS J122421.8-184137,186.0911849,-18.6938487,J122421.88-184137.9,0.99
Obj_389,836143,EGIPS J003028.2-205102,7.6176169,-20.8507655,J003028.23-205102.8,0.99
Obj_15338,3504633,EGIPS J223440.3+122207,338.6682567,12.3688139,J223440.38+122207.7,0.99
Obj_1850,2110615,EGIPS J022312.4+374948,35.8020468,37.8302218,J022312.49+374948.8,0.99
Obj_8111,91158,EGIPS J115845.8+412334,179.6909381,41.3929169,J115845.83+412334.5,0.99
Obj_6997,2102986,EGIPS J105427.5+373147,163.6149551,37.5297531,J105427.59+373147.1,0.99
Obj_9931,49335,EGIPS J135309.5+045738,208.2896337,4.960687,J135309.51+045738.5,0.99
Obj_2043,213061,EGIPS J023913.8+360322,39.8076456,36.0562044,J023913.83+360322.3,0.99
Obj_11573,91484,EGIPS J155106.0+502231,237.7753905,50.3754702,J155106.09+502231.7,0.99
Obj_12809,91590,EGIPS J171800.7+504518,259.5030345,50.7551945,J171800.73+504518.7,0.99
Obj_15335,69186,EGIPS J223422.2+413213,338.5926995,41.5370923,J223422.25+413213.5,0.99
Obj_1332,1182654,EGIPS J013919.8+010218,24.8328314,1.0385169,J013919.88+010218.7,0.99
Obj_14530,91699,EGIPS J211848.9+130209,319.7038453,13.0360457,J211848.92+130209.8,0.99
Obj_10611,91373,EGIPS J143730.3+202018,219.3763917,20.3385772,J143730.33+202018.9,0.99
Obj_4930,90843,EGIPS J082531.9+593038,126.3831317,59.5105645,J082531.95+593038.0,0.99
Obj_386,901474,EGIPS J002958.8-161042,7.4953143,-16.1785877,J002958.88-161042.9,0.99
Obj_4580,1467057,EGIPS J080021.2+144655,120.0885095,14.7819528,J080021.24+144655.0,0.99
Obj_1883,212983,EGIPS J022604.0+283006,36.5168139,28.5018722,J022604.04+283006.7,0.99
Obj_8208,157324,EGIPS J120457.8-103830,181.2408576,-10.6416828,J120457.81-103830.1,0.99
Obj_6678,1071216,EGIPS J103350.1-032637,158.4590982,-3.443781,J103350.18-032637.6,0.99
Obj_6182,90974,EGIPS J100046.0-051959,150.1917998,-5.3330703,J100046.03-051959.1,0.99
Obj_7774,91135,EGIPS J113803.5+792306,174.5148985,79.3850995,J113803.58+792306.4,0.99
Obj_8285,1123891,EGIPS J121002.0-011321,182.5086377,-1.2226036,J121002.07-011321.4,0.99
Obj_2470,92012,EGIPS J031601.4-243600,49.0062461,-24.6002594,J031601.50-243600.9,0.99
Obj_8288,92343,EGIPS J121008.4-270152,182.5353793,-27.0311541,J121008.49-270152.2,0.99
Obj_2118,       ,EGIPS J024455.1+041209,41.2296055,4.2027611,J024455.11+041209.9,0.99
Obj_8421,812035,EGIPS J121826.7-223444,184.6113532,-22.5790847,J121826.72-223444.7,0.99
Obj_6831,2570868,EGIPS J104416.6+574610,161.0692599,57.7695821,J104416.62+574610.5,0.99
Obj_6278,29343,EGIPS J100613.4+144206,151.5561233,14.7018488,J100613.47+144206.7,0.99
Obj_11764,56907,EGIPS J160409.0+425321,241.0378907,42.889262,J160409.09+425321.3,0.99
Obj_13460,2264888,EGIPS J183015.5+452600,277.5649518,45.4335172,J183015.59+452600.7,0.99
Obj_15367,164152,EGIPS J223650.1+013753,339.2088434,1.6315661,J223650.12+013753.6,0.99
Obj_1718,963758,EGIPS J021253.5-113641,33.2231019,-11.6116151,J021253.54-113641.8,0.99
Obj_4721,90824,EGIPS J081116.9+723502,122.8204789,72.5841117,J081116.91+723502.8,0.99
Obj_1370,90558,EGIPS J014326.9+355026,25.8621323,35.840599,J014326.91+355026.2,0.99
Obj_8585,1141146,EGIPS J122756.0-003135,186.9834302,-0.5266511,J122756.02-003135.9,0.99
Obj_1034,1629904,EGIPS J011514.2+203154,18.8093139,20.5317298,J011514.24+203154.2,0.99
Obj_11385,2069604,EGIPS J153629.2+354546,234.1217839,35.7628974,J153629.23+354546.4,0.99
Obj_15618,989821,EGIPS J225658.8-093203,344.2452928,-9.5341802,J225658.87-093203.0,0.99
Obj_2052,909841,EGIPS J023958.6-153224,39.9944814,-15.5402613,J023958.68-153224.9,0.99
Obj_8785,1052319,EGIPS J124044.3-045227,190.1846545,-4.8741926,J124044.32-045227.1,0.99
Obj_2080,2796960,EGIPS J024213.3+672330,40.555723,67.3918768,J024213.37+672330.8,0.99
Obj_2973,3678240,EGIPS J042340.3+125324,65.9182309,12.8901695,J042340.38+125324.6,0.99
Obj_11988,91514,EGIPS J161603.3+112851,244.0139843,11.4810414,J161603.36+112851.7,0.99
Obj_14251,65270,EGIPS J204416.5+865421,311.0689617,86.9060545,J204416.55+865421.8,0.99
Obj_6799,3354072,EGIPS J104229.2+605834,160.6217083,60.9761326,J104229.21+605834.1,0.99
Obj_782,       ,EGIPS J005802.7+125358,14.5114745,12.8996405,J005802.75+125358.7,0.99
Obj_5395,25429,EGIPS J090321.1-201405,135.8383182,-20.2347895,J090321.20-201405.2,0.99
Obj_3159,980800,EGIPS J044842.5-101339,72.177143,-10.2275042,J044842.51-101339.0,0.99
Obj_16065,91810,EGIPS J233328.8-021121,353.3702592,-2.1893309,J233328.86-021121.6,0.99
Obj_1147,144099,EGIPS J012409.8+001912,21.0410423,0.3201603,J012409.85+001912.6,0.99
Obj_6,133641,EGIPS J000025.0-260239,0.104443,-26.0444199,J000025.07-260239.9,0.99
Obj_7638,3772187,EGIPS J113028.7+360128,172.6195986,36.0246808,J113028.70+360128.9,0.99
Obj_11297,55225,EGIPS J152919.6+033604,232.332014,3.6012268,J152919.68+033604.4,0.99
Obj_4061,2191752,EGIPS J071334.9+420352,108.3954171,42.064504,J071334.90+420352.2,0.99
Obj_9013,874626,EGIPS J125412.6-175815,193.5529135,-17.9708376,J125412.70-175815.0,0.99
Obj_8911,91230,EGIPS J124851.1+285805,192.2133288,28.9681255,J124851.20+285805.3,0.99
Obj_9122,4107296,EGIPS J130026.6+142947,195.1110818,14.4965935,J130026.66+142947.7,0.99
Obj_10845,2578363,EGIPS J145410.3+582435,223.5432233,58.4097542,J145410.37+582435.1,0.99
Obj_24,91843,EGIPS J000214.6-125152,0.5612487,-12.8646223,J000214.70-125152.6,0.99
Obj_398,1892884,EGIPS J003115.0+300957,7.8128327,30.1660045,J003115.08+300957.6,0.99
Obj_9488,91283,EGIPS J132314.4+442558,200.8101774,44.4328268,J132314.44+442558.2,0.99
Obj_3876,19877,EGIPS J065551.7+135421,103.9656823,13.906019,J065551.76+135421.7,0.99
Obj_221,1008389,EGIPS J001708.5-080542,4.2856877,-8.0952621,J001708.57-080542.9,0.99
Obj_586,90497,EGIPS J004220.2-155923,10.5842591,-15.9899357,J004220.22-155923.8,0.99
Obj_4035,20358,EGIPS J071130.4+594241,107.8767564,59.7115152,J071130.42+594241.5,0.99
Obj_7191,91081,EGIPS J110525.9-100333,166.35794,-10.0592578,J110525.91-100333.3,0.99
Obj_14505,934555,EGIPS J211453.4-134128,318.7225695,-13.691143,J211453.42-134128.1,0.99
Obj_12989,2324334,EGIPS J173633.9+484359,264.1413083,48.7331363,J173633.91+484359.3,0.99
Obj_5893,4010261,EGIPS J094044.7+094354,145.1865487,9.7318154,J094044.77+094354.5,0.99
Obj_12985,60543,EGIPS J173605.9+680920,264.0246169,68.1557911,J173605.91+680920.8,0.99
Obj_8574,5084277,EGIPS J122706.5+210223,186.7772154,21.0398727,J122706.53+210223.5,0.99
Obj_10974,1833096,EGIPS J150324.5+282031,225.8524273,28.3420068,J150324.58+282031.2,0.98
Obj_15085,3958540,EGIPS J221320.7+071859,333.3362555,7.3165852,J221320.70+071859.7,0.98
Obj_7856,1364462,EGIPS J114257.6+092339,175.7403825,9.3942909,J114257.69+092339.4,0.98
Obj_12514,1661736,EGIPS J165320.8+220033,253.3367092,22.0091861,J165320.81+220033.1,0.98
Obj_12714,       ,EGIPS J170836.6+043032,257.1526693,4.5089423,J170836.64+043032.2,0.98
Obj_7717,3360958,EGIPS J113434.5+642839,173.6437547,64.4775627,J113434.50+642839.2,0.98
Obj_4933,5083599,EGIPS J082554.7+114354,126.4781693,11.7317815,J082554.76+114354.4,0.98
Obj_8422,91187,EGIPS J121827.6+124147,184.6152433,12.6964342,J121827.66+124147.2,0.98
Obj_3734,784988,EGIPS J063600.8-245335,99.0037022,-24.8931929,J063600.89-245335.5,0.98
Obj_6785,1570626,EGIPS J104127.5+184753,160.3646193,18.7981262,J104127.51+184753.3,0.98
Obj_6091,90962,EGIPS J095507.1-160407,148.7796228,-16.0687021,J095507.11-160407.3,0.98
Obj_12888,       ,EGIPS J172623.0+082521,261.5961955,8.4225174,J172623.09+082521.1,0.98
Obj_9260,91259,EGIPS J130814.4+435529,197.0600861,43.9247322,J130814.42+435529.0,0.98
Obj_7182,1062368,EGIPS J110500.8-040810,166.2534719,-4.1362773,J110500.83-040810.6,0.98
Obj_8318,1453295,EGIPS J121134.5+141457,182.894029,14.2494281,J121134.57+141457.9,0.98
Obj_2495,12253,EGIPS J031750.3+415803,49.4599695,41.9676287,J031750.39+415803.5,0.98
Obj_804,91908,EGIPS J005933.0-220834,14.8876178,-22.1428104,J005933.03-220834.1,0.98
Obj_14676,5072488,EGIPS J213556.9+051349,323.9872605,5.230387,J213556.94+051349.4,0.98
Obj_9794,48678,EGIPS J134421.5+555121,206.0898346,55.8559831,J134421.56+555121.5,0.98
Obj_14753,93016,EGIPS J214438.4+065736,326.1601093,6.9601196,J214438.43+065736.4,0.98
Obj_4562,2055614,EGIPS J075859.5+345120,119.7479887,34.8556289,J075859.52+345120.3,0.98
Obj_15542,3969832,EGIPS J225016.1+085315,342.5673764,8.8875601,J225016.17+085315.2,0.98
Obj_4919,23609,EGIPS J082444.9+465426,126.1874007,46.9073496,J082444.98+465426.5,0.98
Obj_14779,91716,EGIPS J214742.2-122112,326.9258461,-12.3536045,J214742.20-122113.0,0.98
Obj_15324,167939,EGIPS J223323.5+521431,338.3479474,52.2421316,J223323.51+521431.7,0.98
Obj_10996,91409,EGIPS J150438.9-181337,226.1623473,-18.2269762,J150438.96-181337.1,0.98
Obj_1570,1754798,EGIPS J020000.2+255440,30.00094,25.9112188,J020000.23+255440.4,0.98
Obj_799,5741199,EGIPS J005910.7-044930,14.7946169,-4.8251404,J005910.71-044930.5,0.98
Obj_5019,152778,EGIPS J083252.5-042723,128.2190719,-4.4566284,J083252.58-042723.9,0.98
Obj_5737,26871,EGIPS J092811.3+645604,142.0473708,64.934619,J092811.37+645604.6,0.98
Obj_4670,79815,EGIPS J080701.0-135152,121.7544071,-13.8645172,J080701.06-135152.3,0.98
Obj_15445,       ,EGIPS J224214.2+444004,340.5593694,44.6678194,J224214.25+444004.1,0.98
Obj_9613,2039711,EGIPS J133043.4+335018,202.6812473,33.8385762,J133043.50+335018.9,0.98
Obj_3201,1203912,EGIPS J045429.4+014329,73.6227795,1.7249004,J045429.47+014329.6,0.98
Obj_5498,25912,EGIPS J091135.6+300439,137.8985592,30.077568,J091135.65+300439.2,0.98
Obj_4892,81065,EGIPS J082235.9-215845,125.6497136,-21.9792922,J082235.93-215845.5,0.98
Obj_255,1782095,EGIPS J002025.1+263604,5.1046848,26.6011424,J002025.12+263604.1,0.98
Obj_4308,2034510,EGIPS J073753.0+333315,114.4709595,33.5542758,J073753.03+333315.4,0.98
Obj_13158,       ,EGIPS J175305.1+314429,268.2713107,31.7415551,J175305.11+314429.6,0.98
Obj_6429,30063,EGIPS J101738.9+642330,154.4121195,64.391716,J101738.91+642330.2,0.98
Obj_8853,1177370,EGIPS J124431.6+005121,191.1318019,0.855965,J124431.63+005121.5,0.98
Obj_4954,1521871,EGIPS J082727.8+165919,126.8659115,16.9886953,J082727.82+165919.3,0.98
Obj_9426,2645868,EGIPS J131846.4+625432,199.6936369,62.908997,J131846.47+625432.4,0.98
Obj_9087,1211720,EGIPS J125803.5+015803,194.514726,1.9675956,J125803.53+015803.3,0.98
Obj_8093,91157,EGIPS J115729.5-035320,179.3733145,-3.8890614,J115729.60-035320.6,0.98
Obj_10292,2346044,EGIPS J141517.6+493233,213.823749,49.5425215,J141517.70+493233.1,0.98
Obj_10273,184553,EGIPS J141416.7-131609,213.5699275,-13.2692781,J141416.78-131609.4,0.98
Obj_5572,4195310,EGIPS J091706.6+193752,139.2778113,19.6311818,J091706.67+193752.3,0.98
Obj_7428,4000647,EGIPS J111748.0+630647,169.4500475,63.1131404,J111748.01+630647.3,0.98
Obj_8331,1684389,EGIPS J121228.4+231602,183.1184818,23.2673673,J121228.44+231602.5,0.98
Obj_3042,75206,EGIPS J043306.5-133556,68.2772403,-13.5991189,J043306.54-133556.8,0.98
Obj_9472,1036274,EGIPS J132211.5-060839,200.5482182,-6.1443322,J132211.57-060839.6,0.98
Obj_12479,       ,EGIPS J165020.3+143233,252.5848165,14.5426243,J165020.36+143233.4,0.98
Obj_13657,2313555,EGIPS J190637.1+481516,286.6549984,48.254476,J190637.20+481516.1,0.98
Obj_7766,156750,EGIPS J113725.4-014714,174.3559897,-1.7872643,J113725.44-014714.2,0.98
Obj_11698,4013195,EGIPS J160005.4+033441,240.022783,3.5781507,J160005.47+033441.3,0.98
Obj_10733,1720616,EGIPS J144554.6+245608,221.4776473,24.9356262,J144554.64+245608.3,0.98
Obj_6493,3281118,EGIPS J102149.8-001009,155.4577745,-0.16931,J102149.87-001009.5,0.98
Obj_5902,27681,EGIPS J094132.2+112447,145.3842595,11.4130839,J094132.22+112447.1,0.98
Obj_14286,65404,EGIPS J204806.2-301335,312.0258523,-30.2264825,J204806.20-301335.3,0.98
Obj_15654,1654148,EGIPS J225931.9+213819,344.8831455,21.6386723,J225931.95+213819.2,0.98
Obj_15210,997487,EGIPS J222324.8-085522,335.8536338,-8.9230312,J222324.87-085522.9,0.98
Obj_13479,62037,EGIPS J183339.6+320823,278.4150998,32.1398306,J183339.62+320823.4,0.98
Obj_12653,1869654,EGIPS J170323.0+293235,255.8458511,29.5430878,J170323.00+293235.1,0.98
Obj_8153,91162,EGIPS J120117.3+311641,180.3222084,31.2781246,J120117.33+311641.2,0.98
Obj_16144,1633944,EGIPS J233939.3+204156,354.9141215,20.6991303,J233939.39+204156.9,0.98
Obj_10295,1870740,EGIPS J141521.4+293434,213.8395745,29.576264,J141521.50+293434.6,0.98
Obj_14957,1085800,EGIPS J220405.1-023955,331.0215506,-2.6653725,J220405.17-023955.3,0.98
Obj_1478,       ,EGIPS J015206.7+343212,28.0282535,34.5367958,J015206.78+343212.5,0.98
Obj_12522,91562,EGIPS J165356.6-043506,253.4861175,-4.5851265,J165356.67-043506.5,0.98
Obj_7411,1715761,EGIPS J111659.9+244555,169.2498766,24.7654235,J111659.97+244555.5,0.98
Obj_13279,91619,EGIPS J180412.1+450347,271.0505906,45.0631995,J180412.14+450347.5,0.98
Obj_12376,2724342,EGIPS J164258.1+684947,250.7420886,68.8299322,J164258.10+684947.8,0.98
Obj_7931,36778,EGIPS J114728.2+180313,176.8676354,18.0537137,J114728.23+180313.4,0.98
Obj_14453,       ,EGIPS J210734.5-051102,316.8941063,-5.1839074,J210734.59-051102.1,0.98
Obj_12950,2643094,EGIPS J173248.8+624621,263.2035887,62.7727218,J173248.86+624621.8,0.98
Obj_5958,       ,EGIPS J094547.4-103635,146.4478198,-10.6098025,J094547.48-103635.3,0.98
Obj_6924,3761494,EGIPS J105042.6+235343,162.6778465,23.895279,J105042.68+235343.0,0.98
Obj_12826,2187116,EGIPS J171944.5+414814,259.9354267,41.8039773,J171944.50+414814.3,0.98
Obj_10204,813338,EGIPS J141050.5-222941,212.7107939,-22.4947438,J141050.59-222941.1,0.98
Obj_14839,1496148,EGIPS J215247.0+155427,328.1959188,15.907613,J215247.02+155427.4,0.98
Obj_8604,1935257,EGIPS J122843.9+311047,187.182946,31.179972,J122843.91+311047.9,0.98
Obj_11239,2771308,EGIPS J152442.2+763009,231.1759566,76.5026019,J152442.23+763009.4,0.98
Obj_4109,1397306,EGIPS J071720.9+114119,109.337305,11.6886392,J071720.95+114119.1,0.98
Obj_4708,3727375,EGIPS J081010.3+613157,122.5429483,61.5325047,J081010.31+613157.0,0.98
Obj_9205,2158676,EGIPS J130435.3+395838,196.1471563,39.9773978,J130435.32+395838.6,0.98
Obj_8351,       ,EGIPS J121349.5-252847,183.4563487,-25.4797422,J121349.52-252847.1,0.98
Obj_4662,1357743,EGIPS J080617.5+090004,121.5730403,9.0013623,J080617.53+090004.9,0.98
Obj_484,1826334,EGIPS J003750.4+280600,9.4600911,28.1001004,J003750.42+280600.4,0.98
Obj_4450,2244794,EGIPS J075153.4+442727,117.9727286,44.4576022,J075153.45+442727.4,0.98
Obj_9801,1864978,EGIPS J134433.5+292349,206.1396494,29.3971722,J134433.52+292349.8,0.98
Obj_15866,3978926,EGIPS J231653.8+390435,349.2243194,39.0765331,J231653.84+390435.5,0.98
Obj_2914,1004850,EGIPS J041419.5-082055,63.5814028,-8.3487671,J041419.54-082055.6,0.98
Obj_4379,21729,EGIPS J074543.4+530104,116.4311337,53.0179239,J074543.47+530104.5,0.98
Obj_5066,1520082,EGIPS J083554.9+165449,128.9790206,16.9137221,J083554.96+165449.4,0.98
Obj_95,1725914,EGIPS J000708.0+250655,1.7834861,25.115301,J000708.04+250655.1,0.98
Obj_5942,27896,EGIPS J094431.7-270625,146.1322768,-27.1071265,J094431.75-270625.7,0.98
Obj_14828,1333978,EGIPS J215152.8+075409,327.9701672,7.9026599,J215152.84+075409.6,0.98
Obj_12539,91568,EGIPS J165529.5+180257,253.8729516,18.0493105,J165529.51+180257.5,0.98
Obj_11438,91470,EGIPS J154125.5+533343,235.3563674,53.5621425,J154125.53+533343.7,0.98
Obj_4917,4562289,EGIPS J082440.7+152743,126.1698831,15.4621405,J082440.77+152743.7,0.98
Obj_13746,4667426,EGIPS J192257.3-265240,290.7389833,-26.8778975,J192257.36-265240.4,0.98
Obj_16222,1655723,EGIPS J234444.1+214304,356.1839152,21.7178645,J234444.14+214304.3,0.98
Obj_14661,1457610,EGIPS J213359.4+142510,323.4977084,14.4194462,J213359.45+142510.0,0.98
Obj_8935,1029635,EGIPS J124959.6-064300,192.4983375,-6.7166672,J124959.60-064300.0,0.98
Obj_15016,92726,EGIPS J220822.1-212749,332.0921222,-21.4637723,J220822.11-212749.6,0.98
Obj_1262,5757,EGIPS J013239.8+114946,23.1661714,11.8295778,J013239.88+114946.5,0.98
Obj_12824,1827083,EGIPS J171931.7+280739,259.8824836,28.1276673,J171931.80+280739.6,0.98
Obj_14322,895772,EGIPS J205225.9-163734,313.1082413,-16.6262803,J205225.98-163734.6,0.98
Obj_10637,91379,EGIPS J143939.9+093037,219.9166441,9.5103983,J143939.99+093037.4,0.98
Obj_4443,2208853,EGIPS J075103.8+425455,117.7662297,42.9154421,J075103.90+425455.6,0.98
Obj_12085,2571344,EGIPS J162208.7+574846,245.5366655,57.8130294,J162208.80+574846.9,0.98
Obj_3617,18487,EGIPS J060856.2-290919,92.234328,-29.1554217,J060856.24-290919.5,0.98
Obj_8126,2318805,EGIPS J115952.2+482951,179.967687,48.4975962,J115952.24+482951.3,0.98
Obj_14620,188765,EGIPS J212935.3-211922,322.397485,-21.3227922,J212935.40-211922.1,0.98
Obj_1884,1757235,EGIPS J022605.7+255804,36.5239249,25.9678276,J022605.74+255804.2,0.98
Obj_15596,948407,EGIPS J225518.1-124355,343.825778,-12.7319735,J225518.19-124355.1,0.98
Obj_12460,91556,EGIPS J164824.7+604211,252.1032815,60.7033062,J164824.79+604211.9,0.98
Obj_3607,4666836,EGIPS J060658.6+434831,91.7442175,43.8087835,J060658.61+434831.6,0.98
Obj_2251,10983,EGIPS J025446.2+153928,43.6928277,15.6578658,J025446.28+153928.3,0.98
Obj_9522,91287,EGIPS J132525.6+044600,201.35688,4.7667048,J132525.65+044600.1,0.98
Obj_5826,92260,EGIPS J093604.3-203849,144.0180875,-20.6471018,J093604.34-203849.6,0.98
Obj_1055,4650,EGIPS J011736.8+490042,19.4036343,49.0119404,J011736.87+490043.0,0.98
Obj_14108,1108259,EGIPS J202420.8-015111,306.0869321,-1.853223,J202420.86-015111.6,0.98
Obj_5255,24835,EGIPS J085032.8+662915,132.6368288,66.4876598,J085032.84+662915.6,0.98
Obj_13238,2084081,EGIPS J180037.6+363752,270.1570199,36.6312778,J180037.68+363752.6,0.98
Obj_11144,3843627,EGIPS J151733.8+290722,229.3908935,29.1229531,J151733.81+290722.6,0.98
Obj_14987,68024,EGIPS J220604.2-261106,331.517582,-26.1850107,J220604.22-261106.0,0.98
Obj_2856,859760,EGIPS J040214.9-190602,60.5624949,-19.1006206,J040215.00-190602.2,0.98
Obj_1198,90550,EGIPS J012731.3-102346,21.8804616,-10.3963432,J012731.31-102346.8,0.98
Obj_11415,95933,EGIPS J153921.0+212941,234.8376591,21.4949322,J153921.04+212941.8,0.98
Obj_3887,1732689,EGIPS J065725.3+251937,104.3556966,25.3271439,J065725.37+251937.7,0.98
Obj_16360,3991956,EGIPS J235426.1+111120,358.6090494,11.1890721,J235426.17+111120.7,0.98
Obj_5975,1357553,EGIPS J094705.6+085927,146.773606,8.9910072,J094705.67+085927.6,0.98
Obj_13298,2174341,EGIPS J180649.1+410042,271.7049,41.0117773,J180649.18+410042.4,0.98
Obj_16123,936477,EGIPS J233805.8-133253,354.5242319,-13.5482453,J233805.82-133253.7,0.98
Obj_9817,1141131,EGIPS J134515.4-003139,206.3143618,-0.5277181,J134515.45-003139.8,0.98
Obj_14702,1276321,EGIPS J213852.4+045859,324.7183614,4.9830833,J213852.41+045859.1,0.98
Obj_5952,787748,EGIPS J094514.2-243815,146.3093997,-24.6377328,J094514.26-243815.8,0.98
Obj_476,5072252,EGIPS J003703.2+253856,9.2635664,25.6490499,J003703.26+253856.6,0.98
Obj_1171,1949815,EGIPS J012523.8+312936,21.3494404,31.4933671,J012523.87+312936.1,0.98
Obj_13212,2129281,EGIPS J175806.0+383100,269.5252379,38.5169225,J175806.06+383100.9,0.98
Obj_8973,183365,EGIPS J125218.8-223138,193.0785026,-22.5273901,J125218.84-223138.6,0.98
Obj_6634,1388037,EGIPS J103102.9+110226,157.7622802,11.040595,J103102.95+110226.1,0.98
Obj_15908,1503349,EGIPS J231935.3+161229,349.8974396,16.2081871,J231935.39+161229.5,0.98
Obj_2510,90670,EGIPS J031919.4+023224,49.8312336,2.5402426,J031919.50+023224.9,0.98
Obj_1499,92845,EGIPS J015407.6+333132,28.5319295,33.5257077,J015407.66+333132.5,0.98
Obj_15405,167825,EGIPS J223925.6+470815,339.8567619,47.137553,J223925.62+470815.2,0.98
Obj_2570,2064624,EGIPS J032527.3+352644,51.3639558,35.4455688,J032527.35+352644.0,0.98
Obj_12606,1619536,EGIPS J170050.7+201140,255.2113099,20.1944675,J170050.71+201140.1,0.98
Obj_6807,1565424,EGIPS J104244.0+183803,160.6837006,18.6342072,J104244.09+183803.1,0.98
Obj_2536,1134241,EGIPS J032200.3-004825,50.5013141,-0.807041,J032200.32-004825.3,0.98
Obj_8282,38670,EGIPS J120949.1+774435,182.4549299,77.743064,J120949.18+774435.0,0.98
Obj_6185,797591,EGIPS J100101.7-234420,150.2573721,-23.7390851,J100101.77-234420.7,0.98
Obj_240,1977953,EGIPS J001906.6+320314,4.7775504,32.0540905,J001906.61+320314.7,0.98
Obj_12297,4013435,EGIPS J163633.5+240739,249.1397125,24.1275626,J163633.53+240739.2,0.98
Obj_13221,       ,EGIPS J175920.9+613203,269.8371042,61.5344066,J175920.91+613203.9,0.98
Obj_448,1003384,EGIPS J003518.2-082751,8.8259449,-8.4642027,J003518.23-082751.1,0.98
Obj_15806,       ,EGIPS J231114.0+173637,347.808672,17.6103484,J231114.08+173637.3,0.98
Obj_6271,2352325,EGIPS J100546.3+494513,151.4431544,49.7537691,J100546.36+494513.6,0.98
Obj_16302,72583,EGIPS J235038.3+142851,357.6596042,14.4808644,J235038.31+142851.1,0.98
Obj_15397,1097886,EGIPS J223847.1-021406,339.6964285,-2.2351789,J223847.14-021406.6,0.98
Obj_10245,91343,EGIPS J141312.0-072647,213.3000849,-7.4464868,J141312.02-072647.4,0.98
Obj_11261,4118411,EGIPS J152638.3+285158,231.659728,28.8663163,J152638.33+285158.7,0.98
Obj_722,91904,EGIPS J005650.9-255329,14.2121659,-25.891511,J005650.92-255329.4,0.98
Obj_12075,1459029,EGIPS J162133.3+142822,245.3887817,14.4728576,J162133.31+142822.3,0.98
Obj_3865,2258249,EGIPS J065435.5+450408,103.6479952,45.0690686,J065435.52+450408.6,0.98
Obj_4089,2184324,EGIPS J071558.8+413820,108.9951108,41.6391137,J071558.83+413820.8,0.98
Obj_10283,3350204,EGIPS J141446.9+025731,213.6955636,2.9586694,J141446.94+025731.2,0.98
Obj_6654,5089111,EGIPS J103155.5+171411,157.9815287,17.2364858,J103155.57+171411.3,0.98
Obj_10716,1663738,EGIPS J144506.4+220644,221.2767921,22.1122985,J144506.43+220644.3,0.98
Obj_81,1451356,EGIPS J000629.2+141056,1.6219566,14.1823423,J000629.27+141056.4,0.98
Obj_8107,5072283,EGIPS J115823.6+243710,179.5983577,24.6196832,J115823.61+243710.9,0.98
Obj_1378,966082,EGIPS J014415.7-112447,26.0655636,-11.4131001,J014415.74-112447.2,0.98
Obj_5903,1307458,EGIPS J094142.6+064710,145.4276318,6.7862016,J094142.63+064710.3,0.98
Obj_7023,3098210,EGIPS J105547.7+094327,163.9489534,9.7244367,J105547.75+094328.0,0.98
Obj_13239,2193940,EGIPS J180048.1+421110,270.2004608,42.1862987,J180048.11+421110.7,0.98
Obj_6349,1586463,EGIPS J101119.5+191625,152.8313703,19.273637,J101119.53+191625.1,0.98
Obj_8489,       ,EGIPS J122238.5+474044,185.6607989,47.6791251,J122238.59+474044.9,0.98
Obj_5314,2100670,EGIPS J085533.3+372605,133.8888287,37.4348398,J085533.32+372605.4,0.98
Obj_3838,19739,EGIPS J065136.9+152247,102.9039679,15.3799414,J065136.95+152247.8,0.98
Obj_8987,43733,EGIPS J125255.9+111351,193.2332461,11.2310537,J125255.98+111351.8,0.98
Obj_2039,10019,EGIPS J023842.3+065433,39.6764486,6.9092082,J023842.35+065433.1,0.98
Obj_11977,1186534,EGIPS J161510.5+010957,243.7940994,1.1658443,J161510.58+010957.0,0.98
Obj_9535,83974,EGIPS J132612.6-272736,201.5525247,-27.4600183,J132612.61-272736.1,0.98
Obj_11475,1348198,EGIPS J154357.4+083016,235.9892312,8.5045434,J154357.42+083016.4,0.98
Obj_11301,55241,EGIPS J152943.8-261153,232.432639,-26.1982561,J152943.83-261153.7,0.98
Obj_6496,3754607,EGIPS J102156.2+244211,155.4842769,24.7032707,J102156.23+244211.8,0.98
Obj_6092,90963,EGIPS J095517.0-154916,148.8209534,-15.821356,J095517.03-154916.9,0.98
Obj_10771,91388,EGIPS J144813.7+130945,222.0571579,13.162544,J144813.72+130945.2,0.98
Obj_1520,988223,EGIPS J015612.2-093912,29.0508445,-9.6533662,J015612.20-093912.1,0.98
Obj_2457,90665,EGIPS J031425.0+020735,48.6041963,2.1264312,J031425.01+020735.2,0.98
Obj_2794,90696,EGIPS J035216.3+132419,58.0681927,13.4054462,J035216.37+132419.6,0.98
Obj_10796,91392,EGIPS J145022.8+120046,222.5953783,12.0129427,J145022.89+120046.6,0.98
Obj_11889,3860792,EGIPS J161024.3-031724,242.6014251,-3.2902556,J161024.34-031724.9,0.98
Obj_6235,2379339,EGIPS J100347.6+504010,150.9485033,50.669579,J100347.64+504010.5,0.98
Obj_11882,57347,EGIPS J160959.6+320703,242.4984502,32.1175915,J160959.63+320703.3,0.98
Obj_10929,3838226,EGIPS J150007.5+094836,225.0315394,9.8100101,J150007.57+094836.0,0.98
Obj_5408,25450,EGIPS J090400.8-000519,136.003697,-0.0886216,J090400.89-000519.0,0.98
Obj_1914,730732,EGIPS J022830.8-291920,37.1284301,-29.3223552,J022830.82-291920.5,0.98
Obj_3497,764859,EGIPS J054423.0-264223,86.0958743,-26.7064662,J054423.01-264223.3,0.98
Obj_14523,759468,EGIPS J211731.3-270731,319.3806602,-27.1254759,J211731.36-270731.7,0.98
Obj_11627,2740255,EGIPS J155501.0+710205,238.7541963,71.0348033,J155501.01+710205.3,0.98
Obj_10089,50094,EGIPS J140335.9-020754,210.8996427,-2.1317338,J140335.91-020754.2,0.98
Obj_14177,64962,EGIPS J203339.0-183439,308.4125771,-18.5776982,J203339.02-183439.7,0.98
Obj_9169,2079237,EGIPS J130255.9+362116,195.7330996,36.3545977,J130255.94+362116.6,0.98
Obj_1298,2241686,EGIPS J013556.7+441928,23.9864314,44.3245788,J013556.74+441928.5,0.98
Obj_15783,       ,EGIPS J230938.6+042727,347.4108873,4.4575524,J230938.61+042727.2,0.98
Obj_5890,90935,EGIPS J094019.4+334838,145.0809796,33.8106475,J094019.44+334838.3,0.98
Obj_2588,90679,EGIPS J032719.7+035512,51.8324732,3.9202277,J032719.79+035512.8,0.98
Obj_6533,1546561,EGIPS J102428.4+175803,156.1186586,17.9676061,J102428.48+175803.4,0.98
Obj_11608,4568087,EGIPS J155348.1+070639,238.4508258,7.1110328,J155348.20+070639.7,0.98
Obj_13364,1745345,EGIPS J181533.3+254032,273.8887764,25.6758046,J181533.31+254032.9,0.98
Obj_15278,       ,EGIPS J222940.0+032925,337.416959,3.4904082,J222940.07+032925.5,0.98
Obj_4952,1391327,EGIPS J082713.5+111653,126.8063642,11.2815039,J082713.53+111653.4,0.98
Obj_5016,2176425,EGIPS J083227.5+410848,128.1149703,41.1467101,J083227.59+410848.2,0.98
Obj_9000,91233,EGIPS J125339.8-120315,193.4158431,-12.054367,J125339.80-120315.7,0.98
Obj_2554,90673,EGIPS J032403.9+150609,51.0164321,15.102531,J032403.94+150609.1,0.98
Obj_937,1340538,EGIPS J010825.6+080946,17.106746,8.1630018,J010825.62+080946.8,0.98
Obj_12915,       ,EGIPS J172858.3+182534,262.2430061,18.4263487,J172858.32+182534.9,0.98
Obj_13838,2180049,EGIPS J193945.2+412210,294.9385639,41.3696952,J193945.26+412210.9,0.98
Obj_1404,3369066,EGIPS J014610.5-094722,26.5438545,-9.7896326,J014610.53-094722.7,0.98
Obj_12096,5087724,EGIPS J162246.9+181704,245.6955975,18.2844888,J162246.94+181704.2,0.98
Obj_1201,5436,EGIPS J012735.8-010618,21.8995511,-1.1050421,J012735.89-010618.2,0.98
Obj_4512,2234838,EGIPS J075527.3+440145,118.863765,44.0293506,J075527.30+440145.7,0.98
Obj_258,826312,EGIPS J002034.7-213506,5.1446774,-21.5850859,J002034.72-213506.3,0.98
Obj_12209,1375414,EGIPS J163023.5+100926,247.5981451,10.157364,J163023.55+100926.5,0.98
Obj_11632,       ,EGIPS J155518.6+040121,238.8277813,4.0226699,J155518.67+040121.6,0.98
Obj_424,1105212,EGIPS J003324.1-015804,8.3504368,-1.9679444,J003324.10-015804.6,0.98
Obj_9253,1040720,EGIPS J130744.7-054540,196.936296,-5.7612602,J130744.71-054540.5,0.98
Obj_11556,5072426,EGIPS J154951.7+160402,237.4656168,16.0674237,J154951.75+160402.7,0.98
Obj_12890,91597,EGIPS J172640.0+742512,261.6668519,74.4202627,J172640.04+742512.9,0.98
Obj_1178,212758,EGIPS J012543.7+080224,21.4323122,8.0401666,J012543.75+080224.6,0.98
Obj_8105,1758732,EGIPS J115822.5+260011,179.5939122,26.0030916,J115822.54+260011.1,0.98
Obj_10489,3560944,EGIPS J142925.7+362345,217.3573401,36.3959806,J142925.76+362345.5,0.98
Obj_450,1233969,EGIPS J003522.5+023951,8.8438538,2.6642841,J003522.52+023951.4,0.98
Obj_12736,1647955,EGIPS J171126.1+212014,257.8590847,21.3374518,J171126.18+212014.8,0.98
Obj_779,3454,EGIPS J005747.8-050643,14.4494405,-5.1121215,J005747.87-050643.6,0.98
Obj_814,3607492,EGIPS J010020.5+185955,15.0856712,18.998816,J010020.56+185955.7,0.98
Obj_7385,2084482,EGIPS J111540.2+363911,168.9178996,36.6530663,J111540.30+363911.0,0.98
Obj_10934,53607,EGIPS J150032.6+491028,225.1361022,49.1744808,J150032.66+491028.1,0.98
Obj_9868,1645289,EGIPS J134844.7+211253,207.1865916,21.2147996,J134844.78+211253.3,0.98
Obj_2167,10598,EGIPS J024806.6-294212,42.0275768,-29.7035986,J024806.62-294213.0,0.98
Obj_8892,3094110,EGIPS J124715.9-183315,191.8166499,-18.5542236,J124716.00-183315.2,0.98
Obj_2455,1471796,EGIPS J031421.9+145811,48.5916642,14.9698881,J031422.00+145811.6,0.98
Obj_1940,90617,EGIPS J023016.0+344121,37.5670173,34.6892661,J023016.08+344121.4,0.98
Obj_1594,1018652,EGIPS J020158.3-072728,30.4932526,-7.4579735,J020158.38-072728.7,0.98
Obj_12000,1861220,EGIPS J161700.1+291629,244.2504819,29.2748263,J161700.12+291629.4,0.98
Obj_1323,6060,EGIPS J013818.8-210720,24.578595,-21.1224971,J013818.86-210721.0,0.98
Obj_8677,41702,EGIPS J123321.9-284335,188.341569,-28.7266315,J123321.98-284335.9,0.98
Obj_14558,       ,EGIPS J212216.2+125613,320.5675548,12.9371909,J212216.21+125613.9,0.98
Obj_14836,966093,EGIPS J215238.9-112443,328.1623558,-11.4120944,J215238.97-112443.5,0.98
Obj_11931,2534834,EGIPS J161242.1+562242,243.1755405,56.3783943,J161242.13+562242.2,0.98
Obj_2070,3642360,EGIPS J024138.2+064633,40.4094762,6.7760236,J024138.27+064633.7,0.98
Obj_3957,       ,EGIPS J070442.8+490946,106.178406,49.1628349,J070442.82+490946.2,0.98
Obj_13886,4078500,EGIPS J194557.2-125820,296.4887282,-12.9724307,J194557.29-125820.8,0.98
Obj_16148,       ,EGIPS J233947.5-064719,354.9480142,-6.7886791,J233947.52-064719.2,0.98
Obj_10897,184821,EGIPS J145738.4-081501,224.4102986,-8.2505351,J145738.47-081501.9,0.98
Obj_15760,70540,EGIPS J230749.2+082916,346.9551989,8.4879041,J230749.25+082916.5,0.98
Obj_10426,1671868,EGIPS J142615.1+223228,216.5630241,22.5413386,J142615.13+223228.8,0.98
Obj_13385,1665576,EGIPS J181821.5+221225,274.5897146,22.2070039,J181821.53+221225.2,0.98
Obj_181,90467,EGIPS J001426.0+071800,3.6086346,7.3001614,J001426.07+071800.6,0.98
Obj_7330,1027572,EGIPS J111319.0-065226,168.3292344,-6.8740071,J111319.02-065226.4,0.98
Obj_2047,10064,EGIPS J023933.1+173746,39.888003,17.6295386,J023933.12+173746.3,0.98
Obj_1834,4666453,EGIPS J022130.5+444958,35.3771851,44.833003,J022130.52+444958.8,0.98
Obj_7517,34913,EGIPS J112235.3+204214,170.6473172,20.7041519,J112235.36+204214.9,0.98
Obj_7424,2017409,EGIPS J111740.3+325518,169.4180824,32.92171,J111740.34+325518.2,0.98
Obj_2999,880838,EGIPS J042726.7-173509,66.8615866,-17.5859421,J042726.78-173509.4,0.98
Obj_7604,3771527,EGIPS J112824.2+333739,172.1009103,33.6276557,J112824.22+333739.6,0.98
Obj_9785,       ,EGIPS J134334.2+264403,205.8925036,26.7342862,J134334.20+264403.4,0.98
Obj_5252,928064,EGIPS J085013.7-141022,132.5573293,-14.1728183,J085013.76-141022.1,0.98
Obj_13985,4666347,EGIPS J200223.8+553216,300.5991887,55.538008,J200223.81+553216.8,0.98
Obj_14362,864693,EGIPS J205721.7-184231,314.3406294,-18.7087983,J205721.75-184231.7,0.98
Obj_13476,62020,EGIPS J183311.4+525654,278.2978722,52.9485821,J183311.49+525654.9,0.98
Obj_15976,71386,EGIPS J232511.3+151159,351.2973004,15.1999138,J232511.35+151159.7,0.98
Obj_1009,1264097,EGIPS J011342.0+040837,18.4253905,4.1436868,J011342.09+040837.3,0.98
Obj_14473,929669,EGIPS J210939.2-140257,317.4137105,-14.0492862,J210939.29-140257.4,0.98
Obj_5245,2761313,EGIPS J084934.4+741738,132.393494,74.2939496,J084934.44+741738.2,0.98
Obj_545,90488,EGIPS J004037.5+054350,10.1563363,5.7307632,J004037.52+054350.7,0.98
Obj_7384,1059004,EGIPS J111539.3-042243,168.9137929,-4.3788447,J111539.31-042243.8,0.98
Obj_9324,3803955,EGIPS J131200.3+245853,198.0013481,24.9815564,J131200.32+245853.6,0.98
Obj_8206,91167,EGIPS J120449.7+321543,181.2071665,32.262046,J120449.72+321543.4,0.98
Obj_12569,1828500,EGIPS J165742.2+281043,254.4258761,28.1787802,J165742.21+281043.6,0.98
Obj_14248,1209952,EGIPS J204344.0+015438,310.9334844,1.9105669,J204344.04+015438.0,0.98
Obj_12257,4556200,EGIPS J163335.1+123918,248.3963858,12.6551577,J163335.13+123918.6,0.98
Obj_11570,2053214,EGIPS J155045.8+344205,237.6911931,34.7016115,J155045.89+344205.8,0.98
Obj_2259,2266029,EGIPS J025522.2+453015,43.8425907,45.5043938,J025522.22+453015.8,0.98
Obj_13206,3892667,EGIPS J175726.4+211139,269.3603537,21.1943403,J175726.48+211139.6,0.98
Obj_13149,2157337,EGIPS J175219.4+395332,268.0811044,39.8924108,J175219.47+395332.7,0.98
Obj_14930,1094258,EGIPS J220130.9-022136,330.3790062,-2.3602722,J220130.96-022137.0,0.98
Obj_7148,2101163,EGIPS J110257.8+372720,165.7411145,37.4556611,J110257.87+372720.4,0.98
Obj_12961,1459943,EGIPS J173350.6+143023,263.4611199,14.5065317,J173350.67+143023.5,0.98
Obj_13976,788629,EGIPS J200021.2-243352,300.088648,-24.564583,J200021.28-243352.5,0.98
Obj_15766,3975998,EGIPS J230829.0-082642,347.1210031,-8.4451225,J230829.04-082642.4,0.98
Obj_4153,3719933,EGIPS J072104.0+390402,110.2667673,39.0672755,J072104.02+390402.2,0.98
Obj_13466,2375323,EGIPS J183122.2+503106,277.8427803,50.5185761,J183122.27+503106.9,0.98
Obj_9583,1999316,EGIPS J132853.4+322919,202.2228155,32.4887892,J132853.48+322919.6,0.98
Obj_4975,1076528,EGIPS J082829.1-030558,127.1212691,-3.0996902,J082829.10-030558.9,0.98
Obj_1086,90537,EGIPS J012013.1-023123,20.0548452,-2.5231216,J012013.16-023123.2,0.98
Obj_3205,2749443,EGIPS J045510.6+722508,73.7943882,72.419089,J045510.65+722508.7,0.98
Obj_10312,51046,EGIPS J141716.0+823714,214.3168852,82.6205898,J141716.05+823714.1,0.98
Obj_8176,38044,EGIPS J120246.2+222004,180.6926189,22.3346243,J120246.23+222004.6,0.98
Obj_11913,1177905,EGIPS J161139.2+005235,242.9135631,0.8765375,J161139.26+005235.5,0.98
Obj_7373,1235011,EGIPS J111509.4+024156,168.7891971,2.6989508,J111509.41+024156.2,0.98
Obj_13462,91631,EGIPS J183031.7+514328,277.6321782,51.7244879,J183031.72+514328.2,0.98
Obj_5553,4010035,EGIPS J091534.7+564515,138.8947004,56.7542413,J091534.73+564515.3,0.98
Obj_7899,       ,EGIPS J114539.0-090024,176.4129096,-9.0067016,J114539.10-090024.1,0.98
Obj_4880,90850,EGIPS J082845.9+011404,127.191494,1.2347156,J082845.96+011405.0,0.98
Obj_14218,       ,EGIPS J204024.5-014126,310.1021351,-1.6907233,J204024.51-014126.6,0.98
Obj_2128,10413,EGIPS J024507.9-131411,41.2829643,-13.236571,J024507.91-131411.7,0.98
Obj_4633,22647,EGIPS J080410.3+625751,121.0431886,62.9643615,J080410.37+625751.7,0.98
Obj_1744,1136821,EGIPS J021509.3-004212,33.7891417,-0.7035402,J021509.39-004212.7,0.98
Obj_11725,3857756,EGIPS J160127.1+294706,240.3631089,29.7851783,J160127.15+294706.6,0.98
Obj_660,2865,EGIPS J004902.1+281304,12.2590672,28.2180269,J004902.18+281304.9,0.98
Obj_11238,2170112,EGIPS J152442.1+404356,231.1758254,40.7322846,J152442.20+404356.2,0.98
Obj_2769,166479,EGIPS J034815.1+663502,57.0632467,66.5839964,J034815.18+663502.4,0.98
Obj_3282,       ,EGIPS J050451.6+035239,76.2153618,3.8777355,J050451.69+035239.8,0.98
Obj_13899,204988,EGIPS J194737.1+020655,296.9049089,2.1153503,J194737.18+020655.3,0.98
Obj_12371,91545,EGIPS J164224.0+200047,250.6002763,20.0132467,J164224.07+200047.7,0.98
Obj_12556,91571,EGIPS J165638.5+594928,254.1606847,59.824451,J165638.56+594928.0,0.98
Obj_8294,38741,EGIPS J121033.0+581813,182.6375981,58.3038874,J121033.02+581814.0,0.98
Obj_10080,3440588,EGIPS J140300.9+051603,210.7540125,5.2676268,J140300.96+051603.5,0.98
Obj_5230,3081494,EGIPS J084820.3-115343,132.0848255,-11.8953671,J084820.36-115343.3,0.98
Obj_482,       ,EGIPS J003736.8+202140,9.4035547,20.3613151,J003736.85+202140.7,0.98
Obj_7603,35387,EGIPS J112819.2+773750,172.0801362,77.6307535,J112819.23+773750.7,0.98
Obj_7681,1404558,EGIPS J113226.1+120853,173.1088833,12.1481847,J113226.13+120853.5,0.98
Obj_8990,43766,EGIPS J125308.1-102241,193.2839597,-10.3780667,J125308.15-102241.0,0.97
Obj_15047,1640682,EGIPS J221032.7+210020,332.6362501,21.0055832,J221032.70+210020.1,0.97
Obj_6816,1296729,EGIPS J104315.6+061325,160.8150044,6.2237776,J104315.60+061325.6,0.97
Obj_2406,3080432,EGIPS J030907.8-083044,47.2827827,-8.5124239,J030907.87-083044.7,0.97
Obj_13507,2006354,EGIPS J183740.0+323849,279.4166786,32.6470284,J183740.00+323849.3,0.97
Obj_13005,2176704,EGIPS J173831.9+410950,264.6330849,41.1640367,J173831.94+410950.5,0.97
Obj_10186,1384887,EGIPS J140926.3+104855,212.359617,10.8154561,J140926.31+104855.6,0.97
Obj_16328,1057231,EGIPS J235244.7-043035,358.186451,-4.5098886,J235244.75-043035.6,0.97
Obj_7298,3767238,EGIPS J111145.2-283531,167.9383573,-28.5919782,J111145.21-283531.1,0.97
Obj_1526,90575,EGIPS J015618.5+312512,29.0772366,31.42014,J015618.54+312512.5,0.97
Obj_9071,44295,EGIPS J125723.0-173223,194.3460105,-17.5399638,J125723.04-173223.9,0.97
Obj_12162,91533,EGIPS J162732.1+484254,246.8838258,48.7151912,J162732.12+484254.7,0.97
Obj_9176,45082,EGIPS J130316.2+280149,195.8176669,28.0303963,J130316.24+280149.4,0.97
Obj_16027,2351628,EGIPS J233026.3+494343,352.6098371,49.7286272,J233026.36+494343.1,0.97
Obj_4412,3130476,EGIPS J074840.0+433341,117.1669595,43.5615553,J074840.07+433341.6,0.97
Obj_10460,2046794,EGIPS J142818.7+341704,217.078188,34.28456,J142818.77+341704.4,0.97
Obj_8721,91212,EGIPS J123619.7-094249,189.0824269,-9.7136919,J123619.78-094249.3,0.97
Obj_9993,91324,EGIPS J135744.8+253602,209.4368169,25.6007741,J135744.84+253602.8,0.97
Obj_4560,3725742,EGIPS J075858.1+724945,119.7421203,72.8293615,J075858.11+724945.7,0.97
Obj_8058,3475696,EGIPS J115547.1+110925,178.9463742,11.15708,J115547.13+110925.5,0.97
Obj_567,       ,EGIPS J004138.1-043010,10.4090306,-4.5029389,J004138.17-043010.6,0.97
Obj_13737,91654,EGIPS J192101.4+544856,290.2558585,54.8156212,J192101.41+544856.2,0.97
Obj_4986,2638638,EGIPS J082950.2+623243,127.4594696,62.5453046,J082950.27+623243.1,0.97
Obj_15919,71110,EGIPS J232012.7+075555,350.0531862,7.9321366,J232012.76+075555.7,0.97
Obj_3230,16483,EGIPS J045911.3-185826,74.7972709,-18.9740369,J045911.35-185826.5,0.97
Obj_128,90459,EGIPS J000953.9+283258,2.4749518,28.5496783,J000953.99+283258.8,0.97
Obj_1926,896142,EGIPS J022900.7-163538,37.2531399,-16.5940824,J022900.75-163538.7,0.97
Obj_14549,1262223,EGIPS J212056.7+040058,320.236269,4.0163035,J212056.70+040058.7,0.97
Obj_14309,       ,EGIPS J205057.5+161338,312.7399209,16.2273359,J205057.58+161338.4,0.97
Obj_8237,91174,EGIPS J120702.8+401159,181.7619807,40.1999784,J120702.88+401159.9,0.97
Obj_9540,2083761,EGIPS J132633.3+363651,201.6389702,36.6144387,J132633.35+363652.0,0.97
Obj_7334,34175,EGIPS J111331.6+275236,168.3816766,27.8768562,J111331.60+275236.7,0.97
Obj_12252,1382513,EGIPS J163312.4+103858,248.3019525,10.6495153,J163312.47+103858.3,0.97
Obj_15094,762023,EGIPS J221414.2-265557,333.5593653,-26.9327119,J221414.25-265557.8,0.97
Obj_13259,2261015,EGIPS J180234.2+451244,270.6426183,45.2124721,J180234.23+451244.9,0.97
Obj_8629,5072359,EGIPS J123018.8+163831,187.5785742,16.6421676,J123018.86+163831.8,0.97
Obj_5901,1681145,EGIPS J094130.5+230501,145.3771357,23.0838861,J094130.51+230502.0,0.97
Obj_16306,92819,EGIPS J235047.8-225716,357.6991725,-22.9545143,J235047.80-225716.3,0.97
Obj_13197,61129,EGIPS J175605.7+331230,269.0237739,33.2084703,J175605.71+331230.5,0.97
Obj_7666,3772526,EGIPS J113146.2-102920,172.942619,-10.4889644,J113146.23-102920.3,0.97
Obj_11058,1948566,EGIPS J150937.8+312804,227.4078793,31.4679384,J150937.89+312804.6,0.97
Obj_146,90462,EGIPS J001120.1-135818,2.8338676,-13.9718007,J001120.13-135818.5,0.97
Obj_1842,1145733,EGIPS J022204.1-002031,35.5172501,-0.3421475,J022204.14-002031.7,0.97
Obj_15964,91799,EGIPS J232354.8+094846,350.9785357,9.8129455,J232354.85+094846.6,0.97
Obj_12589,2206059,EGIPS J165929.8+424653,254.8744489,42.7816478,J165929.87+424653.9,0.97
Obj_1254,1167384,EGIPS J013154.5+002931,22.9772788,0.4920165,J013154.55+002931.3,0.97
Obj_10904,5072407,EGIPS J145809.0+291838,224.5379093,29.3107991,J145809.10+291838.9,0.97
Obj_16326,91829,EGIPS J235221.8+075829,358.0909155,7.9748651,J235221.82+075829.5,0.97
Obj_12105,3864870,EGIPS J162328.9+243147,245.8708021,24.5299989,J162328.99+243148.0,0.97
Obj_12011,1745605,EGIPS J161747.1+254055,244.4464387,25.6819557,J161747.15+254055.0,0.97
Obj_14594,1271645,EGIPS J212546.3+044038,321.4431172,4.6773659,J212546.35+044038.5,0.97
Obj_1175,998982,EGIPS J012539.2-084810,21.4137108,-8.8029844,J012539.29-084810.7,0.97
Obj_2971,2110013,EGIPS J042332.4+374820,65.8854152,37.8057621,J042332.50+374820.7,0.97
Obj_10640,992644,EGIPS J143944.6-091834,219.9360834,-9.3096081,J143944.66-091834.6,0.97
Obj_4995,1157848,EGIPS J083025.8+000744,127.6075854,0.1291508,J083025.82+000744.9,0.97
Obj_11228,91441,EGIPS J152348.5+070411,230.9521048,7.0699169,J152348.51+070411.7,0.97
Obj_1591,1003672,EGIPS J020133.3-082633,30.3888482,-8.4426744,J020133.32-082633.6,0.97
Obj_10137,791335,EGIPS J140614.2-241844,211.5592522,-24.3123919,J140614.22-241844.6,0.97
Obj_7465,840917,EGIPS J112000.2-202949,170.0009713,-20.4971138,J112000.23-202949.6,0.97
Obj_3939,       ,EGIPS J070302.7+342550,105.7615902,34.4307615,J070302.78+342550.7,0.97
Obj_16215,770754,EGIPS J234419.6-261008,356.0817246,-26.1691023,J234419.61-261008.8,0.97
Obj_4553,2529519,EGIPS J075827.4+561257,119.6143056,56.2160293,J075827.43+561257.7,0.97
Obj_90,832480,EGIPS J000653.7-210652,1.7241168,-21.1147111,J000653.79-210653.0,0.97
Obj_14585,91707,EGIPS J212430.4+074901,321.1267587,7.8172015,J212430.42+074901.9,0.97
Obj_8048,37415,EGIPS J115514.0-062719,178.808456,-6.4553483,J115514.03-062719.3,0.97
Obj_1637,8019,EGIPS J020612.4+295758,31.551834,29.9662267,J020612.44+295758.4,0.97
Obj_5617,26390,EGIPS J091957.9+371128,139.9915276,37.1912448,J091957.97+371128.5,0.97
Obj_10742,999446,EGIPS J144647.2-084605,221.6968174,-8.768151,J144647.24-084605.3,0.97
Obj_3739,90759,EGIPS J063631.2+523806,99.1300092,52.6352217,J063631.20+523806.8,0.97
Obj_5784,90924,EGIPS J093246.8+374323,143.1951995,37.7231273,J093246.85+374323.3,0.97
Obj_5232,916774,EGIPS J084843.9-150121,132.183331,-15.0226163,J084844.00-150121.4,0.97
Obj_11325,2165210,EGIPS J153115.6+402352,232.8154157,40.3978292,J153115.70+402352.2,0.97
Obj_5672,1051662,EGIPS J092330.6-045525,140.8778296,-4.9237123,J092330.68-045525.4,0.97
Obj_7988,37054,EGIPS J115056.7+211150,177.7364237,21.1972573,J115056.74+211150.1,0.97
Obj_376,1797,EGIPS J002923.2+312256,7.3470152,31.3822679,J002923.28+312256.2,0.97
Obj_16172,214977,EGIPS J234102.0+474343,355.2584346,47.728626,J234102.02+474343.1,0.97
Obj_3277,793068,EGIPS J050414.9-240856,76.0624046,-24.1490413,J050414.98-240856.5,0.97
Obj_10995,53812,EGIPS J150438.8+380040,226.1619861,38.0111509,J150438.88+380040.1,0.97
Obj_505,1871091,EGIPS J003840.5+293512,9.668996,29.5868322,J003840.56+293512.6,0.97
Obj_2217,926116,EGIPS J025200.8-141909,43.0035219,-14.3193286,J025200.85-141909.6,0.97
Obj_9614,47501,EGIPS J133052.5+621328,202.7190279,62.2246679,J133052.57+621328.8,0.97
Obj_6980,1888338,EGIPS J105330.2+300311,163.3760327,30.0530764,J105330.25+300311.1,0.97
Obj_9534,2779154,EGIPS J132610.9+791507,201.5457036,79.2521307,J132610.97+791507.7,0.97
Obj_12243,5086863,EGIPS J163244.1+093003,248.183983,9.5009383,J163244.16+093003.4,0.97
Obj_7661,4098781,EGIPS J113136.1+145748,172.9007174,14.9633656,J113136.17+145748.1,0.97
Obj_11813,1327154,EGIPS J160628.5+073844,241.6189349,7.6456501,J160628.54+073844.3,0.97
Obj_4991,1077217,EGIPS J083007.7-030338,127.5324374,-3.0607372,J083007.78-030338.7,0.97
Obj_1101,90539,EGIPS J012058.2+212934,20.2426483,21.4930166,J012058.24+212934.9,0.97
Obj_7147,782990,EGIPS J110255.5-250412,165.7313896,-25.0702211,J110255.53-250412.8,0.97
Obj_14192,3098366,EGIPS J203527.1+105748,308.863096,10.9635228,J203527.14+105748.7,0.97
Obj_10762,120153,EGIPS J144733.5-031816,221.8898673,-3.3047011,J144733.57-031816.9,0.97
Obj_6652,1881331,EGIPS J103153.7+295218,157.9737758,29.8718284,J103153.71+295218.6,0.97
Obj_15932,2205841,EGIPS J232057.6+424619,350.240085,42.7720499,J232057.62+424619.4,0.97
Obj_8355,91183,EGIPS J121359.9+213844,183.4998125,21.6457884,J121359.96+213844.8,0.97
Obj_3845,19743,EGIPS J065148.0+272851,102.9501627,27.4810932,J065148.04+272851.9,0.97
Obj_3691,2268596,EGIPS J062610.2+453957,96.5425195,45.6660356,J062610.20+453957.7,0.97
Obj_6908,2266358,EGIPS J104933.5+453133,162.3898086,45.5260832,J104933.55+453133.9,0.97
Obj_11601,1030141,EGIPS J155321.1-064026,238.3382409,-6.6740556,J155321.18-064026.6,0.97
Obj_4006,1389158,EGIPS J070924.4+110734,107.351878,11.1262173,J070924.45+110734.4,0.97
Obj_2782,145795,EGIPS J034943.2-031534,57.4303072,-3.2596752,J034943.27-031534.8,0.97
Obj_11118,1531862,EGIPS J151500.2+172405,228.7511327,17.4013918,J151500.27+172405.0,0.97
Obj_10839,91395,EGIPS J145340.2+310859,223.4175923,31.1499625,J145340.22+310859.9,0.97
Obj_3208,921400,EGIPS J045546.4-144053,73.9436194,-14.6816418,J045546.47-144053.9,0.97
Obj_11667,1506953,EGIPS J155751.3+162144,239.4639716,16.3623616,J155751.35+162144.5,0.97
Obj_15110,1486695,EGIPS J221508.4+153100,333.7850319,15.5167662,J221508.41+153100.4,0.97
Obj_9916,881609,EGIPS J135210.2-173213,208.0425793,-17.5371972,J135210.22-173213.9,0.97
Obj_352,172079,EGIPS J002715.6-273538,6.8150087,-27.5939299,J002715.60-273538.1,0.97
Obj_2466,2193877,EGIPS J031517.9+421057,48.8249495,42.1827614,J031517.99+421057.9,0.97
Obj_14544,3940897,EGIPS J212013.5-050822,320.0565793,-5.1395479,J212013.58-050822.4,0.97
Obj_3777,2433837,EGIPS J064223.6+531045,100.5986409,53.1792744,J064223.67+531045.4,0.97
Obj_12981,91603,EGIPS J173543.4+672617,263.9311368,67.438219,J173543.47+672617.6,0.97
Obj_4535,2176864,EGIPS J075719.7+411031,119.332336,41.1753318,J075719.76+411031.2,0.97
Obj_1810,1882931,EGIPS J021932.3+295455,34.884786,29.9153189,J021932.35+295455.1,0.97
Obj_6798,3358290,EGIPS J104202.3+033251,160.5096793,3.5475914,J104202.32+033251.3,0.97
Obj_15903,2139637,EGIPS J231910.2+385514,349.7928637,38.9208299,J231910.29+385515.0,0.97
Obj_15057,214805,EGIPS J221121.6+114654,332.8400835,11.7817011,J221121.62+114654.1,0.97
Obj_4079,20486,EGIPS J071507.7+484450,108.7823649,48.7474085,J071507.77+484450.7,0.97
Obj_8308,2594283,EGIPS J121104.7+594720,182.7699001,59.7891139,J121104.78+594720.8,0.97
Obj_8627,3550368,EGIPS J123009.4+113258,187.5394509,11.5494884,J123009.47+113258.2,0.97
Obj_7503,1041369,EGIPS J112158.9-054231,170.4954459,-5.7086521,J112158.91-054231.1,0.97
Obj_5793,1867035,EGIPS J093328.1+292742,143.3671354,29.4618949,J093328.11+292742.8,0.97
Obj_11509,91477,EGIPS J154643.3+362215,236.6804487,36.3708437,J154643.31+362215.0,0.97
Obj_11098,84512,EGIPS J151309.9+072617,228.2913175,7.4380862,J151309.92+072617.1,0.97
Obj_12320,2764870,EGIPS J163816.8+745058,249.5700511,74.8495664,J163816.81+745058.4,0.97
Obj_13234,3893425,EGIPS J180022.6+260659,270.0943503,26.1166364,J180022.64+260659.9,0.97
Obj_4623,22611,EGIPS J080325.5+100301,120.856295,10.0505101,J080325.51+100301.8,0.97
Obj_5655,2481424,EGIPS J092216.9+544917,140.5708241,54.8214349,J092217.00+544917.2,0.97
Obj_9767,2491716,EGIPS J134221.0+550805,205.5875093,55.1349366,J134221.00+550805.8,0.97
Obj_16096,1661307,EGIPS J233602.6+215915,354.0108913,21.9875429,J233602.61+215915.2,0.97
Obj_8018,37259,EGIPS J115315.3+113803,178.3137989,11.634219,J115315.31+113803.2,0.97
Obj_5882,27570,EGIPS J093945.9+205959,144.9413892,20.9999985,J093945.93+210000.0,0.97
Obj_13165,       ,EGIPS J175404.9+240813,268.5206845,24.1371733,J175404.96+240813.8,0.97
Obj_8539,2278097,EGIPS J122524.4+461530,186.3518894,46.2583528,J122524.45+461530.1,0.97
Obj_5993,90947,EGIPS J094820.7+252004,147.0866236,25.3346199,J094820.79+252004.6,0.97
Obj_11442,2423490,EGIPS J154141.2+524645,235.42199,52.7792856,J154141.28+524645.4,0.97
Obj_7329,       ,EGIPS J111314.9+225215,168.3121227,22.8710204,J111314.91+225215.7,0.97
Obj_8696,1235181,EGIPS J123434.5+024216,188.6439685,2.7046833,J123434.55+024216.9,0.97
Obj_251,951943,EGIPS J002005.1-122946,5.0214364,-12.49626,J002005.14-122946.5,0.97
Obj_16190,1525288,EGIPS J234210.3+170742,355.542993,17.1285252,J234210.32+170742.7,0.97
Obj_610,       ,EGIPS J004437.3-032902,11.1555415,-3.4841314,J004437.33-032902.9,0.97
Obj_11052,3085965,EGIPS J150847.5+832959,227.1982992,83.4999875,J150847.59+833000.0,0.97
Obj_8279,38642,EGIPS J120929.5+531932,182.3731068,53.3256534,J120929.55+531932.4,0.97
Obj_10902,53494,EGIPS J145805.7+031746,224.5237863,3.2961309,J145805.71+031746.1,0.97
Obj_11525,2256015,EGIPS J154756.2+445745,236.9842988,44.9627013,J154756.23+445745.7,0.97
Obj_3356,92123,EGIPS J051621.5-225937,79.0899853,-22.9938741,J051621.60-225937.9,0.97
Obj_4994,152724,EGIPS J083022.3-113337,127.592951,-11.5604619,J083022.31-113337.7,0.97
Obj_12531,2499292,EGIPS J165449.7+552137,253.7072671,55.3603072,J165449.74+552137.1,0.97
Obj_13018,1748146,EGIPS J174031.7+254442,265.1324405,25.7452703,J174031.79+254443.0,0.97
Obj_913,2239243,EGIPS J010655.8+441247,16.732554,44.2131586,J010655.81+441247.4,0.97
Obj_9883,1531601,EGIPS J134926.8+172324,207.3619562,17.3901583,J134926.87+172324.6,0.97
Obj_14879,1312596,EGIPS J215638.3+070231,329.1595901,7.0420925,J215638.30+070231.5,0.97
Obj_1559,2142017,EGIPS J015920.0+390152,29.833422,39.0313676,J015920.02+390152.9,0.97
Obj_7138,91074,EGIPS J110226.2+710020,165.6095013,71.0055967,J110226.28+710020.1,0.97
Obj_345,1646,EGIPS J002643.6-033551,6.6817421,-3.5976396,J002643.62-033551.5,0.97
Obj_2824,14156,EGIPS J035711.6-221448,59.2986738,-22.2466838,J035711.68-221448.1,0.97
Obj_8280,819828,EGIPS J120938.3-220341,182.4097205,-22.0614708,J120938.33-220341.3,0.97
Obj_10566,2266940,EGIPS J143448.0+453338,218.7002013,45.5605559,J143448.05+453338.0,0.97
Obj_4544,93041,EGIPS J075746.1+323434,119.4424827,32.576282,J075746.20+323434.6,0.97
Obj_14981,959591,EGIPS J220551.8-115731,331.4661703,-11.9588652,J220551.88-115731.9,0.97
Obj_3920,2542789,EGIPS J070125.1+563742,105.3549994,56.6284583,J070125.20+563742.5,0.97
Obj_2913,785586,EGIPS J041405.5-245013,63.5232806,-24.8370616,J041405.59-245013.4,0.97
Obj_12506,1180838,EGIPS J165243.3+005842,253.1806603,0.9784334,J165243.36+005842.4,0.97
Obj_8295,4102949,EGIPS J121035.1+361732,182.6466477,36.2923422,J121035.20+361732.4,0.97
Obj_6528,1389376,EGIPS J102347.9+110829,155.9499336,11.1414591,J102347.98+110829.3,0.97
Obj_765,3360,EGIPS J005624.6-010834,14.1025068,-1.1429892,J005624.60-010834.8,0.97
Obj_3063,90718,EGIPS J043521.9-085618,68.8412736,-8.9385775,J043521.91-085618.9,0.97
Obj_3746,2441449,EGIPS J063837.7+532705,99.6574672,53.4514549,J063837.79+532705.2,0.97
Obj_14332,92625,EGIPS J205407.9-213459,313.5331294,-21.5833176,J205407.95-213459.9,0.97
Obj_15810,1240503,EGIPS J231142.9+025417,347.9288773,2.9047784,J231142.93+025417.2,0.97
Obj_7554,2393552,EGIPS J112405.9+512421,171.0249339,51.4060668,J112405.98+512421.8,0.97
Obj_4408,1849241,EGIPS J074827.8+285333,117.1161495,28.892671,J074827.88+285333.6,0.97
Obj_16064,       ,EGIPS J233325.7+043433,353.3572348,4.5760399,J233325.74+043433.7,0.97
Obj_12576,59355,EGIPS J165834.5+151310,254.6438271,15.2194763,J165834.52+151310.1,0.97
Obj_10344,880596,EGIPS J141927.9-173603,214.8666256,-17.6009232,J141927.99-173603.3,0.97
Obj_7391,2574559,EGIPS J111546.4+580604,168.9436296,58.101133,J111546.47+580604.1,0.97
Obj_14314,776975,EGIPS J205129.7-253643,312.8737878,-25.6120336,J205129.71-253643.3,0.97
Obj_4500,2434293,EGIPS J075448.7+531143,118.7030098,53.1954188,J075448.72+531143.5,0.97
Obj_7692,839826,EGIPS J113312.8-203414,173.303497,-20.570651,J113312.84-203414.3,0.97
Obj_10457,91360,EGIPS J142810.5-004105,217.0439831,-0.68475,J142810.56-004105.1,0.97
Obj_3658,796625,EGIPS J061918.6-234932,94.827642,-23.8257066,J061918.63-234932.5,0.97
Obj_4114,2190999,EGIPS J071749.8+420118,109.4575696,42.0218401,J071749.82+420118.6,0.97
Obj_5284,24960,EGIPS J085332.7+044655,133.3864146,4.7821398,J085332.74+044655.7,0.97
Obj_12159,2689659,EGIPS J162717.7+663941,246.8237661,66.6614878,J162717.70+663941.4,0.97
Obj_7782,1914526,EGIPS J113845.5+304219,174.6897856,30.7055389,J113845.55+304219.9,0.97
Obj_2942,14867,EGIPS J041922.6-264746,64.8441971,-26.7963799,J041922.61-264747.0,0.97
Obj_10076,1401140,EGIPS J140246.9+115617,210.6954313,11.9381251,J140246.90+115617.3,0.97
Obj_11844,91502,EGIPS J160813.1+401905,242.0549107,40.3180884,J160813.18+401905.1,0.97
Obj_12233,2204614,EGIPS J163211.4+424249,248.0477718,42.7138415,J163211.47+424249.8,0.97
Obj_9269,3384691,EGIPS J130831.6+611718,197.1317847,61.2884241,J130831.63+611718.3,0.97
Obj_9495,46804,EGIPS J132343.3+303348,200.9306354,30.5635942,J132343.35+303348.9,0.97
Obj_13890,4078505,EGIPS J194633.2-080347,296.6385341,-8.0631943,J194633.25-080347.5,0.97
Obj_4280,2068948,EGIPS J073545.6+354302,113.9402282,35.7173253,J073545.65+354302.4,0.97
Obj_6332,892255,EGIPS J101015.7-165232,152.5654354,-16.8757593,J101015.70-165232.7,0.97
Obj_4886,2536428,EGIPS J082205.6+562535,125.5236998,56.4264201,J082205.69+562535.1,0.97
Obj_6137,3998687,EGIPS J095831.1+120515,149.6299093,12.0877586,J095831.18+120515.9,0.97
Obj_10110,2601536,EGIPS J140500.7+602332,211.2530927,60.39224,J140500.74+602332.1,0.97
Obj_14678,92680,EGIPS J213616.2-224404,324.0675213,-22.7345231,J213616.21-224404.3,0.97
Obj_13834,91664,EGIPS J193833.3+765725,294.6387775,76.9569477,J193833.31+765725.0,0.97
Obj_1427,820485,EGIPS J014804.1-220047,27.0174333,-22.0131473,J014804.18-220047.3,0.97
Obj_14960,67966,EGIPS J220406.9+355616,331.028968,35.9380191,J220406.95+355616.9,0.97
Obj_13069,2030270,EGIPS J174546.5+332132,266.4440754,33.3590462,J174546.58+332132.6,0.97
Obj_5152,1816487,EGIPS J084208.7+274352,130.5362831,27.7312914,J084208.71+274352.6,0.97
Obj_1564,90578,EGIPS J015934.5+400536,29.8941234,40.0934953,J015934.59+400536.6,0.97
Obj_7231,3540973,EGIPS J110801.0+452328,167.0044055,45.3911485,J110801.06+452328.1,0.97
Obj_3688,90754,EGIPS J062551.9+533457,96.4664952,53.5826704,J062551.96+533457.6,0.97
Obj_7026,3763006,EGIPS J105603.7+190450,164.01577,19.0806685,J105603.78+190450.4,0.97
Obj_13522,2165956,EGIPS J184003.8+402657,280.0160344,40.449377,J184003.85+402657.8,0.97
Obj_14509,919675,EGIPS J211512.5-144830,318.8024745,-14.8084428,J211512.59-144830.4,0.97
Obj_225,1141,EGIPS J001727.5-093426,4.3646264,-9.5739592,J001727.51-093426.3,0.97
Obj_1852,1105255,EGIPS J022316.9-015759,35.8206721,-1.9666117,J022316.96-015759.8,0.97
Obj_5827,3530922,EGIPS J093606.1+102349,144.0254465,10.396986,J093606.11+102349.1,0.97
Obj_15829,1425815,EGIPS J231340.4+131331,348.4186872,13.2255478,J231340.48+131332.0,0.97
Obj_13342,3895810,EGIPS J181259.9+720127,273.2497071,72.0242728,J181259.93+720127.4,0.97
Obj_13436,1997218,EGIPS J182600.9+322640,276.5041495,32.4447113,J182601.00+322641.0,0.97
Obj_3625,90750,EGIPS J061107.8+552017,92.7828405,55.3380901,J061107.88+552017.1,0.97
Obj_309,1124131,EGIPS J002333.8-011244,5.8910639,-1.2122224,J002333.86-011244.0,0.97
Obj_15467,3967785,EGIPS J224320.9-022900,340.8371973,-2.4834194,J224320.93-022900.3,0.97
Obj_9386,91270,EGIPS J131551.5+082010,198.9646694,8.3362552,J131551.52+082010.5,0.97
Obj_2319,11385,EGIPS J030051.6-283414,45.2151608,-28.5707375,J030051.64-283414.7,0.97
Obj_16043,1029277,EGIPS J233203.0-064446,353.0126852,-6.7463719,J233203.04-064446.9,0.97
Obj_15421,1544627,EGIPS J224037.4+175337,340.1560973,17.8937839,J224037.46+175337.6,0.97
Obj_1929,2184772,EGIPS J022911.3+413953,37.2971759,41.6647646,J022911.32+413953.2,0.97
Obj_1636,865330,EGIPS J020605.1-183936,31.5213059,-18.660109,J020605.11-183936.4,0.97
Obj_7177,       ,EGIPS J110445.5-151840,166.1896917,-15.3113405,J110445.53-151840.8,0.97
Obj_4060,2360651,EGIPS J071333.4+500134,108.3892002,50.0262405,J071333.41+500134.5,0.97
Obj_149,1200897,EGIPS J001138.9+013751,2.9124201,1.6310518,J001138.98+013751.8,0.97
Obj_7342,34203,EGIPS J111356.2+651040,168.4844316,65.1778261,J111356.26+651040.2,0.97
Obj_7611,1038121,EGIPS J112858.2-055902,172.2425861,-5.9841435,J112858.22-055902.9,0.97
Obj_2945,3677032,EGIPS J042001.1-054719,65.0046173,-5.788671,J042001.11-054719.2,0.97
Obj_4473,4009421,EGIPS J075303.6+361848,118.2650747,36.3133425,J075303.62+361848.0,0.97
Obj_4195,2412962,EGIPS J072517.9+522129,111.3246607,52.3581952,J072517.92+522129.5,0.97
Obj_12684,1750108,EGIPS J170542.1+254738,256.4254566,25.7941296,J170542.11+254738.9,0.97
Obj_430,5072497,EGIPS J003348.6-093223,8.4525516,-9.539834,J003348.61-093223.4,0.97
Obj_9921,159493,EGIPS J135226.9-144001,208.1124396,-14.6669551,J135226.99-144001.0,0.97
Obj_8077,2469917,EGIPS J115628.3+542649,179.1181741,54.4470159,J115628.36+542649.3,0.97
Obj_12578,2212633,EGIPS J165835.0+430505,254.6460401,43.0849177,J165835.05+430505.7,0.97
Obj_9564,47201,EGIPS J132756.4-255122,201.9850365,-25.8562873,J132756.41-255122.6,0.97
Obj_2853,       ,EGIPS J040145.7+215452,60.4405357,21.9146079,J040145.73+215452.6,0.97
Obj_4132,1535093,EGIPS J071924.8+173206,109.853645,17.5352569,J071924.87+173206.9,0.97
Obj_10377,5072393,EGIPS J142235.7+173841,215.648873,17.6448329,J142235.73+173841.4,0.97
Obj_14993,2124615,EGIPS J220642.9+382108,331.6791299,38.3522767,J220642.99+382108.2,0.97
Obj_836,767794,EGIPS J010157.0-262627,15.4876698,-26.4409517,J010157.04-262627.4,0.97
Obj_12911,1485155,EGIPS J172839.2+152717,262.1635411,15.4548385,J172839.25+152717.4,0.97
Obj_9951,118989,EGIPS J135436.0-054348,208.6502243,-5.7301316,J135436.05-054348.5,0.97
Obj_180,725423,EGIPS J001423.9-294547,3.5999527,-29.7632492,J001423.99-294547.7,0.97
Obj_2735,       ,EGIPS J034431.3-133359,56.1307104,-13.5664357,J034431.37-133359.2,0.97
Obj_3253,       ,EGIPS J050152.1-214814,75.4671405,-21.8040299,J050152.11-214814.5,0.97
Obj_8293,1945832,EGIPS J121022.5+312437,182.594032,31.4104409,J121022.57+312437.6,0.97
Obj_11576,855081,EGIPS J155116.4-192659,237.8183801,-19.4499089,J155116.41-192659.7,0.97
Obj_11188,54752,EGIPS J152043.0+085628,230.1793718,8.9413839,J152043.05+085629.0,0.97
Obj_10748,921583,EGIPS J144704.5-144010,221.7691591,-14.6694705,J144704.60-144010.1,0.97
Obj_2020,9904,EGIPS J023631.6+071834,39.1319287,7.3095578,J023631.66+071834.4,0.97
Obj_1083,90536,EGIPS J012000.6+130312,20.0025239,13.0533399,J012000.61+130312.0,0.97
Obj_9714,2743270,EGIPS J133758.1+712645,204.4924991,71.4460864,J133758.20+712645.9,0.97
Obj_2580,92023,EGIPS J032641.6-180857,51.6737134,-18.1494165,J032641.69-180857.9,0.97
Obj_11863,1130926,EGIPS J160921.1-005616,242.3382476,-0.937789,J160921.18-005616.0,0.96
Obj_2415,2181130,EGIPS J030942.6+412627,47.4276343,41.4409867,J030942.63+412627.6,0.96
Obj_909,933449,EGIPS J010639.1-134624,16.6631566,-13.7735517,J010639.16-134624.8,0.96
Obj_4581,2155176,EGIPS J080022.9+394533,120.0955812,39.7594347,J080022.94+394534.0,0.96
Obj_12800,60007,EGIPS J171719.8+405216,259.3329138,40.8712196,J171719.90+405216.4,0.96
Obj_7277,1989050,EGIPS J111037.0+321612,167.6543013,32.2702101,J111037.03+321612.8,0.96
Obj_12962,1511750,EGIPS J173359.8+163345,263.4994174,16.5627625,J173359.86+163345.9,0.96
Obj_1293,1102839,EGIPS J013545.8-020324,23.941189,-2.0569286,J013545.89-020324.9,0.96
Obj_6060,1373174,EGIPS J095243.8+100001,148.1829003,10.000301,J095243.90+100001.1,0.96
Obj_14079,2607258,EGIPS J201927.9+604844,304.8665912,60.8123623,J201927.98+604844.5,0.96
Obj_13134,1867784,EGIPS J175051.0+292906,267.7127312,29.4850231,J175051.06+292906.1,0.96
Obj_10932,4005282,EGIPS J150027.2+420243,225.1136964,42.0452801,J150027.29+420243.0,0.96
Obj_11166,91433,EGIPS J151916.8+344944,229.820285,34.8289214,J151916.87+344944.1,0.96
Obj_11779,93051,EGIPS J160458.8+082712,241.2452703,8.4534237,J160458.86+082712.3,0.96
Obj_3672,90752,EGIPS J062210.9+463322,95.5454741,46.5561236,J062210.91+463322.0,0.96
Obj_14307,1575924,EGIPS J205054.4+185736,312.7268181,18.9600044,J205054.44+185736.0,0.96
Obj_12100,       ,EGIPS J162254.9+732419,245.7290814,73.4052798,J162254.98+732419.0,0.96
Obj_10138,3819557,EGIPS J140616.8+330933,211.5701923,33.1592787,J140616.85+330933.4,0.96
Obj_9554,724391,EGIPS J132710.3-295112,201.7929488,-29.8533709,J132710.31-295112.1,0.96
Obj_11253,3846616,EGIPS J152602.8-064942,231.5119973,-6.8286073,J152602.88-064943.0,0.96
Obj_15363,1567623,EGIPS J223638.2+184214,339.1593732,18.7041499,J223638.25+184214.9,0.96
Obj_12051,57858,EGIPS J162009.5+374753,245.0397453,37.7982702,J162009.54+374753.8,0.96
Obj_5492,5072298,EGIPS J091056.5+642523,137.7354722,64.4231181,J091056.51+642523.2,0.96
Obj_7915,973516,EGIPS J114628.3-104828,176.6182846,-10.807833,J114628.39-104828.2,0.96
Obj_15336,166819,EGIPS J223430.4+013338,338.6269579,1.5606341,J223430.47+013338.3,0.96
Obj_9531,3807887,EGIPS J132607.8+085917,201.5326693,8.988114,J132607.84+085917.2,0.96
Obj_16356,1315454,EGIPS J235416.8+071022,358.5702322,7.1730311,J235416.86+071022.9,0.96
Obj_4018,2140599,EGIPS J071032.7+385752,107.6365735,38.9647017,J071032.78+385752.9,0.96
Obj_15921,       ,EGIPS J232018.4+210603,350.0768332,21.1009934,J232018.44+210603.6,0.96
Obj_11606,2205724,EGIPS J155345.3+424559,238.4387789,42.7665488,J155345.31+424559.6,0.96
Obj_13577,2319165,EGIPS J185022.2+483048,282.5925481,48.5134972,J185022.21+483048.6,0.96
Obj_1181,144116,EGIPS J012607.2-033852,21.5300565,-3.6478317,J012607.21-033852.2,0.96
Obj_654,1686335,EGIPS J004834.6+232238,12.1445263,23.3773605,J004834.69+232238.5,0.96
Obj_2828,939517,EGIPS J035810.5-131931,59.5437536,-13.3254733,J035810.50-131931.7,0.96
Obj_11398,1218641,EGIPS J153731.5+021055,234.381631,2.1819894,J153731.59+021055.2,0.96
Obj_10516,51909,EGIPS J143144.1+060928,217.9337789,6.158054,J143144.11+060929.0,0.96
Obj_12965,2778619,EGIPS J173420.7+790557,263.5865385,79.0992527,J173420.77+790557.3,0.96
Obj_1985,1046727,EGIPS J023404.3-051724,38.5181783,-5.2900007,J023404.36-051724.0,0.96
Obj_14122,3924118,EGIPS J202747.9-105523,306.9498085,-10.9231604,J202747.95-105523.4,0.96
Obj_14102,3922914,EGIPS J202347.7-095858,305.948941,-9.9829916,J202347.75-095858.8,0.96
Obj_5064,899357,EGIPS J083542.4-162037,128.9267825,-16.3436564,J083542.43-162037.2,0.96
Obj_14371,3933394,EGIPS J205816.4-211946,314.5685283,-21.3295378,J205816.45-211946.3,0.96
Obj_2537,12620,EGIPS J032200.9-010313,50.5038949,-1.0537655,J032200.93-010313.6,0.96
Obj_16395,197452,EGIPS J235652.0-085228,359.2169534,-8.8746472,J235652.07-085228.7,0.96
Obj_5079,       ,EGIPS J083644.1+100803,129.1841145,10.1342889,J083644.19+100803.4,0.96
Obj_4401,       ,EGIPS J074746.4+102143,116.9436405,10.3621113,J074746.47+102143.6,0.96
Obj_346,1815999,EGIPS J002648.3+274249,6.7012655,27.7138716,J002648.30+274249.9,0.96
Obj_7189,919413,EGIPS J110517.1-144940,166.3215239,-14.8280489,J110517.17-144941.0,0.96
Obj_6987,1991069,EGIPS J105346.3+321846,163.4432515,32.3130062,J105346.38+321846.8,0.96
Obj_13980,858742,EGIPS J200123.7-191103,300.3489983,-19.1843114,J200123.76-191103.5,0.96
Obj_12906,       ,EGIPS J172821.0+132100,262.0878254,13.3502573,J172821.08+132100.9,0.96
Obj_10893,4440799,EGIPS J145725.3+280200,224.3555922,28.0333345,J145725.34+280200.0,0.96
Obj_10963,3839047,EGIPS J150259.1+435650,225.746609,43.9474519,J150259.19+435650.8,0.96
Obj_8030,37311,EGIPS J115354.3+204458,178.4764844,20.7494478,J115354.36+204458.0,0.96
Obj_12441,1929801,EGIPS J164647.1+310331,251.6962768,31.0588556,J164647.11+310331.9,0.96
Obj_1624,1381188,EGIPS J020501.4+103323,31.255844,10.5566326,J020501.40+103323.9,0.96
Obj_7594,91118,EGIPS J112726.4+702844,171.8603878,70.4790307,J112726.49+702844.5,0.96
Obj_1540,1307096,EGIPS J015722.3+064606,29.3431589,6.7683526,J015722.36+064606.1,0.96
Obj_12910,       ,EGIPS J172837.4+110950,262.1559896,11.16408,J172837.44+110950.7,0.96
Obj_646,2212200,EGIPS J004750.4+430355,11.9603141,43.0653223,J004750.48+430355.2,0.96
Obj_12131,2499700,EGIPS J162530.5+552218,246.3771113,55.3718696,J162530.51+552218.7,0.96
Obj_10343,1492608,EGIPS J141926.1+154522,214.858899,15.7562298,J141926.14+154522.4,0.96
Obj_11968,1512952,EGIPS J161429.4+163702,243.622892,16.6174841,J161429.49+163702.9,0.96
Obj_15211,5072489,EGIPS J222326.5+372135,335.8607138,37.3598237,J222326.57+372135.4,0.96
Obj_7134,91076,EGIPS J110204.0+171546,165.5167763,17.2630238,J110204.03+171546.9,0.96
Obj_8684,1289556,EGIPS J123342.4+054842,188.4268477,5.8119035,J123342.44+054842.9,0.96
Obj_9729,903804,EGIPS J133847.5-155938,204.6982496,-15.9941086,J133847.58-155938.8,0.96
Obj_8444,2418589,EGIPS J122000.3+523501,185.0015934,52.583857,J122000.38+523501.9,0.96
Obj_6695,3757819,EGIPS J103539.9+361548,158.9165521,36.2635002,J103539.97+361548.6,0.96
Obj_7911,91143,EGIPS J114611.6+334401,176.5486321,33.733888,J114611.67+334402.0,0.96
Obj_12590,1269718,EGIPS J165932.6+043244,254.8860831,4.5457049,J165932.66+043244.5,0.96
Obj_5076,24204,EGIPS J083636.1+250813,129.1508189,25.1371174,J083636.20+250813.6,0.96
Obj_12748,91584,EGIPS J171243.7+525457,258.1823295,52.9160272,J171243.76+525457.7,0.96
Obj_15967,71333,EGIPS J232401.4+204112,351.0059894,20.6869143,J232401.44+204112.9,0.96
Obj_8516,4011531,EGIPS J122358.6+434957,185.9941781,43.8327482,J122358.60+434957.9,0.96
Obj_13139,3890994,EGIPS J175103.8+632821,267.7660454,63.4727342,J175103.85+632821.8,0.96
Obj_14608,3943575,EGIPS J212753.2-125302,321.9716712,-12.8840317,J212753.20-125302.5,0.96
Obj_15707,1352875,EGIPS J230300.5+084437,345.7521091,8.7436733,J230300.51+084437.2,0.96
Obj_14623,3372640,EGIPS J212956.1+100610,322.4840972,10.1028453,J212956.18+100610.2,0.96
Obj_15148,766919,EGIPS J221809.3-263123,334.5388685,-26.5230781,J221809.33-263123.1,0.96
Obj_11195,981812,EGIPS J152128.9-100844,230.3707889,-10.1457135,J152128.99-100844.6,0.96
Obj_6336,2058066,EGIPS J101031.1+350047,152.6299657,35.0131091,J101031.19+350047.2,0.96
Obj_443,3598492,EGIPS J003457.8+013222,8.7408374,1.5395669,J003457.80+013222.4,0.96
Obj_12004,1170137,EGIPS J161719.2+003542,244.3301306,0.5951334,J161719.23+003542.5,0.96
Obj_7830,845243,EGIPS J114114.8-201047,175.3118667,-20.1797895,J114114.85-201047.2,0.96
Obj_15252,1310013,EGIPS J222724.5+065450,336.8524429,6.9139563,J222724.59+065450.2,0.96
Obj_10132,2081695,EGIPS J140556.6+363000,211.4860739,36.500219,J140556.66+363000.8,0.96
Obj_12088,       ,EGIPS J162214.7-091254,245.5614292,-9.2152413,J162214.74-091254.9,0.96
Obj_12791,1713838,EGIPS J171637.9+244135,259.1579959,24.6931442,J171637.92+244135.3,0.96
Obj_12644,2095969,EGIPS J170307.1+371423,255.7797548,37.2398226,J170307.14+371423.4,0.96
Obj_9904,1536975,EGIPS J135107.3+173638,207.7808311,17.6108143,J135107.40+173638.9,0.96
Obj_13707,2148450,EGIPS J191536.9+392145,288.9040115,39.3627438,J191536.96+392145.9,0.96
Obj_15166,1225555,EGIPS J221921.3+022342,334.8387697,2.3950814,J221921.30+022342.3,0.96
Obj_8978,91234,EGIPS J125226.8+785754,193.1117299,78.9650899,J125226.82+785754.3,0.96
Obj_5340,3341575,EGIPS J085816.0+565140,134.566754,56.8611486,J085816.02+565140.1,0.96
Obj_3546,773593,EGIPS J055109.8-255521,87.790911,-25.9227436,J055109.82-255521.9,0.96
Obj_4591,90814,EGIPS J080055.8+295521,120.2326158,29.9226057,J080055.83+295521.4,0.96
Obj_11940,1242780,EGIPS J161252.9+025952,243.2205587,2.9980024,J161252.93+025952.8,0.96
Obj_10499,2282365,EGIPS J143018.4+463020,217.5768822,46.5056534,J143018.45+463020.4,0.96
Obj_8486,2597809,EGIPS J122232.8+600501,185.6367874,60.0836453,J122232.83+600501.1,0.96
Obj_6781,3759021,EGIPS J104108.4+202328,160.2850651,20.39133,J104108.42+202328.8,0.96
Obj_8149,37908,EGIPS J120108.5-202919,180.2858048,-20.4886605,J120108.59-202919.2,0.96
Obj_11207,1479095,EGIPS J152226.7+151409,230.6114166,15.2361004,J152226.74+151410.0,0.96
Obj_2577,3659211,EGIPS J032600.9-135551,51.5038669,-13.9308936,J032600.93-135551.2,0.96
Obj_10043,91329,EGIPS J140043.0-122210,210.1795403,-12.3695713,J140043.09-122210.5,0.96
Obj_14886,167511,EGIPS J215724.2+431611,329.3510398,43.2699104,J215724.25+431611.7,0.96
Obj_10822,1749227,EGIPS J145228.7+254617,223.1198171,25.7715265,J145228.76+254617.5,0.96
Obj_9727,1309268,EGIPS J133839.3+065241,204.6640021,6.8780773,J133839.36+065241.1,0.96
Obj_3271,       ,EGIPS J050333.6+074804,75.8901016,7.8012798,J050333.62+074804.6,0.96
Obj_1125,4999,EGIPS J012232.0-022435,20.6337168,-2.4098004,J012232.09-022435.3,0.96
Obj_16062,       ,EGIPS J233321.7+312248,353.3405233,31.3801973,J233321.73+312248.7,0.96
Obj_2179,2152929,EGIPS J024914.0+393705,42.308397,39.6181902,J024914.02+393705.5,0.96
Obj_2770,       ,EGIPS J034818.8+073108,57.0786018,7.5191277,J034818.86+073108.9,0.96
Obj_2540,2134909,EGIPS J032207.8+384333,50.5325834,38.7260732,J032207.82+384333.9,0.96
Obj_5282,3380051,EGIPS J085239.7+453709,133.165637,45.6193276,J085239.75+453709.6,0.96
Obj_8683,41733,EGIPS J123341.6-234050,188.4236629,-23.6806366,J123341.68-234050.3,0.96
Obj_1118,2032127,EGIPS J012211.3+332631,20.5471322,33.4421424,J012211.31+332631.7,0.96
Obj_14030,874857,EGIPS J200957.5-175720,302.4898661,-17.9557781,J200957.57-175720.8,0.96
Obj_11577,1138019,EGIPS J155124.3-003906,237.8515794,-0.6519246,J155124.38-003906.9,0.96
Obj_12176,58252,EGIPS J162829.3+320926,247.1224577,32.1572813,J162829.39+320926.2,0.96
Obj_11938,4013305,EGIPS J161249.1+491954,243.2047558,49.3317008,J161249.14+491954.1,0.96
Obj_283,1795521,EGIPS J002212.5+270118,5.5523704,27.021852,J002212.57+270118.7,0.96
Obj_6571,30692,EGIPS J102648.5+165104,156.7021044,16.8511159,J102648.51+165104.0,0.96
Obj_8756,4335359,EGIPS J123834.8+082140,189.6452632,8.361152,J123834.86+082140.1,0.96
Obj_12877,91593,EGIPS J172506.7+565242,261.278194,56.8784162,J172506.77+565242.3,0.96
Obj_3177,       ,EGIPS J045127.9+050131,72.8664715,5.0255369,J045127.95+050131.9,0.96
Obj_7399,3409181,EGIPS J111605.8+583003,169.0244098,58.5009744,J111605.86+583003.5,0.96
Obj_4733,1249835,EGIPS J081142.8+031914,122.92867,3.3205828,J081142.88+031914.1,0.96
Obj_3517,786823,EGIPS J054649.7-244312,86.7071329,-24.7201171,J054649.71-244312.4,0.96
Obj_3363,1395231,EGIPS J051704.4+113244,79.2685361,11.5457164,J051704.45+113244.6,0.96
Obj_11291,2311819,EGIPS J152846.8+481006,232.1954104,48.168608,J152846.90+481007.0,0.96
Obj_8260,1842453,EGIPS J120804.9+284003,182.0207715,28.6676237,J120804.99+284003.4,0.96
Obj_4072,2286308,EGIPS J071435.5+464418,108.6483097,46.7385153,J071435.59+464418.7,0.96
Obj_1606,90582,EGIPS J020313.3-083455,30.8056464,-8.582192,J020313.36-083455.9,0.96
Obj_13548,2025404,EGIPS J184412.4+331018,281.05168,33.1717307,J184412.40+331018.2,0.96
Obj_12287,3388395,EGIPS J163558.0+400021,248.9918139,40.0059096,J163558.04+400021.3,0.96
Obj_14028,64187,EGIPS J200942.7+721617,302.4281319,72.2715328,J200942.75+721617.5,0.96
Obj_8671,833199,EGIPS J123251.0-210341,188.2126194,-21.061429,J123251.03-210341.1,0.96
Obj_10885,884535,EGIPS J145709.1-172147,224.2883291,-17.3632404,J145709.20-172147.7,0.96
Obj_1947,9577,EGIPS J023053.3+432059,37.722338,43.3499985,J023053.36+432100.0,0.96
Obj_12571,59333,EGIPS J165806.5+585308,254.5271591,58.8857352,J165806.52+585308.6,0.96
Obj_12851,       ,EGIPS J172250.5+143456,260.7105094,14.5822598,J172250.52+143456.1,0.96
Obj_3130,15970,EGIPS J044621.5-132059,71.5897327,-13.3497253,J044621.54-132059.0,0.96
Obj_7068,1048843,EGIPS J105839.1-050807,164.6629232,-5.1353452,J105839.10-050807.2,0.96
Obj_1927,4612728,EGIPS J022901.0+424144,37.2543775,42.6955996,J022901.05+424144.2,0.96
Obj_11013,1690850,EGIPS J150552.1+233802,226.4671582,23.6341502,J150552.12+233802.9,0.96
Obj_13627,2448442,EGIPS J190010.2+534208,285.0427025,53.7024445,J190010.25+534208.8,0.96
Obj_6744,4010707,EGIPS J103902.0+034104,159.758714,3.6846304,J103902.09+034104.7,0.96
Obj_5751,1650298,EGIPS J092947.1+212707,142.4466169,21.4520843,J092947.19+212707.5,0.96
Obj_559,3600758,EGIPS J004110.2+130213,10.2925411,13.0371869,J004110.21+130213.9,0.96
Obj_4879,90841,EGIPS J082140.1+102004,125.4172384,10.3345111,J082140.14+102004.2,0.96
Obj_3442,3699915,EGIPS J053109.7-072356,82.790812,-7.3989474,J053109.79-072356.2,0.96
Obj_10044,2134038,EGIPS J140044.7+384140,210.1864974,38.694543,J140044.76+384140.4,0.96
Obj_4804,3446892,EGIPS J081609.0+252028,124.0376984,25.3413515,J081609.05+252028.9,0.96
Obj_7095,1032911,EGIPS J105958.2-062601,164.9928613,-6.433633,J105958.29-062601.1,0.96
Obj_11801,1503156,EGIPS J160552.6+161200,241.4695148,16.2001664,J160552.68+161200.6,0.96
Obj_14618,3372679,EGIPS J212922.3+102940,322.343115,10.4945887,J212922.35+102940.5,0.96
Obj_230,1268193,EGIPS J001800.2+042607,4.5009435,4.4355395,J001800.23+042607.9,0.96
Obj_4068,5072267,EGIPS J071422.2+301338,108.5925613,30.2274633,J071422.21+301338.9,0.96
Obj_14408,1185569,EGIPS J210215.5+010801,315.5647993,1.1337037,J210215.55+010801.3,0.96
Obj_3843,2294658,EGIPS J065141.9+471353,102.9247303,47.2315315,J065141.94+471353.5,0.96
Obj_14666,       ,EGIPS J213456.4-062834,323.7353391,-6.4763089,J213456.48-062834.7,0.96
Obj_1673,2053520,EGIPS J020908.0+344320,32.2836079,34.7224345,J020908.07+344320.8,0.96
Obj_2266,11067,EGIPS J025548.8+010445,43.9537218,1.0793757,J025548.89+010445.8,0.96
Obj_1179,2318443,EGIPS J012543.9+482854,21.4329683,48.4818739,J012543.91+482854.7,0.96
Obj_15315,803970,EGIPS J223253.9-231013,338.2248649,-23.1704906,J223253.97-231013.8,0.96
Obj_3181,       ,EGIPS J045148.4+035841,72.9519939,3.9783276,J045148.48+035842.0,0.96
Obj_10673,1725899,EGIPS J144215.3+250653,220.5640679,25.1149119,J144215.38+250653.7,0.96
Obj_8182,1698162,EGIPS J120311.8+240119,180.7992145,24.0221789,J120311.81+240119.8,0.96
Obj_2273,11087,EGIPS J025609.4+370323,44.0393232,37.0564415,J025609.44+370323.2,0.96
Obj_4665,22758,EGIPS J080638.6+670254,121.6610018,67.0484176,J080638.64+670254.3,0.96
Obj_7380,2443270,EGIPS J111531.4+533102,168.8808854,53.5172809,J111531.41+533102.2,0.96
Obj_15753,       ,EGIPS J230729.2+030009,346.871704,3.0025418,J230729.21+030009.2,0.96
Obj_7592,35235,EGIPS J112718.8+383951,171.8287413,38.6643171,J112718.90+383951.5,0.96
Obj_1366,       ,EGIPS J014301.7-114357,25.7573306,-11.7325396,J014301.76-114357.1,0.96
Obj_11607,994448,EGIPS J155345.3-090943,238.4388442,-9.1621871,J155345.32-090943.9,0.96
Obj_14840,67561,EGIPS J215250.1-103039,328.2088838,-10.5108667,J215250.13-103039.1,0.96
Obj_2612,92028,EGIPS J032949.5-285057,52.4562679,-28.8492394,J032949.50-285057.3,0.96
Obj_14734,924993,EGIPS J214227.3-142420,325.6137819,-14.4057422,J214227.31-142420.7,0.96
Obj_2748,993796,EGIPS J034549.6-091254,56.4568756,-9.2152683,J034549.65-091255.0,0.96
Obj_12409,1386842,EGIPS J164451.8+105710,251.2162231,10.9530056,J164451.89+105710.8,0.96
Obj_14914,163580,EGIPS J215943.0-153554,329.9294738,-15.5985826,J215943.07-153554.9,0.96
Obj_526,90486,EGIPS J003921.6+450716,9.840351,45.1212625,J003921.68+450716.5,0.96
Obj_3139,919345,EGIPS J044646.3-145000,71.6932571,-14.8335908,J044646.38-145000.9,0.96
Obj_4385,1077292,EGIPS J074637.4-030322,116.6558404,-3.0563051,J074637.40-030322.7,0.96
Obj_9054,2373750,EGIPS J125612.7+502744,194.0531198,50.4622553,J125612.75+502744.1,0.96
Obj_15478,1400736,EGIPS J224409.8+115442,341.0411851,11.9119432,J224409.88+115443.0,0.96
Obj_11159,91430,EGIPS J151829.4+075116,229.6228407,7.8546364,J151829.48+075116.7,0.96
Obj_13297,2366089,EGIPS J180644.9+501223,271.687241,50.2066611,J180644.94+501224.0,0.96
Obj_6034,1436275,EGIPS J095110.3+133803,147.792974,13.6343371,J095110.31+133803.6,0.96
Obj_15128,       ,EGIPS J221606.7+161526,334.0282003,16.2572668,J221606.77+161526.2,0.95
Obj_568,       ,EGIPS J004138.2+020659,10.4092893,2.1164401,J004138.23+020659.2,0.95
Obj_7920,91144,EGIPS J114648.5+655032,176.7024568,65.8423486,J114648.59+655032.5,0.95
Obj_865,1070509,EGIPS J010404.5-032941,16.0187737,-3.4948789,J010404.51-032941.6,0.95
Obj_14483,3937845,EGIPS J211100.1+172159,317.7505572,17.3666345,J211100.13+172159.9,0.95
Obj_9984,766271,EGIPS J135702.0-263507,209.2584468,-26.5854048,J135702.03-263507.5,0.95
Obj_10316,51038,EGIPS J141722.7-290050,214.3446763,-29.0139327,J141722.72-290050.2,0.95
Obj_5688,153949,EGIPS J092400.2-020345,141.0009164,-2.0627697,J092400.22-020346.0,0.95
Obj_12118,2163120,EGIPS J162435.2+401521,246.146812,40.2558671,J162435.23+401521.1,0.95
Obj_6216,1792848,EGIPS J100254.0+265603,150.7251497,26.9342973,J100254.04+265603.5,0.95
Obj_11799,57093,EGIPS J160544.5+161213,241.4355997,16.2036683,J160544.54+161213.2,0.95
Obj_10188,1003670,EGIPS J140928.8-082633,212.3702129,-8.4427123,J140928.85-082633.8,0.95
Obj_12676,5072451,EGIPS J170422.1+283150,256.0921626,28.5308186,J170422.12+283150.9,0.95
Obj_3279,2437518,EGIPS J050422.1+531845,76.0924719,53.3125969,J050422.19+531845.3,0.95
Obj_6620,155339,EGIPS J103019.3-173558,157.5805905,-17.5996381,J103019.34-173558.7,0.95
Obj_15479,755574,EGIPS J224414.8-272346,341.0618653,-27.3962856,J224414.85-272346.6,0.95
Obj_7828,952989,EGIPS J114106.2-122526,175.276112,-12.4241607,J114106.27-122527.0,0.95
Obj_14563,810106,EGIPS J212245.4-224216,320.6894564,-22.7046874,J212245.47-224216.9,0.95
Obj_11110,1437513,EGIPS J151414.3+134046,228.5599487,13.6795002,J151414.39+134046.2,0.95
Obj_8920,183301,EGIPS J124920.7-093010,192.3365475,-9.5027828,J124920.77-093010.0,0.95
Obj_13384,61700,EGIPS J181759.8+283520,274.4994895,28.5891458,J181759.88+283520.9,0.95
Obj_11911,57432,EGIPS J161132.8+331956,242.886703,33.3323055,J161132.81+331956.3,0.95
Obj_14203,783459,EGIPS J203703.0-250130,309.2626219,-25.0252685,J203703.03-250131.0,0.95
Obj_7092,1370148,EGIPS J105954.5+094735,164.9774143,9.7930725,J105954.58+094735.1,0.95
Obj_3064,15588,EGIPS J043523.7-260316,68.8488412,-26.0545342,J043523.72-260316.3,0.95
Obj_3265,       ,EGIPS J050250.2+075851,75.7092671,7.980924,J050250.22+075851.3,0.95
Obj_16384,1740814,EGIPS J235612.0+253316,359.0503911,25.5545937,J235612.09+253316.5,0.95
Obj_6345,1760844,EGIPS J101108.3+260315,152.7848227,26.05425,J101108.36+260315.3,0.95
Obj_10270,2563187,EGIPS J141406.2+571959,213.5259683,57.3331203,J141406.23+571959.2,0.95
Obj_615,       ,EGIPS J004501.9+231043,11.2581347,23.178732,J004501.95+231043.4,0.95
Obj_7870,4624326,EGIPS J114332.7+194338,175.886665,19.7272571,J114332.80+194338.1,0.95
Obj_4927,180866,EGIPS J082525.1-015910,126.3549693,-1.986117,J082525.19-015910.0,0.95
Obj_7273,1151284,EGIPS J111022.5-000736,167.5938854,-0.126938,J111022.53-000737.0,0.95
Obj_16006,1334511,EGIPS J232753.5+075528,351.9729318,7.9246718,J232753.50+075528.8,0.95
Obj_2976,1295467,EGIPS J042407.0+060912,66.0292948,6.1535396,J042407.03+060912.7,0.95
Obj_4789,23146,EGIPS J081521.4+213332,123.8394006,21.5589195,J081521.46+213332.1,0.95
Obj_3985,1400002,EGIPS J070710.7+115158,106.7947177,11.8661441,J070710.73+115158.1,0.95
Obj_14417,926204,EGIPS J210333.5-141845,315.8899365,-14.3125883,J210333.58-141845.3,0.95
Obj_2478,2198551,EGIPS J031634.4+422519,49.143595,42.4220045,J031634.46+422519.2,0.95
Obj_15631,3374623,EGIPS J225749.3+141119,344.4554432,14.1887607,J225749.31+141119.5,0.95
Obj_10259,1315925,EGIPS J141333.3+071131,213.3890139,7.192132,J141333.36+071131.7,0.95
Obj_7041,91064,EGIPS J105658.7+094910,164.2449557,9.8196943,J105658.79+094910.9,0.95
Obj_2674,5072239,EGIPS J033657.6+040901,54.2400904,4.1504554,J033657.62+040901.6,0.95
Obj_9334,       ,EGIPS J131246.2-035729,198.192803,-3.9583031,J131246.27-035729.9,0.95
Obj_1022,90530,EGIPS J011431.7+370537,18.6324513,37.093864,J011431.79+370537.9,0.95
Obj_7094,4546412,EGIPS J105957.5+290100,164.9899451,29.0167811,J105957.59+290100.4,0.95
Obj_8924,1262463,EGIPS J124929.0+040200,192.3710736,4.0334611,J124929.06+040200.5,0.95
Obj_4424,1018043,EGIPS J074931.3-072939,117.3804948,-7.4944048,J074931.32-072939.9,0.95
Obj_7944,963070,EGIPS J114813.9-114020,177.0583238,-11.6724145,J114814.00-114020.7,0.95
Obj_12879,       ,EGIPS J172518.7+125230,261.3280123,12.8750501,J172518.72+125230.2,0.95
Obj_10099,933654,EGIPS J140417.8-134536,211.0742629,-13.7600725,J140417.82-134536.3,0.95
Obj_111,90454,EGIPS J000845.6-043757,2.1900553,-4.63251,J000845.61-043757.0,0.95
Obj_16367,1064219,EGIPS J235447.8-040007,358.6994906,-4.0019954,J235447.88-040007.2,0.95
Obj_6774,31789,EGIPS J104043.7+394747,160.1823282,39.7964517,J104043.76+394747.2,0.95
Obj_8203,157322,EGIPS J120421.9-004309,181.0915648,-0.7193166,J120421.98-004309.5,0.95
Obj_15149,4016669,EGIPS J221812.7+125006,334.5531431,12.8352754,J221812.75+125007.0,0.95
Obj_11200,54845,EGIPS J152155.1-250815,230.4796736,-25.1376572,J152155.12-250815.6,0.95
Obj_8790,1037138,EGIPS J124102.2-060404,190.2594758,-6.0678796,J124102.27-060404.4,0.95
Obj_2380,       ,EGIPS J030641.4-132012,46.6728169,-13.3367728,J030641.48-132012.4,0.95
Obj_12344,1525857,EGIPS J164026.6+170907,250.1111591,17.1520123,J164026.68+170907.2,0.95
Obj_13497,       ,EGIPS J183547.7+534111,278.9489617,53.6864793,J183547.75+534111.3,0.95
Obj_1140,90545,EGIPS J012345.7-142828,20.940777,-14.4744488,J012345.79-142828.0,0.95
Obj_14969,1043453,EGIPS J220509.1-053212,331.2879438,-5.5367755,J220509.11-053212.4,0.95
Obj_15520,1371484,EGIPS J224805.7+095316,342.0239453,9.8880249,J224805.75+095316.9,0.95
Obj_14294,91680,EGIPS J204838.4-171429,312.160177,-17.2415346,J204838.44-171429.5,0.95
Obj_7099,156148,EGIPS J110013.0-091521,165.0543471,-9.2560971,J110013.04-091521.9,0.95
Obj_1291,985605,EGIPS J013531.9-095114,23.8829608,-9.8539467,J013531.91-095114.2,0.95
Obj_12577,2006930,EGIPS J165834.7+323934,254.6448555,32.6595221,J165834.77+323934.3,0.95
Obj_11712,3857562,EGIPS J160045.3-014747,240.1887932,-1.7964654,J160045.31-014747.3,0.95
Obj_918,964212,EGIPS J010704.8-113403,16.7701833,-11.5675046,J010704.84-113403.0,0.95
Obj_4653,       ,EGIPS J080552.1+035605,121.4673352,3.9347312,J080552.16+035605.0,0.95
Obj_11588,1036037,EGIPS J155211.7-060950,238.0489769,-6.164106,J155211.75-060950.8,0.95
Obj_12363,2234337,EGIPS J164152.2+440028,250.4675162,44.0078382,J164152.20+440028.2,0.95
Obj_8917,2344221,EGIPS J124911.7+492848,192.2991471,49.4800389,J124911.80+492848.1,0.95
Obj_11534,2750244,EGIPS J154833.8+723322,237.1409764,72.5562421,J154833.83+723322.5,0.95
Obj_322,1818023,EGIPS J002421.5+274720,6.0896641,27.7890592,J002421.52+274720.6,0.95
Obj_9666,2126289,EGIPS J133443.8+382440,203.6828652,38.4113351,J133443.89+382440.8,0.95
Obj_14295,162689,EGIPS J204848.7-211517,312.2029286,-21.2549706,J204848.70-211517.9,0.95
Obj_5984,1328875,EGIPS J094745.5+074239,146.9398545,7.7110509,J094745.57+074239.8,0.95
Obj_3303,1349766,EGIPS J050748.9+083516,76.9539191,8.587948,J050748.94+083516.6,0.95
Obj_10141,50315,EGIPS J140623.9-224151,211.5997166,-22.6977131,J140623.93-224151.8,0.95
Obj_272,1238854,EGIPS J002131.6+025029,5.3818828,2.841459,J002131.65+025029.3,0.95
Obj_4357,5072276,EGIPS J074341.5+170850,115.9229581,17.1473738,J074341.51+170850.5,0.95
Obj_11840,57247,EGIPS J160804.8+135435,242.0200364,13.9099613,J160804.81+135435.9,0.95
Obj_2996,146303,EGIPS J042717.7-120656,66.8239308,-12.1157582,J042717.74-120656.7,0.95
Obj_15372,       ,EGIPS J223712.4+345828,339.3018246,34.9746584,J223712.44+345828.8,0.95
Obj_8159,37968,EGIPS J120152.7+223153,180.4696007,22.5314976,J120152.70+223153.4,0.95
Obj_1096,1365643,EGIPS J012035.5+092829,20.1482391,9.4749542,J012035.58+092829.8,0.95
Obj_8992,970766,EGIPS J125313.2-110208,193.3052562,-11.0355915,J125313.26-110208.1,0.95
Obj_822,173276,EGIPS J010057.9-025117,15.241556,-2.8549404,J010057.97-025117.8,0.95
Obj_6498,1342521,EGIPS J102157.1+081423,155.4881117,8.2397945,J102157.15+081423.3,0.95
Obj_14933,       ,EGIPS J220152.2-043023,330.4678109,-4.5064518,J220152.27-043023.2,0.95
Obj_13084,91608,EGIPS J174735.8+360429,266.899421,36.0749542,J174735.86+360429.8,0.95
Obj_1167,1368185,EGIPS J012517.7+093927,21.3237543,9.6577494,J012517.70+093927.9,0.95
Obj_9743,1592138,EGIPS J134000.1+192601,205.0004904,19.4338198,J134000.12+192601.8,0.95
Obj_15280,       ,EGIPS J223005.2+381125,337.5218796,38.1904894,J223005.25+381125.8,0.95
Obj_13425,1775002,EGIPS J182452.3+262420,276.2180689,26.4055946,J182452.34+262420.1,0.95
Obj_5325,1062698,EGIPS J085625.8-040645,134.1077408,-4.1126164,J085625.86-040645.4,0.95
Obj_10393,91357,EGIPS J142403.7+384632,216.015765,38.775587,J142403.78+384632.1,0.95
Obj_418,3335536,EGIPS J003239.0-005552,8.1628591,-0.9312083,J003239.09-005552.3,0.95
Obj_13819,740825,EGIPS J193603.5-283039,294.0147821,-28.5109652,J193603.55-283039.5,0.95
Obj_5509,2695220,EGIPS J091218.9+670639,138.0788976,67.1108383,J091218.94+670639.0,0.95
Obj_4548,1304688,EGIPS J075755.1+063825,119.4799726,6.6404858,J075755.19+063825.7,0.95
Obj_13307,61449,EGIPS J180833.7+254328,272.1405945,25.7247204,J180833.74+254329.0,0.95
Obj_16140,       ,EGIPS J233922.8+180051,354.8450752,18.0142475,J233922.82+180051.3,0.95
Obj_11566,1829941,EGIPS J155033.0+281353,237.6375751,28.231593,J155033.02+281353.7,0.95
Obj_5306,25039,EGIPS J085513.1+520224,133.8047452,52.0401642,J085513.14+520224.6,0.95
Obj_3713,       ,EGIPS J063226.6+393941,98.1108981,39.661458,J063226.62+393941.2,0.95
Obj_10744,790091,EGIPS J144653.9-242534,221.7246244,-24.4262651,J144653.91-242534.6,0.95
Obj_2672,1063106,EGIPS J033650.4-040457,54.210154,-4.0825584,J033650.44-040457.2,0.95
Obj_10360,92973,EGIPS J142108.8+101646,215.2867611,10.2795983,J142108.82+101646.6,0.95
Obj_15104,1096363,EGIPS J221453.6-021707,333.7235127,-2.2854864,J221453.64-021707.8,0.95
Obj_10584,140340,EGIPS J143601.3+195656,219.0056358,19.9489541,J143601.35+195656.2,0.95
Obj_9978,49589,EGIPS J135640.6+201017,209.1692068,20.1716004,J135640.61+201017.8,0.95
Obj_6321,90991,EGIPS J100929.7+521506,152.3739865,52.2518185,J100929.76+521506.5,0.95
Obj_13324,61497,EGIPS J181045.1+251219,272.6882413,25.2054841,J181045.18+251219.7,0.95
Obj_7303,3767316,EGIPS J111204.8+135734,168.0203361,13.9595617,J111204.88+135734.4,0.95
Obj_5459,90897,EGIPS J090828.5+384221,137.1190381,38.7060649,J090828.57+384221.8,0.95
Obj_10281,92438,EGIPS J141445.0-230342,213.6875221,-23.06176,J141445.01-230342.3,0.95
Obj_5822,90930,EGIPS J093550.1+225527,143.9588333,22.9242228,J093550.12+225527.2,0.95
Obj_1013,4458,EGIPS J011406.7+380721,18.5282571,38.1227262,J011406.78+380721.8,0.95
Obj_2703,3104770,EGIPS J034000.2-062858,55.001248,-6.4830241,J034000.30-062858.9,0.95
Obj_15037,91730,EGIPS J220951.4+072547,332.4644733,7.4297482,J220951.47+072547.1,0.95
Obj_5857,90933,EGIPS J093808.0+554049,144.5335819,55.6804238,J093808.06+554049.5,0.95
Obj_16316,91828,EGIPS J235127.6-035128,357.8651662,-3.8578672,J235127.64-035128.3,0.95
Obj_12819,5072281,EGIPS J171906.6+250908,259.7776794,25.152462,J171906.64+250908.9,0.95
Obj_12534,3366156,EGIPS J165506.2+393440,253.7762114,39.5780527,J165506.29+393441.0,0.95
Obj_5134,2664789,EGIPS J084055.8+640756,130.232785,64.1324102,J084055.87+640756.7,0.95
Obj_15173,1448927,EGIPS J222022.9+140519,335.0957048,14.0887114,J222022.97+140519.4,0.95
Obj_4144,5072270,EGIPS J072020.5+322421,110.0857304,32.4058727,J072020.58+322421.1,0.95
Obj_4950,1420911,EGIPS J082704.2+130048,126.7678963,13.0135224,J082704.30+130048.7,0.95
Obj_7826,1002213,EGIPS J114104.7-083320,175.2697592,-8.5557471,J114104.74-083320.7,0.95
Obj_11670,91491,EGIPS J155818.4+411442,239.5769057,41.2450531,J155818.46+411442.2,0.95
Obj_1942,90618,EGIPS J023025.4-163512,37.606058,-16.5866842,J023025.45-163512.1,0.95
Obj_12640,4007503,EGIPS J170259.0+392433,255.7462006,39.4094382,J170259.09+392434.0,0.95
Obj_15545,1753645,EGIPS J225033.9+255302,342.6413036,25.8841417,J225033.91+255302.9,0.95
Obj_6372,1089765,EGIPS J101239.3-023112,153.163892,-2.5200392,J101239.33-023112.1,0.95
Obj_10592,52222,EGIPS J143650.6+294525,219.2111451,29.7570925,J143650.67+294525.5,0.95
Obj_1707,1091876,EGIPS J021126.1-022632,32.8590444,-2.442448,J021126.17-022632.8,0.95
Obj_16292,91827,EGIPS J235000.0-070503,357.5003705,-7.0841769,J235000.09-070503.0,0.95
Obj_15517,4667713,EGIPS J224759.2+431131,341.9967323,43.1920569,J224759.22+431131.4,0.95
Obj_4438,1794675,EGIPS J075042.3+265936,117.6764828,26.9935193,J075042.36+265936.7,0.95
Obj_13391,       ,EGIPS J181949.3+350208,274.9554807,35.0356735,J181949.32+350208.4,0.95
Obj_15087,1073911,EGIPS J221332.8-031521,333.3870427,-3.2558823,J221332.89-031521.2,0.95
Obj_15737,1304359,EGIPS J230608.0+063725,346.5336214,6.6236131,J230608.07+063725.0,0.95
Obj_9159,4553669,EGIPS J130208.8+310419,195.5370012,31.0721396,J130208.88+310419.7,0.94
Obj_6361,2144756,EGIPS J101205.0+391018,153.0210595,39.1718767,J101205.05+391018.8,0.94
Obj_9719,48184,EGIPS J133813.5+062756,204.556463,6.465644,J133813.55+062756.3,0.94
Obj_2958,3677695,EGIPS J042205.9+132424,65.5247269,13.4068022,J042205.93+132424.5,0.94
Obj_13362,2250563,EGIPS J181456.5+444325,273.7356957,44.7238268,J181456.57+444325.8,0.94
Obj_8650,5059206,EGIPS J123147.7+255920,187.948781,25.989012,J123147.71+255920.4,0.94
Obj_98,3377554,EGIPS J000719.5+155707,1.831429,15.952118,J000719.54+155707.6,0.94
Obj_13419,       ,EGIPS J182435.2+675324,276.1467005,67.89025,J182435.21+675324.9,0.94
Obj_8733,3792495,EGIPS J123659.3+301845,189.2474492,30.3126807,J123659.39+301845.7,0.94
Obj_2858,1408652,EGIPS J040257.1+122320,60.7381179,12.3889911,J040257.15+122320.4,0.94
Obj_15899,979580,EGIPS J231854.0-101942,349.7251323,-10.3283957,J231854.03-101942.2,0.94
Obj_11920,2098235,EGIPS J161207.3+371958,243.0307794,37.3327942,J161207.39+371958.1,0.94
Obj_14445,1384733,EGIPS J210654.7+104823,316.7283158,10.8066665,J210654.80+104824.0,0.94
Obj_15326,89233,EGIPS J223330.5-261410,338.3772438,-26.2363751,J223330.54-261411.0,0.94
Obj_10815,1585353,EGIPS J145152.4+191426,222.968398,19.2406555,J145152.42+191426.4,0.94
Obj_336,3595462,EGIPS J002531.5-201602,6.3815144,-20.2672264,J002531.56-201602.0,0.94
Obj_10346,992588,EGIPS J141928.3-091858,214.8680205,-9.316297,J141928.32-091858.7,0.94
Obj_5529,2544590,EGIPS J091358.9+564119,138.4957434,56.6886285,J091358.98+564119.1,0.94
Obj_6940,32548,EGIPS J105123.0-100800,162.846236,-10.1334054,J105123.10-100800.3,0.94
Obj_10930,1738716,EGIPS J150014.2+252948,225.0593145,25.4966852,J150014.24+252948.1,0.94
Obj_12326,       ,EGIPS J163859.8+672811,249.7491674,67.4697838,J163859.80+672811.2,0.94
Obj_8783,3402220,EGIPS J124031.3+522606,190.1308289,52.4351628,J124031.40+522606.6,0.94
Obj_5591,213581,EGIPS J091822.4+795849,139.5933632,79.9804875,J091822.41+795849.8,0.94
Obj_11697,2068808,EGIPS J160002.4+354227,240.0101281,35.7075341,J160002.43+354227.1,0.94
Obj_12182,2205732,EGIPS J162851.8+424600,247.2160794,42.7668808,J162851.86+424600.8,0.94
Obj_3537,17945,EGIPS J054939.7-242526,87.4156804,-24.4239017,J054939.76-242526.0,0.94
Obj_9183,2118389,EGIPS J130333.8+380716,195.8911077,38.1211717,J130333.87+380716.2,0.94
Obj_2079,144988,EGIPS J024207.3+010108,40.5306437,1.0190427,J024207.35+010108.6,0.94
Obj_4074,2269147,EGIPS J071438.8+454204,108.662005,45.7011546,J071438.88+454204.2,0.94
Obj_10425,1291154,EGIPS J142612.8+055432,216.5533448,5.9089505,J142612.80+055432.2,0.94
Obj_1687,1483484,EGIPS J021035.1+152343,32.6464247,15.3954287,J021035.14+152343.5,0.94
Obj_7645,1771878,EGIPS J113053.2+261929,172.721933,26.3247407,J113053.26+261929.1,0.94
Obj_1148,5163,EGIPS J012414.9-055845,21.0623146,-5.9792517,J012414.96-055845.3,0.94
Obj_6648,91021,EGIPS J103141.9-165106,157.9247824,-16.8517108,J103141.95-165106.2,0.94
Obj_15843,70808,EGIPS J231454.2-205944,348.7260007,-20.995719,J231454.24-205944.6,0.94
Obj_11957,2315195,EGIPS J161355.9+482002,243.4831781,48.3339328,J161355.96+482002.2,0.94
Obj_4987,972595,EGIPS J082952.7-105255,127.4699373,-10.8822014,J082952.78-105255.9,0.94
Obj_13541,2036982,EGIPS J184301.0+334101,280.7542698,33.6837049,J184301.02+334101.3,0.94
Obj_12839,60113,EGIPS J172057.3+420920,260.239025,42.1556394,J172057.37+420920.3,0.94
Obj_4958,1537491,EGIPS J082747.3+173752,126.947491,17.6313581,J082747.40+173752.9,0.94
Obj_7622,91124,EGIPS J112937.0-132948,172.4042162,-13.4968101,J112937.01-132948.5,0.94
Obj_8554,40621,EGIPS J122558.2+032547,186.492729,3.4298002,J122558.25+032547.3,0.94
Obj_11114,84536,EGIPS J151451.6+071447,228.7151618,7.2466286,J151451.64+071447.9,0.94
Obj_14247,92612,EGIPS J204337.0-194203,310.9042803,-19.7010359,J204337.03-194203.7,0.94
Obj_3029,2766594,EGIPS J043142.0+750919,67.9252032,75.1554286,J043142.05+750919.5,0.94
Obj_7813,2247408,EGIPS J114023.4+443447,175.097708,44.5797544,J114023.45+443447.1,0.94
Obj_2676,3662933,EGIPS J033708.6+063445,54.2859017,6.5792596,J033708.62+063445.3,0.94
Obj_3507,2440782,EGIPS J054542.9+532536,86.4288488,53.426679,J054542.92+532536.0,0.94
Obj_7787,36102,EGIPS J113903.3-001221,174.7640012,-0.205951,J113903.36-001221.4,0.94
Obj_11161,1760643,EGIPS J151846.6+260257,229.6944773,26.0493264,J151846.67+260257.6,0.94
Obj_16285,939045,EGIPS J234924.7-132132,357.3531006,-13.3590238,J234924.74-132132.5,0.94
Obj_122,4011966,EGIPS J000924.1+003216,2.3506346,0.5379514,J000924.15+003216.6,0.94
Obj_7851,2066442,EGIPS J114251.5+353347,175.714748,35.5633236,J114251.54+353348.0,0.94
Obj_1428,90564,EGIPS J014822.3+335041,27.0933308,33.8447376,J014822.40+335041.1,0.94
Obj_13823,91662,EGIPS J193642.2+770607,294.1759177,77.1019562,J193642.22+770607.0,0.94
Obj_6734,83275,EGIPS J103828.7-090121,159.6197781,-9.0225261,J103828.75-090121.1,0.94
Obj_1218,5518,EGIPS J012848.6+342045,22.2026989,34.3458682,J012848.65+342045.1,0.94
Obj_15034,       ,EGIPS J220940.4-105838,332.4184519,-10.9774346,J220940.43-105838.8,0.94
Obj_8916,183295,EGIPS J124911.0-204547,192.2959712,-20.7631159,J124911.03-204547.2,0.94
Obj_297,1267238,EGIPS J002252.0+042152,5.7168578,4.3644959,J002252.05+042152.2,0.94
Obj_9777,887385,EGIPS J134248.0-171118,205.700034,-17.1885932,J134248.01-171118.9,0.94
Obj_3435,946307,EGIPS J053021.8-125236,82.5911735,-12.8768909,J053021.88-125236.8,0.94
Obj_3504,90741,EGIPS J054531.0+760048,86.3794161,76.0134221,J054531.06+760048.3,0.94
Obj_6282,1702796,EGIPS J100621.9+241424,151.5912969,24.2400741,J100621.91+241424.3,0.94
Obj_15998,1438338,EGIPS J232643.8+134238,351.6826253,13.7107898,J232643.83+134238.8,0.94
Obj_3330,1208858,EGIPS J051137.2+015255,77.9052653,1.8819985,J051137.26+015255.2,0.94
Obj_6614,2282636,EGIPS J103002.8+463118,157.5120077,46.5217726,J103002.88+463118.4,0.94
Obj_9933,2547608,EGIPS J135316.3+564655,208.3180677,56.7822026,J135316.34+564655.9,0.94
Obj_2375,3652000,EGIPS J030604.3+050548,46.5179804,5.0968116,J030604.32+050548.5,0.94
Obj_1772,91970,EGIPS J021706.7-270930,34.2782843,-27.1585907,J021706.79-270930.9,0.94
Obj_10384,2348725,EGIPS J142314.3+493751,215.8096207,49.6308835,J142314.31+493751.2,0.94
Obj_7805,1691249,EGIPS J113948.2+233922,174.9509446,23.6562885,J113948.23+233922.6,0.94
Obj_13783,       ,EGIPS J192948.6+531054,292.4527192,53.1819171,J192948.65+531054.9,0.94
Obj_8141,2074031,EGIPS J120052.2+360230,180.2177681,36.0419144,J120052.26+360230.9,0.94
Obj_10287,2575904,EGIPS J141454.7+581239,213.7280012,58.2109828,J141454.72+581239.5,0.94
Obj_8594,1564127,EGIPS J122817.2+183533,187.0719091,18.59259,J122817.26+183533.3,0.94
Obj_12708,1369069,EGIPS J170758.8+094315,256.9950479,9.72096,J170758.81+094315.5,0.94
Obj_8923,1788340,EGIPS J124925.5+264711,192.3563971,26.786532,J124925.54+264711.5,0.94
Obj_13983,2591919,EGIPS J200159.2+593412,300.4967888,59.5702636,J200159.23+593412.9,0.94
Obj_2713,747561,EGIPS J034057.1-275742,55.237973,-27.9617698,J034057.11-275742.4,0.94
Obj_459,136990,EGIPS J003541.4+531507,8.922788,53.2521744,J003541.47+531507.8,0.94
Obj_11727,1211615,EGIPS J160140.8+015749,240.4202311,1.9638022,J160140.86+015749.7,0.94
Obj_6228,2088011,EGIPS J100326.3+365040,150.8596603,36.8445588,J100326.32+365040.4,0.94
Obj_5598,1432660,EGIPS J091857.6+133011,139.7401731,13.503178,J091857.64+133011.4,0.94
Obj_4320,21503,EGIPS J073925.2+085352,114.8552844,8.8978595,J073925.27+085352.3,0.94
Obj_11752,5072429,EGIPS J160319.1+120321,240.8299024,12.0559222,J160319.18+120321.3,0.94
Obj_12044,       ,EGIPS J161944.5+015420,244.9355948,1.9056724,J161944.54+015420.4,0.94
Obj_7464,91108,EGIPS J111957.5+303434,169.9898777,30.5763767,J111957.57+303435.0,0.94
Obj_3251,92107,EGIPS J050136.8-221519,75.4033508,-22.2554589,J050136.80-221519.7,0.94
Obj_14278,1134206,EGIPS J204711.1-004828,311.7962854,-0.8079679,J204711.11-004828.7,0.94
Obj_342,2156406,EGIPS J002557.3+395001,6.4889974,39.8337498,J002557.36+395001.5,0.94
Obj_903,3609730,EGIPS J010620.6-133138,16.5861387,-13.5274217,J010620.67-133138.7,0.94
Obj_4333,1813178,EGIPS J074039.1+273640,115.1631359,27.6112519,J074039.15+273640.5,0.94
Obj_4101,90776,EGIPS J071641.5+301552,109.1732186,30.2645386,J071641.57+301552.3,0.94
Obj_15529,       ,EGIPS J224915.0+040056,342.3125855,4.0156116,J224915.02+040056.2,0.94
Obj_2723,13646,EGIPS J034256.0-125458,55.7337197,-12.9161837,J034256.09-125458.3,0.94
Obj_15254,1678053,EGIPS J222728.6+225413,336.8693956,22.9036743,J222728.65+225413.2,0.94
Obj_5713,26721,EGIPS J092524.8+110425,141.3533602,11.0737938,J092524.81+110425.7,0.94
Obj_9528,787313,EGIPS J132556.1-244041,201.484115,-24.6782269,J132556.19-244041.6,0.94
Obj_5334,1467293,EGIPS J085756.1+144729,134.4837786,14.7916447,J085756.11+144729.9,0.94
Obj_14716,1377731,EGIPS J213957.7+101855,324.9906669,10.3152999,J213957.76+101855.1,0.94
Obj_7935,2093798,EGIPS J114743.0+370822,176.9293325,37.1397082,J114743.04+370822.9,0.94
Obj_12478,3138090,EGIPS J164953.8+625031,252.4742553,62.842026,J164953.82+625031.3,0.94
Obj_5739,957215,EGIPS J092826.8-120801,142.1119197,-12.1336216,J092826.86-120801.0,0.94
Obj_579,985821,EGIPS J004200.6-095003,10.5026069,-9.8344079,J004200.63-095003.9,0.94
Obj_13276,91620,EGIPS J180405.5+602404,271.0230765,60.4013013,J180405.54+602404.7,0.94
Obj_4502,2238810,EGIPS J075501.3+441137,118.7554705,44.193851,J075501.31+441137.9,0.94
Obj_5602,90909,EGIPS J091905.2+310613,139.7720528,31.1038053,J091905.29+310613.7,0.94
Obj_4765,23069,EGIPS J081357.2+523853,123.4883543,52.6480578,J081357.21+523853.0,0.93
Obj_10984,1598813,EGIPS J150409.8+193629,226.0411684,19.6081172,J150409.88+193629.2,0.93
Obj_8863,1279971,EGIPS J124522.1+051311,191.3424241,5.2197225,J124522.18+051311.0,0.93
Obj_12657,2734754,EGIPS J170343.1+701307,255.9298017,70.2188448,J170343.15+701307.8,0.93
Obj_5470,4088010,EGIPS J090923.1+273711,137.3463836,27.6199333,J090923.13+273711.8,0.93
Obj_1253,3619836,EGIPS J013149.1+351654,22.954749,35.2818452,J013149.14+351654.6,0.93
Obj_11740,2047808,EGIPS J160223.6+342102,240.5983879,34.3507701,J160223.61+342102.8,0.93
Obj_7974,2103164,EGIPS J114958.8+373211,177.4953399,37.5365479,J114958.88+373211.6,0.93
Obj_4611,1034105,EGIPS J080205.8-061943,120.524228,-6.3286474,J080205.81-061943.1,0.93
Obj_11785,2208008,EGIPS J160512.7+425233,241.3029723,42.8759884,J160512.71+425233.6,0.93
Obj_14929,       ,EGIPS J220127.7-104710,330.3654992,-10.7862946,J220127.72-104710.7,0.93
Obj_11049,54067,EGIPS J150841.2-290741,227.1718645,-29.1282686,J150841.25-290741.8,0.93
Obj_1069,212704,EGIPS J011857.1+441424,19.7379601,44.2400454,J011857.11+441424.2,0.93
Obj_5777,90923,EGIPS J093200.7+121541,143.003272,12.2616536,J093200.79+121542.0,0.93
Obj_7085,91071,EGIPS J105933.7-061646,164.8905783,-6.2796218,J105933.74-061646.6,0.93
Obj_12262,91539,EGIPS J163356.0+434543,248.4835435,43.7621521,J163356.05+434543.7,0.93
Obj_4007,1357753,EGIPS J070932.1+090004,107.3839884,9.001285,J070932.16+090004.6,0.93
Obj_5860,1522377,EGIPS J093820.7+170038,144.5865764,17.0107135,J093820.78+170038.6,0.93
Obj_10960,1184781,EGIPS J150254.6+010627,225.7278527,1.1075819,J150254.68+010627.3,0.93
Obj_9446,91276,EGIPS J132010.5+113002,200.0439256,11.5008127,J132010.54+113002.9,0.93
Obj_1390,1942317,EGIPS J014527.1+312001,26.3629929,31.3337437,J014527.12+312001.5,0.93
Obj_8799,1257832,EGIPS J124143.2+034446,190.4300023,3.7463124,J124143.20+034446.7,0.93
Obj_3278,92110,EGIPS J050417.7-263150,76.0739916,-26.5307235,J050417.76-263150.6,0.93
Obj_10695,92459,EGIPS J144344.5-211917,220.9358103,-21.3215166,J144344.59-211917.5,0.93
Obj_9188,5072365,EGIPS J130350.2+233801,195.9594268,23.6337584,J130350.26+233801.5,0.93
Obj_15614,91764,EGIPS J225643.9+015129,344.1829725,1.8580951,J225643.91+015129.1,0.93
Obj_9078,83695,EGIPS J125746.1+274525,194.4422534,27.7570732,J125746.14+274525.5,0.93
Obj_5373,1035451,EGIPS J090132.0-061301,135.3836783,-6.2170021,J090132.08-061301.2,0.93
Obj_12698,1781787,EGIPS J170707.5+263532,256.7812708,26.5924578,J170707.50+263532.8,0.93
Obj_4043,       ,EGIPS J071212.4+070449,108.0516706,7.0805418,J071212.40+070450.0,0.93
Obj_15010,3956858,EGIPS J220755.6+045312,331.9817935,4.8868139,J220755.63+045312.5,0.93
Obj_5560,1036140,EGIPS J091608.4-060918,139.0353546,-6.1552633,J091608.49-060918.9,0.93
Obj_9999,91325,EGIPS J135808.7+101624,209.5366244,10.2734262,J135808.79+101624.3,0.93
Obj_1402,133811,EGIPS J014605.4-231659,26.5228138,-23.2832781,J014605.48-231659.8,0.93
Obj_5511,90900,EGIPS J091232.5+175842,138.1356214,17.9783671,J091232.55+175842.1,0.93
Obj_12535,1712823,EGIPS J165514.9+243920,253.8121399,24.6556415,J165514.91+243920.3,0.93
Obj_1184,       ,EGIPS J012623.4+315205,21.5978931,31.8682858,J012623.49+315205.8,0.93
Obj_16192,1278937,EGIPS J234213.9+050918,355.5581043,5.1552058,J234213.95+050918.7,0.93
Obj_179,90466,EGIPS J001415.3+015542,3.5641298,1.9284388,J001415.39+015542.4,0.93
Obj_3778,       ,EGIPS J064237.3+284541,100.6555107,28.7614734,J064237.32+284541.3,0.93
Obj_3707,19170,EGIPS J063053.8+593612,97.724512,59.6034963,J063053.88+593612.6,0.93
Obj_11776,       ,EGIPS J160440.6+574308,241.1694815,57.7190078,J160440.68+574308.4,0.93
Obj_12025,91521,EGIPS J161824.3+335634,244.6013486,33.9429353,J161824.32+335634.6,0.93
Obj_3519,4666791,EGIPS J054721.0+505841,86.8377551,50.9781232,J054721.06+505841.2,0.93
Obj_11703,1460919,EGIPS J160019.0+143247,240.0792092,14.5464717,J160019.01+143247.3,0.93
Obj_4594,22482,EGIPS J080101.9+590822,120.258112,59.1396983,J080101.95+590822.9,0.93
Obj_9180,91244,EGIPS J130330.2+102557,195.87617,10.4325304,J130330.28+102557.1,0.93
Obj_1969,89526,EGIPS J023241.5+154306,38.1731787,15.718489,J023241.56+154306.6,0.93
Obj_10338,1216094,EGIPS J141901.1+020619,214.7549627,2.1054082,J141901.19+020619.5,0.93
Obj_486,1510479,EGIPS J003752.6+163034,9.4692949,16.5096375,J003752.63+163034.7,0.93
Obj_1831,3636004,EGIPS J022107.9-025904,35.2831524,-2.9846484,J022107.96-025904.7,0.93
Obj_5746,2577638,EGIPS J092902.4+582100,142.260037,58.3501253,J092902.41+582100.5,0.93
Obj_6786,31846,EGIPS J104128.6+504844,160.3694367,50.8122662,J104128.66+504844.2,0.93
Obj_7267,3261321,EGIPS J111002.9-063021,167.5122056,-6.5060661,J111002.93-063021.8,0.93
Obj_10980,53767,EGIPS J150400.0+521548,226.0003117,52.2633398,J150400.07+521548.0,0.93
Obj_12400,3501562,EGIPS J164414.5+343354,251.0607797,34.5650812,J164414.59+343354.3,0.93
Obj_5250,90873,EGIPS J084959.0+350802,132.4960746,35.1340191,J084959.06+350802.5,0.93
Obj_13649,62744,EGIPS J190447.6+522820,286.1983833,52.4724512,J190447.61+522820.8,0.93
Obj_9447,       ,EGIPS J132010.6-084909,200.0441881,-8.81932,J132010.61-084909.6,0.93
Obj_11289,4465058,EGIPS J152829.3+210008,232.1224517,21.0022772,J152829.39+210008.2,0.93
Obj_5515,1000744,EGIPS J091259.9-084000,138.2498741,-8.6667964,J091259.97-084000.5,0.93
Obj_4483,3444273,EGIPS J075339.8+293415,118.416199,29.5709827,J075339.89+293415.5,0.93
Obj_11519,3853631,EGIPS J154738.2+131444,236.9095762,13.245727,J154738.30+131444.6,0.93
Obj_12585,2143983,EGIPS J165907.0+390803,254.7794731,39.1343076,J165907.07+390803.5,0.93
Obj_7457,2067191,EGIPS J111932.9+353635,169.8872275,35.6097995,J111932.93+353635.3,0.93
Obj_11835,91504,EGIPS J160744.3+652948,241.9347813,65.4968933,J160744.35+652948.8,0.93
Obj_1282,958861,EGIPS J013503.2-120045,23.7634032,-12.0125276,J013503.22-120045.1,0.93
Obj_10293,1302210,EGIPS J141521.1+063051,213.8380901,6.5144172,J141521.14+063051.9,0.93
Obj_2296,11237,EGIPS J025815.6+362959,44.5652744,36.499973,J025815.67+362959.9,0.93
Obj_1233,3339167,EGIPS J012953.5+135631,22.4729331,13.9421441,J012953.50+135631.7,0.93
Obj_13181,2494111,EGIPS J175510.8+551215,268.7951966,55.2042312,J175510.85+551215.2,0.93
Obj_2175,1038320,EGIPS J024852.0-055807,42.2170186,-5.9687553,J024852.08-055807.5,0.93
Obj_10400,1305219,EGIPS J142415.6+064001,216.0652203,6.6670637,J142415.65+064001.4,0.93
Obj_11483,995276,EGIPS J154413.4-090543,236.0558831,-9.0953647,J154413.41-090543.3,0.93
Obj_4275,21357,EGIPS J073538.8+662455,113.9118302,66.415279,J073538.84+662455.0,0.93
Obj_10440,5090038,EGIPS J142719.1+162051,216.8297486,16.3476485,J142719.14+162051.5,0.93
Obj_6286,29405,EGIPS J100705.3-055259,151.7721431,-5.8832287,J100705.31-055259.6,0.93
Obj_11816,3859591,EGIPS J160648.0+074100,241.7001288,7.6835962,J160648.03+074100.9,0.93
Obj_12728,59743,EGIPS J171042.3+742544,257.6766605,74.4289054,J171042.40+742544.1,0.93
Obj_13415,2057970,EGIPS J182400.0+350029,276.0002356,35.0082065,J182400.06+350029.5,0.93
Obj_97,1094135,EGIPS J000716.9-022152,1.8207578,-2.3645751,J000716.98-022152.5,0.93
Obj_4579,22428,EGIPS J080008.5+562156,120.0357558,56.365823,J080008.58+562157.0,0.93
Obj_6389,112936,EGIPS J101401.0-113400,153.5043114,-11.5667327,J101401.03-113400.2,0.93
Obj_11014,966939,EGIPS J150557.5-112035,226.4895932,-11.3432261,J150557.50-112035.6,0.93
Obj_5379,3736972,EGIPS J090210.7+210826,135.5449294,21.1408082,J090210.78+210826.9,0.93
Obj_5321,90883,EGIPS J085553.7+202231,133.9739308,20.3754886,J085553.74+202231.8,0.93
Obj_11076,54217,EGIPS J151127.6+122104,227.865255,12.3511493,J151127.66+122104.1,0.93
Obj_270,1368,EGIPS J002127.0-041352,5.3626148,-4.2311483,J002127.03-041352.1,0.93
Obj_5042,1368809,EGIPS J083413.5+094207,128.5565167,9.7020242,J083413.56+094207.3,0.93
Obj_12342,1354657,EGIPS J164002.7+085023,250.0113847,8.8399547,J164002.73+085023.8,0.92
Obj_11119,91422,EGIPS J151502.5+055541,228.7606686,5.928112,J151502.56+055541.2,0.92
Obj_7022,1686760,EGIPS J105545.6+232407,163.9404,23.4019831,J105545.70+232407.1,0.92
Obj_6702,31423,EGIPS J103613.5+220449,159.0566264,22.0805116,J103613.59+220449.8,0.92
Obj_16194,214980,EGIPS J234224.9+271753,355.6037919,27.2982494,J234224.91+271753.7,0.92
Obj_12404,1345574,EGIPS J164423.2+082233,251.0967146,8.3761073,J164423.21+082234.0,0.92
Obj_2581,176194,EGIPS J032653.5-175037,51.7230356,-17.8436567,J032653.53-175037.2,0.92
Obj_7275,91088,EGIPS J111027.1+344316,167.6130173,34.7212546,J111027.12+344316.5,0.92
Obj_9173,2350129,EGIPS J130302.7+494042,195.7615143,49.6784487,J130302.76+494042.4,0.92
Obj_13358,2179495,EGIPS J181435.4+412011,273.6478059,41.3364189,J181435.47+412011.1,0.92
Obj_1367,1050365,EGIPS J014302.1-050117,25.7588902,-5.0214614,J014302.13-050117.3,0.92
Obj_15984,4014576,EGIPS J232539.6+154013,351.4152308,15.6704909,J232539.66+154013.8,0.92
Obj_5718,1508238,EGIPS J092546.8+162451,141.4452513,16.4144435,J092546.86+162452.0,0.92
Obj_164,       ,EGIPS J001303.9+044121,3.2664291,4.6893824,J001303.94+044121.8,0.92
Obj_7779,1043525,EGIPS J113829.3-053154,174.622367,-5.5318673,J113829.37-053154.7,0.92
Obj_1123,91930,EGIPS J012223.6-215405,20.5985596,-21.9014082,J012223.65-215405.1,0.92
Obj_11604,91488,EGIPS J155340.9+452422,238.4207223,45.4061908,J155340.97+452422.3,0.92
Obj_10410,1701356,EGIPS J142506.7+241026,216.2782913,24.1739184,J142506.79+241026.1,0.92
Obj_8273,753466,EGIPS J120916.8-273215,182.3201046,-27.537775,J120916.83-273216.0,0.92
Obj_2348,4666481,EGIPS J030353.8+422105,45.9744651,42.3515305,J030353.87+422105.5,0.92
Obj_12870,5072458,EGIPS J172452.7+683421,261.2196756,68.5725214,J172452.72+683421.1,0.92
Obj_2306,2076390,EGIPS J025940.7+361108,44.919736,36.1856811,J025940.74+361108.5,0.92
Obj_7802,1162940,EGIPS J113941.9+001922,174.9247824,0.3229464,J113941.95+001922.6,0.92
Obj_4302,       ,EGIPS J073740.2+222628,114.4176696,22.4412427,J073740.24+222628.5,0.92
Obj_7200,1647536,EGIPS J110614.3+211904,166.5599092,21.3179019,J110614.38+211904.4,0.92
Obj_12010,4495496,EGIPS J161741.3+140349,244.4222276,14.0638129,J161741.33+140349.7,0.92
Obj_9657,47780,EGIPS J133404.5+524208,203.5188429,52.7022911,J133404.52+524208.2,0.92
Obj_9556,1895699,EGIPS J132715.6+301410,201.8151938,30.2362092,J132715.65+301410.4,0.92
Obj_11359,1816919,EGIPS J153424.6+274445,233.6026213,27.7459569,J153424.63+274445.4,0.92
Obj_4676,92893,EGIPS J080737.8+235129,121.9075783,23.858084,J080737.82+235129.1,0.92
Obj_33,2084960,EGIPS J000240.1+364043,0.6673928,36.6788738,J000240.17+364043.9,0.92
Obj_14737,1640998,EGIPS J214305.0+210110,325.770961,21.0195081,J214305.03+210110.2,0.92
Obj_4542,3397834,EGIPS J075732.1+271403,119.3840751,27.2342739,J075732.18+271403.4,0.92
Obj_4100,2255054,EGIPS J071641.1+445516,109.1716292,44.9212268,J071641.19+445516.4,0.92
Obj_4983,       ,EGIPS J082935.0-200746,127.3960795,-20.1295698,J082935.06-200746.5,0.92
Obj_2183,844974,EGIPS J024932.0-201204,42.3837306,-20.2012509,J024932.10-201204.5,0.92
Obj_7983,37026,EGIPS J115030.9+600743,177.6289369,60.1286767,J115030.94+600743.2,0.92
Obj_9954,757104,EGIPS J135450.7-271739,208.7113461,-27.2942401,J135450.72-271739.3,0.92
Obj_15674,1479325,EGIPS J230036.2+151439,345.1509322,15.2443593,J230036.22+151439.7,0.92
Obj_14367,741897,EGIPS J205753.2-282515,314.4719568,-28.4209276,J205753.27-282515.3,0.92
Obj_15105,1021806,EGIPS J221500.0-071602,333.7501804,-7.2673893,J221500.04-071602.6,0.92
Obj_11654,3568997,EGIPS J155653.8+090900,239.2245359,9.1501979,J155653.89+090900.7,0.92
Obj_15095,861733,EGIPS J221417.5-185656,333.5731371,-18.9489201,J221417.55-185656.1,0.92
Obj_7132,1733146,EGIPS J110158.8+252026,165.4951823,25.3406758,J110158.84+252026.4,0.92
Obj_10759,91385,EGIPS J144728.5+010133,221.86887,1.0260696,J144728.53+010133.9,0.92
Obj_5046,1268881,EGIPS J083436.5+042910,128.6524104,4.4863391,J083436.58+042910.8,0.92
Obj_2644,13160,EGIPS J033259.0+155229,53.2461689,15.8747431,J033259.08+155229.1,0.92
Obj_11636,999602,EGIPS J155532.9-084523,238.8874718,-8.7565918,J155532.99-084523.7,0.92
Obj_4189,2319228,EGIPS J072447.1+483058,111.1965767,48.5162461,J072447.18+483058.5,0.92
Obj_5669,1238426,EGIPS J092319.9+024927,140.8331824,2.8242767,J092319.96+024927.4,0.92
Obj_2970,90708,EGIPS J042329.1+305342,65.871269,30.8950647,J042329.10+305342.2,0.92
Obj_7921,3474836,EGIPS J114648.7+542400,176.7029837,54.4002042,J114648.72+542400.7,0.92
Obj_12639,2146622,EGIPS J170252.5+391601,255.71881,39.2672211,J170252.51+391602.0,0.92
Obj_719,1705008,EGIPS J005344.4+242010,13.4351695,24.3361611,J005344.44+242010.2,0.92
Obj_1555,7504,EGIPS J015906.6+360347,29.7778181,36.0631097,J015906.68+360347.2,0.92
Obj_5888,3745275,EGIPS J094009.1-052352,145.0383023,-5.3978908,J094009.19-052352.4,0.92
Obj_6983,32709,EGIPS J105338.5+265435,163.4104661,26.9099967,J105338.51+265436.0,0.92
Obj_14091,186994,EGIPS J202107.1-124324,305.2799625,-12.7233915,J202107.19-124324.2,0.92
Obj_13573,       ,EGIPS J184953.8+340802,282.4743408,34.1339873,J184953.84+340802.4,0.92
Obj_9096,44524,EGIPS J125856.0+275000,194.7335368,27.8334611,J125856.05+275000.5,0.92
Obj_10898,3098143,EGIPS J145752.0-212158,224.4667693,-21.3661273,J145752.02-212158.1,0.92
Obj_5424,90890,EGIPS J090548.0+125910,136.4502581,12.986258,J090548.06+125910.5,0.92
Obj_15588,1566932,EGIPS J225426.6+184050,343.6109661,18.6806055,J225426.63+184050.2,0.92
Obj_12157,1135618,EGIPS J162714.1-004502,246.8090802,-0.7505655,J162714.18-004502.0,0.92
Obj_14413,1713146,EGIPS J210248.1+244002,315.7004893,24.6674361,J210248.12+244002.8,0.92
Obj_893,1196146,EGIPS J010555.0+012840,16.4793256,1.4777819,J010555.04+012840.0,0.92
Obj_469,2193,EGIPS J003642.1-274904,9.1757895,-27.8178024,J003642.19-274904.1,0.92
Obj_11179,2173958,EGIPS J152008.3+405911,230.0347159,40.9865389,J152008.33+405911.5,0.92
Obj_367,1060184,EGIPS J002844.0-041752,7.1835434,-4.2978955,J002844.05-041752.4,0.92
Obj_10503,887694,EGIPS J143057.4-171017,217.7391875,-17.171591,J143057.40-171017.7,0.92
Obj_8433,39651,EGIPS J121915.3+255549,184.8138583,25.9303605,J121915.33+255549.3,0.92
Obj_2465,12090,EGIPS J031513.2-071614,48.8052209,-7.2708227,J031513.25-071615.0,0.92
Obj_14163,64891,EGIPS J203149.7+013242,307.9573392,1.5452467,J203149.76+013242.9,0.92
Obj_4470,22063,EGIPS J075257.1+401026,118.2381372,40.1741121,J075257.15+401026.8,0.92
Obj_3469,92148,EGIPS J053713.3-220155,84.3055284,-22.0320749,J053713.33-220155.5,0.92
Obj_10173,2516657,EGIPS J140819.7+555109,212.0821476,55.8526933,J140819.72+555109.7,0.92
Obj_9232,91254,EGIPS J130607.8+261920,196.5328269,26.3224752,J130607.88+261920.9,0.92
Obj_14164,64897,EGIPS J203155.1-302014,307.979713,-30.3374903,J203155.13-302015.0,0.92
Obj_13519,62205,EGIPS J183919.4+385623,279.8311037,38.9398924,J183919.46+385623.6,0.92
Obj_9575,4003602,EGIPS J132820.3+124543,202.0846877,12.7621215,J132820.33+124543.6,0.91
Obj_7000,91059,EGIPS J105436.0-155022,163.6504157,-15.8394585,J105436.10-155022.1,0.91
Obj_10071,50017,EGIPS J140238.3+183122,210.6596642,18.5230384,J140238.32+183122.9,0.91
Obj_3134,3686108,EGIPS J044631.6-152434,71.6320788,-15.4096168,J044631.70-152434.6,0.91
Obj_5254,24840,EGIPS J085025.4-193148,132.6058822,-19.5302378,J085025.41-193148.9,0.91
Obj_6451,82694,EGIPS J101850.9-065950,154.7124102,-6.997275,J101850.98-065950.2,0.91
Obj_4511,22185,EGIPS J075524.0+561003,118.8500435,56.1675629,J075524.01+561003.2,0.91
Obj_10171,1853137,EGIPS J140818.7+290102,212.0780236,29.0173514,J140818.73+290102.5,0.91
Obj_3401,2333002,EGIPS J052301.3+490452,80.7556009,49.0813831,J052301.34+490453.0,0.91
Obj_15461,4667711,EGIPS J224310.8+423945,340.7953401,42.6627469,J224310.88+423945.9,0.91
Obj_6989,2102755,EGIPS J105408.0+373117,163.5333444,37.5215269,J105408.00+373117.5,0.91
Obj_2845,       ,EGIPS J040113.3+055321,60.3055093,5.8893804,J040113.32+055321.8,0.91
Obj_829,1035734,EGIPS J010138.8-061131,15.4119044,-6.1920696,J010138.86-061131.5,0.91
Obj_4147,2541287,EGIPS J072041.2+563453,110.1720028,56.5814365,J072041.28+563453.2,0.91
Obj_11969,2148551,EGIPS J161433.4+392204,243.639262,39.3679741,J161433.42+392204.7,0.91
Obj_6805,2330720,EGIPS J104242.3+485941,160.6765336,48.9948709,J104242.37+485941.5,0.91
Obj_3674,90753,EGIPS J062254.2+561208,95.7261157,56.2023267,J062254.27+561208.4,0.91
Obj_6668,2173541,EGIPS J103319.8+405728,158.3326879,40.9577916,J103319.85+405728.0,0.91
Obj_15798,1827519,EGIPS J231045.5+280822,347.6898352,28.1394554,J231045.56+280822.0,0.91
Obj_11312,1494982,EGIPS J153015.5+155132,232.5648493,15.8590784,J153015.56+155132.7,0.91
Obj_11407,4472161,EGIPS J153848.8+214240,234.7035707,21.7111643,J153848.86+214240.2,0.91
Obj_9454,1893128,EGIPS J132037.9+301019,200.158102,30.1719658,J132037.94+301019.1,0.91
Obj_4151,1544921,EGIPS J072059.4+175419,110.247627,17.9053612,J072059.43+175419.3,0.91
Obj_5656,2160031,EGIPS J092219.8+400356,140.5825552,40.0658233,J092219.81+400357.0,0.91
Obj_5486,1777708,EGIPS J091038.0+262832,137.6585687,26.4756788,J091038.06+262832.4,0.91
Obj_2517,843189,EGIPS J032001.8-202004,50.0075346,-20.3344518,J032001.81-202004.0,0.91
Obj_11998,1813375,EGIPS J161658.5+273706,244.2440462,27.6185248,J161658.57+273706.7,0.91
Obj_4607,5072285,EGIPS J080142.0+132056,120.4250479,13.3489512,J080142.01+132056.2,0.91
Obj_11298,91451,EGIPS J152919.9+622438,232.3332843,62.4106388,J152919.99+622438.3,0.91
Obj_11373,1692982,EGIPS J153525.7+234456,233.8572544,23.7490491,J153525.74+234456.6,0.91
Obj_15847,70823,EGIPS J231508.8+305648,348.7868661,30.9467082,J231508.85+305648.1,0.91
Obj_6584,4561936,EGIPS J102744.3+240633,156.934717,24.1092096,J102744.33+240633.2,0.91
Obj_9636,2229998,EGIPS J133238.5+434924,203.1605071,43.8236108,J133238.52+434925.0,0.91
Obj_11339,2149769,EGIPS J153235.4+392615,233.1476733,39.4377328,J153235.44+392615.8,0.91
Obj_1084,1269918,EGIPS J012007.4+043334,20.0308559,4.5594473,J012007.41+043334.0,0.91
Obj_12435,58960,EGIPS J164636.0+624922,251.6501852,62.8227816,J164636.04+624922.0,0.91
Obj_4505,3725225,EGIPS J075503.7+135034,118.76564,13.842965,J075503.75+135034.7,0.91
Obj_1678,1320205,EGIPS J020936.0+072215,32.4002292,7.3710129,J020936.06+072215.6,0.91
Obj_12453,2176406,EGIPS J164753.8+410845,251.9745558,41.1459061,J164753.89+410845.3,0.91
Obj_2983,134129,EGIPS J042445.6-232456,66.19016,-23.4156642,J042445.64-232456.4,0.91
Obj_10326,1342856,EGIPS J141750.0+081516,214.4587085,8.2545209,J141750.09+081516.3,0.91
Obj_12621,3366300,EGIPS J170144.9+402853,255.4373134,40.4816541,J170144.96+402854.0,0.91
Obj_12335,1624492,EGIPS J163940.6+202042,249.9192046,20.3451628,J163940.61+202042.6,0.91
Obj_16003,1363887,EGIPS J232707.7+092110,351.7824106,9.352856,J232707.78+092110.3,0.91
Obj_2614,1046097,EGIPS J032959.4-052013,52.497782,-5.3371407,J032959.47-052013.7,0.91
Obj_14599,       ,EGIPS J212644.8+172214,321.6867843,17.3707767,J212644.83+172214.8,0.91
Obj_5546,2101211,EGIPS J091456.9+372729,138.7371904,37.4580783,J091456.93+372729.1,0.91
Obj_2499,741459,EGIPS J031823.3-282722,49.5972935,-28.4561575,J031823.35-282722.2,0.91
Obj_4325,3402939,EGIPS J074003.1+283718,115.0131701,28.6217747,J074003.16+283718.4,0.91
Obj_7836,91137,EGIPS J114200.7+524322,175.5029528,52.7228396,J114200.71+524322.2,0.91
Obj_15196,68658,EGIPS J222213.7+362313,335.5571679,36.3870368,J222213.72+362313.3,0.91
Obj_4988,2486466,EGIPS J083001.9+545842,127.5080677,54.9785541,J083001.94+545842.8,0.91
Obj_9114,776386,EGIPS J125958.2-254001,194.9927812,-25.6670035,J125958.27-254001.2,0.91
Obj_514,856862,EGIPS J003858.1-191913,9.7424779,-19.3203611,J003858.19-191913.3,0.91
Obj_591,1913332,EGIPS J004242.6+304040,10.6777518,30.6778617,J004242.66+304040.3,0.91
Obj_15019,68125,EGIPS J220832.5-183730,332.1358203,-18.6251518,J220832.60-183730.5,0.91
Obj_15084,1510127,EGIPS J221317.0+162940,333.3208637,16.4946452,J221317.01+162940.7,0.91
Obj_10564,52103,EGIPS J143442.9-252635,218.6788364,-25.4432996,J143442.92-252635.9,0.91
Obj_12136,       ,EGIPS J162540.2+804916,246.417769,80.8211216,J162540.26+804916.0,0.91
Obj_11912,       ,EGIPS J161136.0+685133,242.9001515,68.8592692,J161136.04+685133.4,0.91
Obj_8586,40947,EGIPS J122801.4+041729,187.005918,4.291489,J122801.42+041729.4,0.91
Obj_10328,51109,EGIPS J141828.6-272330,214.6193023,-27.3918991,J141828.63-272330.8,0.91
Obj_10869,1084333,EGIPS J145538.3-024338,223.909933,-2.7274864,J145538.38-024339.0,0.91
Obj_8404,4319903,EGIPS J121727.8+071938,184.3659629,7.3273427,J121727.83+071938.4,0.91
Obj_4639,4083243,EGIPS J080448.4+164417,121.2019117,16.7380676,J080448.46+164417.0,0.9
Obj_14273,855935,EGIPS J204642.2-192318,311.6759496,-19.3885182,J204642.23-192318.7,0.9
Obj_1593,1803443,EGIPS J020158.0+271718,30.4920265,27.2884351,J020158.09+271718.4,0.9
Obj_1458,6779,EGIPS J015033.2-283158,27.638654,-28.5328983,J015033.28-283158.4,0.9
Obj_6838,32071,EGIPS J104448.9+381052,161.2039098,38.1812406,J104448.94+381052.5,0.9
Obj_6119,2388932,EGIPS J095711.2+510801,149.2966922,51.1336481,J095711.21+510801.1,0.9
Obj_2127,746441,EGIPS J024507.7-280310,41.2822377,-28.0529752,J024507.74-280310.7,0.9
Obj_9582,1059038,EGIPS J132844.8-042231,202.1868226,-4.375429,J132844.84-042231.5,0.9
Obj_1284,       ,EGIPS J013506.6+302413,23.7778887,30.4037072,J013506.69+302413.3,0.9
Obj_11900,1865412,EGIPS J161103.7+292436,242.7656349,29.4100628,J161103.75+292436.2,0.9
Obj_8505,1659550,EGIPS J122324.3+215405,185.8514999,21.9013947,J122324.36+215405.0,0.9
Obj_1572,1285491,EGIPS J020002.5+053354,30.0106863,5.5651262,J020002.56+053354.5,0.9
Obj_14900,2009893,EGIPS J215817.5+324339,329.5730189,32.7277057,J215817.52+324339.7,0.9
Obj_5449,90895,EGIPS J090738.9+283808,136.9123572,28.6357437,J090738.97+283808.7,0.9
Obj_7753,       ,EGIPS J113632.2-092315,174.1344603,-9.3876634,J113632.27-092315.6,0.9
Obj_2160,74205,EGIPS J024729.1+365743,41.8715216,36.9621464,J024729.17+365743.7,0.9
Obj_11917,1863893,EGIPS J161152.5+292147,242.9688935,29.3632192,J161152.53+292147.6,0.9
Obj_9824,983701,EGIPS J134600.9-095952,206.5038627,-9.9979713,J134600.93-095952.7,0.9
Obj_2923,860153,EGIPS J041638.7-190412,64.1614055,-19.0701587,J041638.74-190412.6,0.9
Obj_9585,91292,EGIPS J132859.7+790310,202.2489771,79.0529019,J132859.75+790310.4,0.9
Obj_6062,3356087,EGIPS J095250.3+033556,148.2099495,3.5991379,J095250.39+033556.9,0.9
Obj_2362,11594,EGIPS J030508.4-130017,46.2851624,-13.0049832,J030508.44-130017.9,0.9
Obj_7128,877298,EGIPS J110145.7-174757,165.4408119,-17.799277,J110145.79-174757.4,0.9
Obj_9116,2131719,EGIPS J130003.3+383635,195.0140094,38.60988,J130003.36+383635.6,0.9
Obj_6960,2312482,EGIPS J105224.0+481205,163.1000903,48.2015768,J105224.02+481205.7,0.9
Obj_2574,3659169,EGIPS J032552.4+050303,51.4685281,5.0509237,J032552.45+050303.3,0.9
Obj_12147,1375245,EGIPS J162627.2+100844,246.6134532,10.1456572,J162627.23+100844.4,0.9
Obj_7107,2062047,EGIPS J110030.1+351634,165.125539,35.2762907,J110030.13+351634.6,0.9
Obj_8961,43548,EGIPS J125126.8-174809,192.8620066,-17.8025545,J125126.88-174809.2,0.9
Obj_6477,30221,EGIPS J102035.1+252300,155.1465022,25.3835859,J102035.16+252300.9,0.9
Obj_11561,160634,EGIPS J155005.7-153755,237.5238508,-15.6319486,J155005.72-153755.0,0.9
Obj_11755,91501,EGIPS J160329.6+773132,240.8735905,77.5258168,J160329.66+773132.9,0.9
Obj_2772,13884,EGIPS J034832.6+350900,57.1359122,35.1502181,J034832.62+350900.8,0.9
Obj_5610,4088724,EGIPS J091936.1+265233,139.9007621,26.876023,J091936.18+265233.7,0.9
Obj_11349,1651173,EGIPS J153337.0+212937,233.4045311,21.4937162,J153337.09+212937.4,0.9
Obj_2928,1926858,EGIPS J041707.3+305937,64.2805093,30.9937383,J041707.32+305937.5,0.9
Obj_9956,       ,EGIPS J135453.4-191948,208.7228942,-19.3301231,J135453.49-191948.4,0.9
Obj_10420,3826120,EGIPS J142553.1-154745,216.4715116,-15.7960104,J142553.16-154745.6,0.9
Obj_428,1028413,EGIPS J003328.3-064831,8.3681695,-6.8086878,J003328.36-064831.3,0.9
Obj_16130,1744700,EGIPS J233841.2+253932,354.6717644,25.658953,J233841.22+253932.2,0.9
Obj_7409,3264584,EGIPS J111657.2-043927,169.2387181,-4.6577267,J111657.29-043927.8,0.9
Obj_9306,45737,EGIPS J131050.4+495334,197.7102817,49.8928255,J131050.47+495334.2,0.9
Obj_2705,1069045,EGIPS J034015.7-033638,55.0656842,-3.6107158,J034015.76-033638.6,0.9
Obj_12721,1364481,EGIPS J170942.6+092341,257.4278313,9.394772,J170942.68+092341.2,0.9
Obj_10586,91371,EGIPS J143609.9-025250,219.041478,-2.880567,J143609.95-025250.0,0.9
Obj_2767,176636,EGIPS J034807.8-094358,57.0327036,-9.7328341,J034807.85-094358.2,0.9
Obj_5430,1253632,EGIPS J090617.0+033037,136.5709259,3.5104844,J090617.02+033037.7,0.9
Obj_8463,3477441,EGIPS J122117.6+093651,185.3234012,9.6143266,J122117.62+093651.6,0.9
Obj_2797,2729486,EGIPS J035304.9+691827,58.2707937,69.3076855,J035304.99+691827.7,0.9
Obj_4513,151056,EGIPS J075528.9-071049,118.8707675,-7.1803874,J075528.98-071049.4,0.9
Obj_5539,26054,EGIPS J091433.5+354303,138.6398046,35.7177147,J091433.55+354303.8,0.9
Obj_4202,       ,EGIPS J072603.3+250601,111.513751,25.1003367,J072603.30+250601.2,0.9
Obj_9243,3553153,EGIPS J130705.0+424205,196.7710303,42.7015333,J130705.05+424205.5,0.9
Obj_4914,23574,EGIPS J082416.3-143005,126.0682594,-14.5015265,J082416.38-143005.5,0.9
Obj_1568,90579,EGIPS J015950.7+130310,29.9616664,13.0528519,J015950.80+130310.3,0.9
Obj_12270,91540,EGIPS J163433.4+435519,248.6394513,43.922039,J163433.47+435519.3,0.9
Obj_8686,3550720,EGIPS J123349.2+111535,188.4550728,11.2597231,J123349.22+111535.0,0.9
Obj_2003,982033,EGIPS J023524.4-100745,38.8518013,-10.129407,J023524.43-100745.9,0.9
Obj_1176,1893824,EGIPS J012541.5+301127,21.4232459,30.1910674,J012541.58+301127.8,0.89
Obj_10821,1225633,EGIPS J145220.1+022352,223.0841224,2.3978612,J145220.19+022352.3,0.89
Obj_2726,13683,EGIPS J034334.0+410424,55.8918432,41.0735379,J034334.04+410424.7,0.89
Obj_1534,7281,EGIPS J015642.7+174238,29.1781973,17.7108155,J015642.77+174238.9,0.89
Obj_697,90506,EGIPS J005133.3-003242,12.8890137,-0.5451314,J005133.36-003242.5,0.89
Obj_16103,       ,EGIPS J233631.9+272507,354.1329285,27.4186599,J233631.90+272507.2,0.89
Obj_4783,1413439,EGIPS J081507.5+123841,123.7813715,12.6448743,J081507.53+123841.5,0.89
Obj_1347,6230,EGIPS J014111.9-261641,25.2999892,-26.2782467,J014112.00-261641.7,0.89
Obj_7406,103975,EGIPS J111649.6-034654,169.2067163,-3.7818389,J111649.61-034654.6,0.89
Obj_11417,1129718,EGIPS J153934.2-005911,234.8925529,-0.9866563,J153934.21-005912.0,0.89
Obj_10675,1006549,EGIPS J144217.7-081309,220.5740743,-8.2191792,J144217.78-081309.0,0.89
Obj_4900,2460110,EGIPS J082309.9+540644,125.791273,54.1124437,J082309.91+540644.8,0.89
Obj_8763,2165167,EGIPS J123900.8+402344,189.7534311,40.3956415,J123900.82+402344.3,0.89
Obj_55,1339115,EGIPS J000432.2+080618,1.1344279,8.1051195,J000432.26+080618.4,0.89
Obj_12123,91531,EGIPS J162456.8+463555,246.2368185,46.5988704,J162456.84+463555.9,0.89
Obj_1180,90547,EGIPS J012552.3-121249,21.4680143,-12.2138789,J012552.32-121250.0,0.89
Obj_12372,       ,EGIPS J164225.5+512552,250.6063087,51.4313838,J164225.51+512553.0,0.89
Obj_5267,3451969,EGIPS J085118.4+364526,132.8268797,36.7573092,J085118.45+364526.3,0.89
Obj_2067,748884,EGIPS J024132.9-275130,40.3874193,-27.8584171,J024132.98-275130.3,0.89
Obj_7699,91130,EGIPS J113325.4+095900,173.3559097,9.9835038,J113325.42+095900.6,0.89
Obj_13802,2552913,EGIPS J193304.5+565723,293.2690897,56.9564635,J193304.58+565723.3,0.89
Obj_13782,2389801,EGIPS J192940.4+511058,292.4186124,51.1829152,J192940.47+511058.5,0.89
Obj_14541,       ,EGIPS J211946.3+081954,319.9429612,8.3317948,J211946.31+081954.5,0.89
Obj_6129,2711212,EGIPS J095746.9+680356,149.4456773,68.0656037,J095746.96+680356.2,0.89
Obj_4521,1621177,EGIPS J075552.9+201434,118.9705205,20.2428182,J075552.92+201434.1,0.89
Obj_15456,1179536,EGIPS J224301.0+005604,340.7545582,0.9344762,J224301.09+005604.1,0.89
Obj_13049,2277623,EGIPS J174325.9+461348,265.8582541,46.2300398,J174325.98+461348.1,0.89
Obj_5304,1365389,EGIPS J085507.3+092726,133.780477,9.4574274,J085507.31+092726.7,0.89
Obj_10327,159744,EGIPS J141819.9-064634,214.5831167,-6.7761672,J141819.95-064634.2,0.89
Obj_3444,4666732,EGIPS J053135.2+012455,82.896954,1.4155264,J053135.27+012455.9,0.89
Obj_8599,4002484,EGIPS J122841.3+113226,187.1724181,11.5406119,J122841.38+113226.2,0.89
Obj_12774,5952317,EGIPS J171512.9+423426,258.8038182,42.5739251,J171512.92+423426.1,0.89
Obj_11689,1821529,EGIPS J155937.2+275513,239.9050895,27.9203319,J155937.22+275513.2,0.89
Obj_5671,1422112,EGIPS J092326.6+130357,140.8611661,13.0660006,J092326.68+130357.6,0.89
Obj_10072,3818348,EGIPS J140241.8+324901,210.6745725,32.8171746,J140241.90+324901.8,0.89
Obj_9300,822369,EGIPS J131019.9-215305,197.5830844,-21.884819,J131019.94-215305.3,0.89
Obj_6367,29721,EGIPS J101224.3+593938,153.1013538,59.6607108,J101224.32+593938.6,0.89
Obj_11334,3090884,EGIPS J153209.9+130156,233.0414274,13.0324763,J153209.94+130156.9,0.89
Obj_11965,2579412,EGIPS J161419.4+582952,243.5810576,58.497796,J161419.45+582952.1,0.89
Obj_9995,1635258,EGIPS J135755.5+204533,209.4815179,20.7593574,J135755.56+204533.7,0.89
Obj_15224,3962211,EGIPS J222515.1+224721,336.3130152,22.7892422,J222515.12+224721.3,0.89
Obj_1289,1481107,EGIPS J013527.2+151830,23.8637245,15.3083405,J013527.29+151830.0,0.89
Obj_485,1413728,EGIPS J003752.3+123935,9.4679664,12.6598575,J003752.31+123935.5,0.89
Obj_11152,1291533,EGIPS J151804.4+055545,229.5186847,5.9294395,J151804.48+055546.0,0.89
Obj_2002,1370919,EGIPS J023518.7+095101,38.8279312,9.8505089,J023518.70+095101.8,0.89
Obj_7344,91096,EGIPS J111402.7+283735,168.511616,28.6266014,J111402.79+283735.8,0.89
Obj_3180,16191,EGIPS J045146.0+034007,72.9420141,3.6687449,J045146.08+034007.5,0.89
Obj_10172,2081988,EGIPS J140819.3+363050,212.0806303,36.5141567,J140819.35+363051.0,0.89
Obj_5960,28000,EGIPS J094554.8+535313,146.4786887,53.8871807,J094554.89+535313.9,0.89
Obj_11473,3567171,EGIPS J154344.8+292546,235.9369397,29.4295995,J154344.87+292546.6,0.89
Obj_8908,961540,EGIPS J124838.5-114801,192.1607631,-11.8004295,J124838.58-114801.5,0.89
Obj_3286,16701,EGIPS J050506.7-264211,76.2782613,-26.7030568,J050506.78-264211.0,0.89
Obj_5615,26381,EGIPS J091951.4+670836,139.964499,67.143554,J091951.48+670836.8,0.89
Obj_9934,2021751,EGIPS J135318.5+330257,208.3273546,33.049266,J135318.57+330257.4,0.89
Obj_15167,1070711,EGIPS J221922.5-032855,334.8437956,-3.4820123,J221922.51-032855.2,0.89
Obj_5651,3741285,EGIPS J092206.0+374021,140.5250761,37.6727175,J092206.02+374021.8,0.88
Obj_11888,2581881,EGIPS J161018.9+584235,242.579081,58.7098507,J161018.98+584235.5,0.88
Obj_2408,3653319,EGIPS J030910.9+315551,47.2954829,31.9310402,J030910.92+315551.7,0.88
Obj_6700,2046706,EGIPS J103557.8+341643,158.9908488,34.2788205,J103557.80+341643.8,0.88
Obj_7724,2299930,EGIPS J113502.1+473204,173.7588609,47.5344962,J113502.13+473204.2,0.88
Obj_8631,841144,EGIPS J123030.3-202850,187.626591,-20.4806835,J123030.38-202850.5,0.88
Obj_4812,23213,EGIPS J081658.9+613518,124.2457064,61.5885637,J081658.97+613518.8,0.88
Obj_51,90450,EGIPS J000419.4-061135,1.0812215,-6.1933099,J000419.49-061135.9,0.88
Obj_1674,8237,EGIPS J020926.4+371530,32.3602753,37.2584957,J020926.47+371530.6,0.88
Obj_6458,1498610,EGIPS J101920.4+160044,154.8353889,16.0123366,J101920.49+160044.4,0.88
Obj_500,1012598,EGIPS J003821.6-074858,9.5900645,-7.8161976,J003821.62-074858.3,0.88
Obj_6412,103417,EGIPS J101554.1-024138,153.9757007,-2.6941345,J101554.17-024138.9,0.88
Obj_15681,1303281,EGIPS J230107.7+063411,345.2822825,6.5699713,J230107.75+063411.9,0.88
Obj_7048,       ,EGIPS J105718.8+233356,164.3286456,23.5657731,J105718.87+233356.8,0.88
Obj_14117,187360,EGIPS J202646.0-091618,306.6920448,-9.271668,J202646.09-091618.0,0.88
Obj_15276,91741,EGIPS J222915.4+292310,337.3143907,29.3862944,J222915.45+292310.7,0.88
Obj_13349,2731113,EGIPS J181335.3+693411,273.3971935,69.5697806,J181335.33+693411.2,0.88
Obj_680,       ,EGIPS J005024.8+102325,12.6034405,10.3904164,J005024.83+102325.5,0.88
Obj_1721,1040585,EGIPS J021255.9-054620,33.2330887,-5.7722431,J021255.94-054620.1,0.88
Obj_4375,1677335,EGIPS J074520.8+225132,116.3367456,22.859016,J074520.82+225132.5,0.88
Obj_15882,1285463,EGIPS J231759.9+053347,349.4999444,5.563222,J231759.99+053347.6,0.88
Obj_11768,3496042,EGIPS J160418.9+424724,241.0789604,42.7901418,J160418.95+424724.5,0.88
Obj_9670,1302671,EGIPS J133448.3+063214,203.7013763,6.5374311,J133448.33+063214.8,0.88
Obj_268,842750,EGIPS J002117.6-202152,5.3235733,-20.3647035,J002117.66-202152.9,0.88
Obj_15784,1343090,EGIPS J230938.8+081549,347.4120762,8.2637464,J230938.90+081549.5,0.88
Obj_13795,4667436,EGIPS J193148.3+581757,292.9512673,58.2992661,J193148.30+581757.4,0.88
Obj_11106,54385,EGIPS J151408.2+254158,228.5343514,25.6997024,J151408.24+254158.9,0.88
Obj_5020,81487,EGIPS J083259.8-272658,128.2493049,-27.4496356,J083259.83-272658.7,0.88
Obj_1160,5218,EGIPS J012445.8+095939,21.1908347,9.9944194,J012445.80+095939.9,0.88
Obj_9211,2086782,EGIPS J130452.5+364633,196.2191424,36.7758423,J130452.59+364633.0,0.88
Obj_1643,2368989,EGIPS J020638.9+501810,31.6623216,50.3028393,J020638.96+501810.2,0.88
Obj_7205,982872,EGIPS J110623.0-100342,166.5961239,-10.0617255,J110623.07-100342.2,0.88
Obj_12574,91574,EGIPS J165823.5+731936,254.5983209,73.3269404,J165823.60+731937.0,0.88
Obj_3483,17561,EGIPS J053936.8+771844,84.9035476,77.3123558,J053936.85+771844.5,0.88
Obj_12783,91588,EGIPS J171603.2+410315,259.0133688,41.0544032,J171603.21+410315.9,0.88
Obj_713,90509,EGIPS J005315.4-084416,13.314232,-8.7378482,J005315.42-084416.3,0.88
Obj_7773,1391095,EGIPS J113803.5+111550,174.5146126,11.2639669,J113803.51+111550.3,0.88
Obj_6335,154783,EGIPS J101029.7-072505,152.6239592,-7.418168,J101029.75-072505.4,0.88
Obj_7367,1755370,EGIPS J111454.6+255528,168.7277978,25.9245022,J111454.67+255528.2,0.88
Obj_3309,787205,EGIPS J050812.6-244114,77.0527125,-24.6874205,J050812.65-244114.7,0.88
Obj_3153,1363406,EGIPS J044755.4+091917,71.981245,9.3215159,J044755.50+091917.5,0.88
Obj_9772,2515693,EGIPS J134227.9+554939,205.6163649,55.8276755,J134227.93+554939.6,0.88
Obj_1694,1449465,EGIPS J021051.9+140634,32.7166615,14.1096283,J021052.00+140634.7,0.88
Obj_4197,1669551,EGIPS J072525.0+222514,111.3542014,22.4205631,J072525.01+222514.0,0.88
Obj_8840,887728,EGIPS J124352.7-171010,190.9698301,-17.1694855,J124352.76-171010.1,0.87
Obj_7989,1486982,EGIPS J115056.9+153139,177.7373283,15.5275164,J115056.96+153139.1,0.87
Obj_7883,92932,EGIPS J114401.8+202251,176.0078687,20.3808993,J114401.89+202251.2,0.87
Obj_15696,5059495,EGIPS J230213.7+244517,345.5571553,24.7549503,J230213.72+244517.8,0.87
Obj_11362,1800446,EGIPS J153441.1+271123,233.6712635,27.1899311,J153441.10+271123.8,0.87
Obj_14191,65022,EGIPS J203523.8-061441,308.8491722,-6.2449302,J203523.80-061441.7,0.87
Obj_7778,1423628,EGIPS J113823.3+130756,174.597461,13.1322998,J113823.39+130756.3,0.87
Obj_3090,6758569,EGIPS J043931.8+193411,69.8828417,19.5698078,J043931.88+193411.3,0.87
Obj_1777,1709325,EGIPS J021724.5+243118,34.3522827,24.5219011,J021724.55+243118.8,0.87
Obj_10107,1497407,EGIPS J140455.7+155741,211.2324679,15.9614758,J140455.79+155741.3,0.87
Obj_7553,1043098,EGIPS J112405.4-053354,171.0227231,-5.5652074,J112405.45-053354.7,0.87
Obj_2994,92072,EGIPS J042652.3-182437,66.7181187,-18.4104693,J042652.35-182437.7,0.87
Obj_10875,91403,EGIPS J145620.1+500754,224.0840006,50.1316769,J145620.16+500754.0,0.87
Obj_621,827833,EGIPS J004516.2-212816,11.3177311,-21.471115,J004516.26-212816.0,0.87
Obj_7151,4096173,EGIPS J110310.2+150826,165.7925174,15.1406659,J110310.20+150826.4,0.87
Obj_9123,2451992,EGIPS J130028.2+534945,195.1176592,53.8292602,J130028.24+534945.3,0.87
Obj_7976,36973,EGIPS J115006.5+515120,177.527096,51.8557429,J115006.50+515120.7,0.87
Obj_6154,28867,EGIPS J095922.6-220713,149.8444221,-22.1202908,J095922.66-220713.0,0.87
Obj_5706,1468318,EGIPS J092459.7+145001,141.2491349,14.8337508,J092459.79+145001.5,0.87
Obj_14837,91720,EGIPS J215244.9+033238,328.1874547,3.544103,J215244.99+033238.8,0.87
Obj_12390,2194881,EGIPS J164336.2+421404,250.9009027,42.2345804,J164336.22+421404.5,0.87
Obj_14359,966084,EGIPS J205633.3-112447,314.1390168,-11.4131889,J205633.36-112447.5,0.87
Obj_12927,2229171,EGIPS J173004.7+434725,262.5198851,43.790381,J173004.77+434725.4,0.87
Obj_6249,29221,EGIPS J100438.4+602758,151.1602179,60.4663272,J100438.45+602758.8,0.87
Obj_11151,54611,EGIPS J151759.0-161916,229.4959353,-16.3211221,J151759.02-161916.0,0.87
Obj_2891,3673879,EGIPS J040954.0+020932,62.4751794,2.1590339,J040954.04+020932.5,0.87
Obj_3561,2240204,EGIPS J055520.5+441527,88.8354192,44.2575932,J055520.50+441527.3,0.87
Obj_11890,91507,EGIPS J161032.1+522500,242.6339761,52.4168747,J161032.15+522500.7,0.87
Obj_5146,4086373,EGIPS J084122.6+260321,130.3443196,26.0560932,J084122.64+260321.9,0.87
Obj_6844,32087,EGIPS J104506.3+385902,161.2763409,38.9839304,J104506.32+385902.1,0.87
Obj_4118,1894860,EGIPS J071800.7+301258,109.5030097,30.2162373,J071800.72+301258.5,0.87
Obj_4328,1274289,EGIPS J074021.8+045116,115.0909345,4.8546844,J074021.82+045116.9,0.87
Obj_12060,5072433,EGIPS J162041.4+105630,245.172804,10.9416907,J162041.47+105630.1,0.87
Obj_13166,1814988,EGIPS J175406.7+274041,268.5282674,27.6782617,J175406.78+274041.7,0.87
Obj_1327,       ,EGIPS J013847.6+294843,24.6985883,29.8122104,J013847.66+294844.0,0.87
Obj_15739,939856,EGIPS J230619.4-131756,346.5810105,-13.2989466,J230619.44-131756.2,0.87
Obj_5344,90884,EGIPS J085844.2+310640,134.6843206,31.1111514,J085844.24+310640.1,0.87
Obj_743,1027042,EGIPS J005509.9-065443,13.7912772,-6.9120584,J005509.91-065443.4,0.87
Obj_3413,923077,EGIPS J052455.7-143324,81.2321553,-14.5567099,J052455.72-143324.2,0.87
Obj_5286,90879,EGIPS J085350.5+290641,133.4607272,29.1116102,J085350.57+290641.8,0.86
Obj_2493,12226,EGIPS J031731.5+370247,49.3815096,37.04649,J031731.56+370247.4,0.86
Obj_16061,91809,EGIPS J233312.4+284445,353.3017657,28.7458977,J233312.42+284445.2,0.86
Obj_11360,91457,EGIPS J153430.2+335926,233.6259742,33.9908069,J153430.23+335926.9,0.86
Obj_7244,4096633,EGIPS J110844.7+361833,167.1862509,36.3093635,J110844.70+361833.7,0.86
Obj_13070,60820,EGIPS J174602.2+591923,266.5092983,59.3231563,J174602.23+591923.4,0.86
Obj_887,3338844,EGIPS J010529.2+152812,16.3719597,15.4702165,J010529.27+152812.8,0.86
Obj_8926,1260737,EGIPS J124934.1+035523,192.3921265,3.923218,J124934.11+035523.6,0.86
Obj_1804,741928,EGIPS J021910.8-282506,34.7953367,-28.4185152,J021910.88-282506.7,0.86
Obj_1304,       ,EGIPS J013630.2+271850,24.1261341,27.3139845,J013630.27+271850.3,0.86
Obj_11757,91496,EGIPS J160332.9-033930,240.8871606,-3.6585007,J160332.92-033930.6,0.86
Obj_7265,1190083,EGIPS J111000.6+011659,167.5025649,1.2830822,J111000.62+011659.1,0.86
Obj_7328,5059146,EGIPS J111309.9+265934,168.2913752,26.9929543,J111309.93+265934.6,0.86
Obj_11736,4486720,EGIPS J160208.0+120826,240.5336852,12.1405732,J160208.08+120826.1,0.86
Obj_6978,1677142,EGIPS J105319.4+225053,163.3311394,22.8481532,J105319.47+225053.4,0.86
Obj_9723,118169,EGIPS J133829.5-030142,204.6230744,-3.0283734,J133829.54-030142.1,0.86
Obj_11817,2029061,EGIPS J160648.0+331831,241.7002363,33.3087572,J160648.06+331831.5,0.86
Obj_13769,788082,EGIPS J192735.5-243638,291.8979857,-24.610559,J192735.52-243638.0,0.86
Obj_8797,2485396,EGIPS J124133.8+545640,190.3909001,54.9446817,J124133.82+545640.9,0.86
Obj_425,1065616,EGIPS J003327.3-035314,8.3639697,-3.8872277,J003327.35-035314.0,0.86
Obj_12285,58571,EGIPS J163544.3+682542,248.9349146,68.4283847,J163544.38+682542.2,0.86
Obj_807,863630,EGIPS J005946.4-184740,14.9434185,-18.7945976,J005946.42-184740.6,0.86
Obj_14808,4667629,EGIPS J215106.5+385305,327.7773676,38.8849491,J215106.57+385305.8,0.86
Obj_10988,91412,EGIPS J150415.8+480953,226.0658969,48.1649032,J150415.82+480953.7,0.86
Obj_9191,2063407,EGIPS J130358.1+352159,195.9924153,35.3664319,J130358.18+352159.2,0.86
Obj_14935,3955028,EGIPS J220200.2+222947,330.5008519,22.4965786,J220200.20+222947.7,0.86
Obj_15822,70708,EGIPS J231313.1+062547,348.3049466,6.4299627,J231313.19+062547.9,0.86
Obj_11535,56094,EGIPS J154841.2+215209,237.1718073,21.8694371,J154841.23+215210.0,0.86
Obj_7404,34411,EGIPS J111643.3+262221,169.1804208,26.3727008,J111643.30+262221.7,0.86
Obj_1004,4387,EGIPS J011312.5+345757,18.3021373,34.9660224,J011312.51+345757.7,0.86
Obj_14627,4667607,EGIPS J213023.1+385452,322.5962895,38.9144967,J213023.11+385452.2,0.86
Obj_11038,54008,EGIPS J150742.4+065308,226.9269415,6.8858292,J150742.47+065309.0,0.86
Obj_3024,15344,EGIPS J043048.7-215453,67.7033108,-21.9147598,J043048.79-215453.1,0.86
Obj_2363,896592,EGIPS J030508.9-163335,46.2873198,-16.5597711,J030508.96-163335.2,0.86
Obj_7500,91109,EGIPS J112155.8+043213,170.4826237,4.5371278,J112155.83+043213.7,0.86
Obj_3695,951794,EGIPS J062701.2-123140,96.7551408,-12.5278719,J062701.23-123140.3,0.86
Obj_12223,91537,EGIPS J163106.8+392548,247.7785694,39.4300339,J163106.86+392548.1,0.86
Obj_8848,899795,EGIPS J124414.6-161834,191.061075,-16.3095043,J124414.66-161834.2,0.86
Obj_45,1702310,EGIPS J000334.4+241301,0.8937448,24.2172082,J000334.50+241301.9,0.86
Obj_14472,66215,EGIPS J210921.3-191758,317.3391467,-19.2995658,J210921.40-191758.4,0.86
Obj_10595,1522445,EGIPS J143701.0+170048,219.2542632,17.01349,J143701.02+170048.6,0.86
Obj_1173,1976209,EGIPS J012534.7+320114,21.3949194,32.0207424,J012534.78+320114.7,0.86
Obj_6577,91014,EGIPS J102656.4-160443,156.7352557,-16.0788709,J102656.46-160443.9,0.86
Obj_14039,64262,EGIPS J201218.4+015728,303.0768536,1.957891,J201218.44+015728.4,0.86
Obj_13121,5072463,EGIPS J174953.1+244551,267.4714994,24.7643511,J174953.16+244551.7,0.86
Obj_15127,3959357,EGIPS J221601.1+180520,334.0049026,18.0890495,J221601.18+180520.6,0.86
Obj_1770,90603,EGIPS J021700.4+142847,34.2517752,14.4798077,J021700.43+142847.3,0.86
Obj_10250,92437,EGIPS J141318.9-211121,213.3287593,-21.1892054,J141318.90-211121.1,0.86
Obj_9856,48953,EGIPS J134816.6+680506,207.0692714,68.0852175,J134816.63+680506.8,0.86
Obj_9707,2081725,EGIPS J133722.5+363005,204.3440559,36.5013889,J133722.57+363005.0,0.86
Obj_4819,2551424,EGIPS J081715.8+565418,124.3160159,56.9052446,J081715.84+565418.9,0.86
Obj_15540,1293803,EGIPS J224950.8+060326,342.46195,6.0573783,J224950.87+060326.6,0.85
Obj_4429,21918,EGIPS J074950.9+335743,117.4621637,33.9619939,J074950.92+335743.2,0.85
Obj_10122,50256,EGIPS J140528.7+345519,211.3696905,34.9221678,J140528.73+345519.8,0.85
Obj_4196,213391,EGIPS J072522.5+532414,111.3439226,53.4040937,J072522.54+532414.7,0.85
Obj_8465,92350,EGIPS J122124.6-224446,185.3525145,-22.7462415,J122124.60-224446.5,0.85
Obj_6742,3537923,EGIPS J103901.8+111618,159.7575055,11.2718497,J103901.80+111618.7,0.85
Obj_2684,2190998,EGIPS J033802.3+420119,54.5099033,42.0219667,J033802.38+420119.1,0.85
Obj_1403,1688744,EGIPS J014607.8+233100,26.5328359,23.5167993,J014607.88+233100.5,0.85
Obj_12725,2390318,EGIPS J171017.2+511242,257.5718905,51.2117244,J171017.25+511242.2,0.85
Obj_4779,23125,EGIPS J081456.0-220100,123.7337027,-22.0167817,J081456.09-220100.4,0.85
Obj_705,       ,EGIPS J005215.4+400249,13.0643276,40.047009,J005215.44+400249.2,0.85
Obj_10387,2408016,EGIPS J142335.1+520917,215.896569,52.1549915,J142335.18+520918.0,0.85
Obj_12266,1866305,EGIPS J163413.8+292619,248.55769,29.438828,J163413.85+292619.8,0.85
Obj_2229,1017829,EGIPS J025314.6-073024,43.3111123,-7.5068168,J025314.67-073024.5,0.85
Obj_9005,895949,EGIPS J125358.4-163639,193.4934031,-16.6110065,J125358.42-163639.6,0.85
Obj_985,952561,EGIPS J011140.4-122707,17.9186566,-12.452052,J011140.48-122707.4,0.85
Obj_8127,2264571,EGIPS J115953.0+452449,179.9709545,45.4138301,J115953.03+452449.8,0.85
Obj_2170,10619,EGIPS J024821.9+413648,42.0915447,41.6134867,J024821.97+413648.6,0.85
Obj_14527,1351141,EGIPS J211805.1+083927,319.5213193,8.6576968,J211805.12+083927.7,0.85
Obj_2746,1478198,EGIPS J034538.6+151224,56.4111097,15.2066888,J034538.67+151224.1,0.85
Obj_4311,21451,EGIPS J073809.9+705101,114.541529,70.8503187,J073809.97+705101.1,0.85
Obj_11443,2273563,EGIPS J154144.4+455917,235.435008,45.9882069,J154144.40+455917.5,0.85
Obj_3320,16846,EGIPS J051001.0-004541,77.5043992,-0.7616082,J051001.06-004541.8,0.85
Obj_7469,2461061,EGIPS J112021.2+540838,170.0884012,54.1440323,J112021.22+540838.5,0.85
Obj_8160,3476176,EGIPS J120153.8+103946,180.4742249,10.662897,J120153.81+103946.4,0.85
Obj_10539,2434057,EGIPS J143244.9+531115,218.1871113,53.1876988,J143244.91+531115.7,0.85
Obj_10484,1056829,EGIPS J142913.8-043221,217.30753,-4.5392714,J142913.81-043221.4,0.85
Obj_6765,91040,EGIPS J104002.9+060114,160.0120949,6.0205985,J104002.90+060114.2,0.85
Obj_1603,7806,EGIPS J020302.0-093921,30.7585568,-9.6559639,J020302.05-093921.5,0.85
Obj_12744,3879510,EGIPS J171224.2+881505,258.1011216,88.251601,J171224.27+881505.8,0.85
Obj_9202,893954,EGIPS J130424.6-164527,196.1025263,-16.7577396,J130424.61-164527.9,0.85
Obj_12274,1764157,EGIPS J163453.0+260816,248.7209949,26.1379211,J163453.04+260816.5,0.85
Obj_14959,992520,EGIPS J220406.1-091911,331.025589,-9.3197252,J220406.14-091911.0,0.85
Obj_3847,2439623,EGIPS J065207.5+532312,103.0314948,53.3868632,J065207.56+532312.7,0.85
Obj_16254,       ,EGIPS J234738.6+131050,356.9109228,13.180791,J234738.62+131050.8,0.85
Obj_4343,4142816,EGIPS J074115.9+463302,115.3162769,46.5507572,J074115.91+463302.7,0.85
Obj_454,90484,EGIPS J003527.8-104638,8.8659945,-10.7774872,J003527.84-104639.0,0.85
Obj_956,       ,EGIPS J010920.8+120851,17.3368202,12.147529,J010920.84+120851.1,0.85
Obj_15973,142926,EGIPS J232451.4+085315,351.2144612,8.8875298,J232451.47+085315.1,0.85
Obj_4234,2252192,EGIPS J073128.2+444746,112.8679078,44.7963216,J073128.30+444746.8,0.85
Obj_1153,1026751,EGIPS J012427.4-065603,21.1145063,-6.9341914,J012427.48-065603.1,0.85
Obj_3671,136524,EGIPS J062208.7+063101,95.5362675,6.516969,J062208.70+063101.1,0.85
