Obj_name,PGC,EGIPS,RAJ2000,DEJ2000,Coord,max_prob
Obj_4289,2403920,EGIPS J073640.5+515830,114.1690972,51.9751159,J073640.58+515830.4,1
Obj_329,1353090,EGIPS J002501.5+084516,6.2562726,8.7546364,J002501.51+084516.7,1
Obj_11753,56859,EGIPS J160319.4-233107,240.8311416,-23.5188068,J160319.47-233107.7,1
Obj_159,91861,EGIPS J001238.9-250443,3.162497,-25.0787371,J001239.00-250443.5,1
Obj_6587,91015,EGIPS J102809.9+090045,157.041527,9.0127669,J102809.97+090046.0,1
Obj_11077,1253778,EGIPS J151127.8+033101,227.8661187,3.5169576,J151127.87+033101.0,1
Obj_9439,91275,EGIPS J131938.0+331518,199.9087312,33.2551037,J131938.10+331518.4,1
Obj_5824,27299,EGIPS J093553.8+455531,143.9744732,45.9254752,J093553.87+455531.7,1
Obj_14652,834066,EGIPS J213300.7-205955,323.2529234,-20.9986663,J213300.70-205955.2,1
Obj_15741,91778,EGIPS J230636.6+060649,346.6525776,6.1138466,J230636.62+060649.8,1
Obj_15915,93029,EGIPS J231950.3+010410,349.9598397,1.069715,J231950.36+010411.0,1
Obj_6683,92288,EGIPS J103421.3-265411,158.5890251,-26.9032628,J103421.37-265411.7,1
Obj_3771,19432,EGIPS J064127.9+401054,100.3663519,40.1816751,J064127.92+401054.0,1
Obj_6764,3538075,EGIPS J103959.6+133630,159.9986648,13.6083849,J103959.68+133630.2,1
Obj_9284,45610,EGIPS J130919.3+461444,197.3307075,46.2456504,J130919.37+461444.3,1
Obj_2974,100765,EGIPS J042349.2+131052,65.9550852,13.1813872,J042349.22+131053.0,1
Obj_9251,2199758,EGIPS J130739.9+422856,196.9165611,42.482233,J130739.97+422856.0,1
Obj_1464,1683402,EGIPS J015055.8+231240,27.732671,23.2113814,J015055.84+231241.0,1
Obj_2414,11808,EGIPS J030936.8+183001,47.4036304,18.5003175,J030936.87+183001.1,1
Obj_2660,90685,EGIPS J033448.7+150831,53.7031773,15.1420712,J033448.76+150831.5,1
Obj_9366,46089,EGIPS J131505.9+030243,198.774997,3.045288,J131506.00+030243.0,1
Obj_2808,3669006,EGIPS J035402.8+014012,58.5120053,1.6701836,J035402.88+014012.7,1
Obj_10639,84259,EGIPS J143942.7+463701,219.9283129,46.6170502,J143942.80+463701.4,1
Obj_5448,90894,EGIPS J090738.4+374020,136.9102376,37.6723623,J090738.46+374020.5,1
Obj_9033,2132124,EGIPS J125507.4+383726,193.7810765,38.6240148,J125507.46+383726.5,1
Obj_16128,214970,EGIPS J233825.9+155627,354.608147,15.9410085,J233825.96+155627.6,1
Obj_330,3595335,EGIPS J002504.1-181732,6.2672629,-18.2922288,J002504.14-181732.0,1
Obj_1891,953656,EGIPS J022651.1-122252,36.7130414,-12.3812981,J022651.13-122252.7,1
Obj_9826,3813296,EGIPS J134607.6+175833,206.5318892,17.9759582,J134607.65+175833.4,1
Obj_7893,36605,EGIPS J114500.2+072954,176.2508721,7.4984486,J114500.21+072954.4,1
Obj_10011,49752,EGIPS J135841.2+123540,209.6717848,12.5945063,J135841.23+123540.2,1
Obj_10868,1666571,EGIPS J145536.9+221536,223.9039546,22.2600666,J145536.95+221536.2,1
Obj_10924,53563,EGIPS J145941.7+271935,224.9239578,27.3264359,J145941.75+271935.2,1
Obj_8333,38913,EGIPS J121231.2+400058,183.1302582,40.0162256,J121231.26+400058.4,1
Obj_16126,71969,EGIPS J233813.0+322006,354.5542901,32.3350546,J233813.03+322006.2,1
Obj_1666,2271196,EGIPS J020836.9+455010,32.1539932,45.8363024,J020836.96+455010.7,1
Obj_15054,898382,EGIPS J221115.5-162510,332.8147463,-16.4195698,J221115.54-162510.5,1
Obj_7861,200154,EGIPS J114307.9+194155,175.7832087,19.6986872,J114307.97+194155.3,1
Obj_7292,2391294,EGIPS J111120.7+511607,167.8365977,51.2686664,J111120.78+511607.2,1
Obj_11582,915298,EGIPS J155147.1-150751,237.946502,-15.1310617,J155147.16-150751.8,1
Obj_14187,       ,EGIPS J203506.9-203642,308.779147,-20.6117348,J203507.00-203642.2,1
Obj_11247,214379,EGIPS J152536.3+204643,231.4013409,20.778616,J152536.32+204643.0,1
Obj_4978,5951525,EGIPS J082858.3+105203,127.2429604,10.8677599,J082858.31+105203.9,1
Obj_14344,747570,EGIPS J205551.3-275738,313.9638466,-27.9605965,J205551.32-275738.1,1
Obj_9411,905887,EGIPS J131806.6-154959,199.5277152,-15.8333153,J131806.65-154959.9,1
Obj_1741,90599,EGIPS J021441.4+354920,33.6725446,35.8223955,J021441.41+354920.6,1
Obj_9788,2060622,EGIPS J134348.5+351044,205.9522717,35.1790085,J134348.55+351044.4,1
Obj_7283,33973,EGIPS J111058.1-033424,167.7423867,-3.5734365,J111058.17-033424.4,1
Obj_5910,27744,EGIPS J094219.1+305748,145.5797094,30.9635796,J094219.13+305748.9,1
Obj_8583,40923,EGIPS J122751.5-255042,186.9647767,-25.8451823,J122751.55-255042.7,1
Obj_8252,1376940,EGIPS J120743.9+101542,181.933054,10.2617285,J120743.93+101542.2,1
Obj_6432,91005,EGIPS J101749.7+192748,154.4574715,19.4634406,J101749.79+192748.4,1
Obj_12108,91534,EGIPS J162343.7+785817,245.932165,78.9714033,J162343.72+785817.1,1
Obj_1493,198323,EGIPS J015331.6-221711,28.3820481,-22.2864341,J015331.69-221711.2,1
Obj_686,90503,EGIPS J005036.4+030555,12.6520175,3.0987924,J005036.48+030555.7,1
Obj_8189,157303,EGIPS J120338.3-064846,180.9097981,-6.8129764,J120338.35-064846.7,1
Obj_11292,1066998,EGIPS J152906.8-034636,232.2784321,-3.7768328,J152906.82-034636.6,1
Obj_10535,2312271,EGIPS J143238.5+481128,218.1607748,48.191237,J143238.59+481128.5,1
Obj_2044,4126659,EGIPS J023918.4-141405,39.826699,-14.2348285,J023918.41-141405.4,1
Obj_10276,4407628,EGIPS J141432.0+171359,213.6336967,17.2331078,J141432.09+171359.2,1
Obj_4119,90777,EGIPS J071820.4+623003,109.5850479,62.5009177,J071820.41+623003.3,1
Obj_4625,22618,EGIPS J080338.0+432034,120.9083739,43.3429466,J080338.01+432034.6,1
Obj_471,855504,EGIPS J003657.1-192506,9.23813,-19.4185919,J003657.15-192506.9,1
Obj_2553,944790,EGIPS J032402.1-125854,51.0088628,-12.9817847,J032402.13-125854.4,1
Obj_1709,8400,EGIPS J021143.9-062924,32.933236,-6.4901621,J021143.98-062924.6,1
Obj_2239,857111,EGIPS J025401.0-191811,43.504459,-19.3032558,J025401.07-191811.7,1
Obj_7031,91062,EGIPS J105622.2+163532,164.0926118,16.5924116,J105622.23+163532.7,1
Obj_2834,92873,EGIPS J035928.1+012428,59.8673043,1.4078118,J035928.15+012428.1,1
Obj_6740,91037,EGIPS J103847.5+290650,159.6981832,29.1141163,J103847.56+290650.8,1
Obj_2084,1576033,EGIPS J024233.4+185748,40.639496,18.9636069,J024233.48+185749.0,1
Obj_695,90505,EGIPS J005122.7+160218,12.8447914,16.0384113,J005122.75+160218.3,1
Obj_13387,91628,EGIPS J181857.4+525416,274.7393822,52.9046916,J181857.45+525416.9,1
Obj_3527,97120,EGIPS J054823.6+503801,87.0985402,50.6336762,J054823.65+503801.2,1
Obj_11278,2273728,EGIPS J152750.7+455950,231.9614104,45.997436,J152750.74+455950.8,1
Obj_487,2261,EGIPS J003754.1+324120,9.475433,32.689111,J003754.10+324120.8,1
Obj_14765,3949757,EGIPS J214609.8-234224,326.541212,-23.7068211,J214609.89-234224.6,1
Obj_4405,21835,EGIPS J074803.3+280143,117.013985,28.0287159,J074803.36+280143.4,1
Obj_5403,1442785,EGIPS J090351.2+135210,135.9637353,13.869667,J090351.30+135210.8,1
Obj_7110,33171,EGIPS J110035.5+353752,165.1481045,35.631232,J110035.55+353752.4,1
Obj_147,73275,EGIPS J001127.8+274725,2.8660187,27.7904831,J001127.84+274725.7,1
Obj_12957,91601,EGIPS J173312.1+502230,263.3004517,50.375007,J173312.11+502230.0,1
Obj_12161,2390217,EGIPS J162725.8+511221,246.8578088,51.2059976,J162725.87+511221.6,1
Obj_9110,44630,EGIPS J125935.9-234425,194.899939,-23.7403892,J125935.99-234425.4,1
Obj_8530,3788308,EGIPS J122433.3+161106,186.1391105,16.185024,J122433.39+161106.1,1
Obj_9408,906234,EGIPS J131758.6-154831,199.4945763,-15.808862,J131758.70-154831.9,1
Obj_13969,2775632,EGIPS J195857.6+780708,299.7403355,78.1189205,J195857.68+780708.1,1
Obj_14597,784484,EGIPS J212621.6-245614,321.5900749,-24.9372335,J212621.62-245614.0,1
Obj_8373,91185,EGIPS J121520.1-002352,183.8339837,-0.3979915,J121520.16-002352.8,1
Obj_10912,1263783,EGIPS J145859.9+040715,224.7496061,4.1209687,J145859.91+040715.5,1
Obj_2741,965819,EGIPS J034516.7-112609,56.3196943,-11.4360427,J034516.73-112609.8,1
Obj_15237,1399795,EGIPS J222638.9+115111,336.6621359,11.853268,J222638.91+115111.8,1
Obj_13694,2769979,EGIPS J191340.6+760128,288.4191947,76.0244726,J191340.61+760128.1,1
Obj_3452,3700338,EGIPS J053245.9-081147,83.1915966,-8.1964338,J053245.98-081147.2,1
Obj_12828,2150756,EGIPS J171945.4+392937,259.9393704,39.4937051,J171945.45+392937.3,1
Obj_12594,59398,EGIPS J165948.8+670446,254.9537177,67.0796094,J165948.89+670446.6,1
Obj_42,5072258,EGIPS J000325.0+240757,0.8545345,24.1327549,J000325.09+240757.9,1
Obj_15601,1185937,EGIPS J225527.3+010846,343.8641384,1.1461194,J225527.39+010846.0,1
Obj_7352,1040582,EGIPS J111423.8-054620,168.5992402,-5.7723683,J111423.82-054620.5,1
Obj_12706,59657,EGIPS J170744.5+301935,256.9354919,30.3265148,J170744.52+301935.5,1
Obj_10652,1659867,EGIPS J144039.1+215459,220.1630033,21.9166556,J144039.12+215500.0,1
Obj_6633,91020,EGIPS J103058.0+200454,157.7418611,20.0819163,J103058.05+200454.9,1
Obj_10240,3119445,EGIPS J141237.8+013657,213.1577145,1.6158379,J141237.85+013657.0,1
Obj_1683,92852,EGIPS J021011.1+151856,32.5462837,15.3155688,J021011.11+151856.0,1
Obj_5850,1756113,EGIPS J093730.0+255631,144.3750676,25.9422078,J093730.02+255631.9,1
Obj_333,       ,EGIPS J002514.1+100405,6.3087725,10.0681578,J002514.11+100405.4,1
Obj_5666,90912,EGIPS J092300.6+382936,140.7528442,38.4935299,J092300.68+382936.7,1
Obj_205,90468,EGIPS J001555.3+160013,3.9807389,16.0037001,J001555.38+160013.3,1
Obj_11031,3491067,EGIPS J150704.6+421101,226.7693988,42.1836577,J150704.66+421101.2,1
Obj_9775,48566,EGIPS J134237.0+295116,205.6542497,29.8545314,J134237.02+295116.3,1
Obj_6714,1508210,EGIPS J103733.5+162446,159.3897196,16.4130101,J103733.53+162446.8,1
Obj_1272,943252,EGIPS J013353.9-130447,23.4747389,-13.0799113,J013353.94-130447.7,1
Obj_14709,91710,EGIPS J213938.6-201426,324.9109302,-20.2407079,J213938.62-201426.5,1
Obj_10682,52558,EGIPS J144246.9+003942,220.6956202,0.6617921,J144246.95+003942.5,1
Obj_9021,91236,EGIPS J125424.4-101243,193.6020474,-10.2120059,J125424.49-101243.2,1
Obj_5961,1307222,EGIPS J094607.5+064627,146.5316666,6.7743236,J094607.60+064627.6,1
Obj_9875,2235821,EGIPS J134908.1+440403,207.2838675,44.0676382,J134908.13+440403.5,1
Obj_12303,1841718,EGIPS J163709.0+283833,249.2875081,28.6427222,J163709.00+283833.8,1
Obj_93,2047076,EGIPS J000658.6+341806,1.7442948,34.3017405,J000658.63+341806.3,1
Obj_2835,14246,EGIPS J035955.1+323645,59.9797523,32.6127324,J035955.14+323645.8,1
Obj_16004,1102868,EGIPS J232729.2-020321,351.8717976,-2.0559473,J232729.23-020321.4,1
Obj_10648,52422,EGIPS J144023.7-210525,220.0988224,-21.0904746,J144023.72-210525.7,1
Obj_2762,934159,EGIPS J034726.4-134317,56.8601652,-13.7214045,J034726.44-134317.1,1
Obj_8851,2682137,EGIPS J124420.4+655639,191.0850646,65.9441927,J124420.42+655639.1,1
Obj_6988,91058,EGIPS J105349.2-113453,163.455172,-11.5815155,J105349.24-113453.5,1
Obj_10524,1177074,EGIPS J143224.6+005040,218.1026116,0.8447109,J143224.63+005041.0,1
Obj_4064,2173164,EGIPS J071354.6+405605,108.4778643,40.9349529,J071354.69+405605.8,1
Obj_7306,91092,EGIPS J111222.6-175608,168.0941745,-17.9356498,J111222.60-175608.3,1
Obj_5935,2149006,EGIPS J094404.1+392337,146.0172826,39.3937668,J094404.15+392337.6,1
Obj_8052,37418,EGIPS J115523.5+543927,178.8481065,54.6575199,J115523.55+543927.1,1
Obj_15378,992735,EGIPS J223734.8-091809,339.3953975,-9.3025101,J223734.90-091809.0,1
Obj_7643,91127,EGIPS J113050.1+182044,172.7090956,18.3456744,J113050.18+182044.4,1
Obj_4997,23875,EGIPS J083033.3+765813,127.6388497,76.9705456,J083033.32+765814.0,1
Obj_6394,29865,EGIPS J101421.6+220728,153.5903904,22.1246987,J101421.69+220728.9,1
Obj_11851,57275,EGIPS J160839.6+120038,242.1650043,12.0107378,J160839.60+120038.7,1
Obj_8456,1153797,EGIPS J122039.7-000133,185.1654523,-0.0258463,J122039.71-000133.0,1
Obj_4025,       ,EGIPS J071109.2+260726,107.7883886,26.1238949,J071109.21+260726.0,1
Obj_3540,92167,EGIPS J054956.7-221304,87.4863782,-22.2180123,J054956.73-221304.8,1
Obj_1803,1429195,EGIPS J021909.3+132158,34.7890101,13.3662356,J021909.36+132158.4,1
Obj_15697,70307,EGIPS J230219.0+160139,345.5794707,16.0277432,J230219.07+160139.9,1
Obj_2966,134132,EGIPS J042256.6-231943,65.735909,-23.3286379,J042256.62-231943.1,1
Obj_1500,1134512,EGIPS J015427.4-004744,28.6142697,-0.7957254,J015427.42-004744.6,1
Obj_11876,1739479,EGIPS J160953.1+253100,242.4713598,25.516874,J160953.13+253100.7,1
Obj_7351,91097,EGIPS J111414.7-144123,168.5613308,-14.6898857,J111414.72-144123.6,1
Obj_783,3472,EGIPS J005808.5-061458,14.5357054,-6.2496713,J005808.57-061458.8,1
Obj_14508,1213149,EGIPS J211507.4+020042,318.7810689,2.0118908,J211507.46+020042.8,1
Obj_11770,84711,EGIPS J160421.7+180819,241.0907881,18.1388523,J160421.79+180819.9,1
Obj_15724,1078188,EGIPS J230455.4-030025,346.2308853,-3.0069645,J230455.41-030025.1,1
Obj_5744,90921,EGIPS J092853.6-123300,142.2237089,-12.550115,J092853.69-123300.4,1
Obj_3361,142813,EGIPS J051646.0+043713,79.1919729,4.6203516,J051646.07+043713.3,1
Obj_9248,91256,EGIPS J130726.3-064223,196.8599194,-6.706653,J130726.38-064224.0,1
Obj_9888,2061701,EGIPS J134959.1+351514,207.4965152,35.2539165,J134959.16+351514.1,0.99
Obj_5425,1889280,EGIPS J090551.7+300433,136.4655843,30.0758997,J090551.74+300433.2,0.99
Obj_13207,1743124,EGIPS J175730.8+253704,269.3784428,25.6178952,J175730.83+253704.4,0.99
Obj_15995,793868,EGIPS J232625.8-240434,351.6077752,-24.0761849,J232625.87-240434.3,0.99
Obj_5111,1281014,EGIPS J083940.2+051711,129.9176532,5.2865923,J083940.24+051711.7,0.99
Obj_8914,183290,EGIPS J124906.9-152757,192.2788604,-15.4660336,J124906.93-152757.7,0.99
Obj_4547,2547679,EGIPS J075754.6+564704,119.4778339,56.784481,J075754.68+564704.1,0.99
Obj_465,2167,EGIPS J003613.5-190752,9.0562805,-19.1312474,J003613.51-190752.5,0.99
Obj_8611,41100,EGIPS J122859.2+285142,187.2469556,28.8617155,J122859.27+285142.2,0.99
Obj_16273,1370008,EGIPS J234842.7+094659,357.1781567,9.7833204,J234842.76+094700.0,0.99
Obj_8633,1017237,EGIPS J123047.8-073235,187.6993367,-7.5430658,J123047.84-073235.0,0.99
Obj_10660,91382,EGIPS J144104.7+050102,220.2699001,5.0174909,J144104.78+050103.0,0.99
Obj_8571,873275,EGIPS J122658.8-180350,186.7451423,-18.0641298,J122658.83-180350.9,0.99
Obj_5211,24674,EGIPS J084658.1+281418,131.7423469,28.2384267,J084658.16+281418.3,0.99
Obj_16377,1082248,EGIPS J235509.6-024849,358.790308,-2.8136147,J235509.67-024849.0,0.99
Obj_9906,49181,EGIPS J135110.3-261829,207.7933139,-26.3083285,J135110.40-261830.0,0.99
Obj_11447,1883100,EGIPS J154156.1+295509,235.4839871,29.9192878,J154156.16+295509.4,0.99
Obj_1957,1049252,EGIPS J023159.2-050620,37.9968072,-5.1057932,J023159.23-050620.9,0.99
Obj_1154,1041117,EGIPS J012431.6-054351,21.1319356,-5.7308555,J012431.66-054351.1,0.99
Obj_9734,48291,EGIPS J133928.6+460057,204.8691717,46.0158371,J133928.60+460057.0,0.99
Obj_3505,92160,EGIPS J054532.9-283301,86.3872307,-28.5505456,J054532.94-283302.0,0.99
Obj_12230,1633565,EGIPS J163202.8+204100,248.0118782,20.6833785,J163202.85+204100.2,0.99
Obj_3172,916058,EGIPS J045046.4-150436,72.6934424,-15.0766876,J045046.43-150436.1,0.99
Obj_3758,1887003,EGIPS J064042.8+300108,100.1786758,30.0190732,J064042.88+300108.7,0.99
Obj_4571,1361608,EGIPS J075938.5+091255,119.9105364,9.2155481,J075938.53+091256.0,0.99
Obj_12053,57864,EGIPS J162020.8+734847,245.0866735,73.8132017,J162020.80+734847.5,0.99
Obj_14326,92624,EGIPS J205313.1-254541,313.3049766,-25.7614306,J205313.19-254541.2,0.99
Obj_191,1599220,EGIPS J001444.7+193706,3.6863939,19.6185177,J001444.73+193706.7,0.99
Obj_10482,51747,EGIPS J142909.8+314756,217.2908987,31.7989612,J142909.82+314756.3,0.99
Obj_14161,2774266,EGIPS J203144.6+773711,307.936069,77.6198324,J203144.66+773711.4,0.99
Obj_8866,158055,EGIPS J124540.6-064530,191.4195389,-6.7583858,J124540.69-064530.2,0.99
Obj_13078,2521723,EGIPS J174658.1+555936,266.742495,55.9933559,J174658.20+555936.1,0.99
Obj_10128,2097099,EGIPS J140537.8+371708,211.4077938,37.2856037,J140537.87+371708.2,0.99
Obj_6326,92911,EGIPS J100951.6+354042,152.4653289,35.6785335,J100951.68+354042.7,0.99
Obj_10028,49817,EGIPS J135948.0+402254,209.9502352,40.381743,J135948.06+402254.3,0.99
Obj_9304,86647,EGIPS J131042.7+212200,197.6781362,21.3667757,J131042.75+212200.4,0.99
Obj_6046,2163910,EGIPS J095143.0+401835,147.9292225,40.3099799,J095143.01+401835.9,0.99
Obj_10591,2493535,EGIPS J143647.6+551113,219.1983958,55.187203,J143647.62+551113.9,0.99
Obj_3218,2755465,EGIPS J045710.8+732418,74.2953938,73.4051386,J045710.89+732418.5,0.99
Obj_6943,213742,EGIPS J105133.3+140042,162.8888163,14.0117371,J105133.32+140042.3,0.99
Obj_14491,1226412,EGIPS J211231.1+022514,318.1299912,2.4207491,J211231.20+022514.7,0.99
Obj_8948,83590,EGIPS J125036.4-151154,192.6520501,-15.1983345,J125036.49-151154.0,0.99
Obj_1376,90560,EGIPS J014410.4+410150,26.0435903,41.0307674,J014410.46+410150.8,0.99
Obj_10090,91333,EGIPS J140338.1+113424,210.9089601,11.5733969,J140338.15+113424.2,0.99
Obj_5895,27634,EGIPS J094053.3+314439,145.2222622,31.7442801,J094053.34+314439.4,0.99
Obj_2852,90700,EGIPS J040138.2+201548,60.4094718,20.2633977,J040138.27+201548.2,0.99
Obj_16000,980409,EGIPS J232650.3-101536,351.7098243,-10.2600952,J232650.36-101536.3,0.99
Obj_11270,1671447,EGIPS J152716.3+223107,231.8181297,22.5187484,J152716.35+223107.5,0.99
Obj_4943,23676,EGIPS J082621.0+225359,126.5878353,22.899724,J082621.08+225359.0,0.99
Obj_4485,90801,EGIPS J075345.2+394657,118.4386197,39.7827458,J075345.27+394657.9,0.99
Obj_12090,1693884,EGIPS J162220.6+234746,245.585995,23.7963862,J162220.64+234747.0,0.99
Obj_14917,3369969,EGIPS J220004.2-073542,330.0177243,-7.5952759,J220004.25-073543.0,0.99
Obj_11563,91483,EGIPS J155021.7+482712,237.590706,48.4535682,J155021.77+482712.8,0.99
Obj_908,1630420,EGIPS J010638.0+203303,16.6584365,20.5509862,J010638.02+203303.6,0.99
Obj_12185,2782575,EGIPS J162858.1+801559,247.2422531,80.2665388,J162858.14+801559.5,0.99
Obj_9200,45167,EGIPS J130416.9+552631,196.070808,55.4419759,J130416.99+552631.1,0.99
Obj_10166,1306361,EGIPS J140809.1+064339,212.0379175,6.7275187,J140809.10+064339.1,0.99
Obj_15950,1065075,EGIPS J232237.9-035601,350.6582283,-3.9336759,J232237.97-035601.2,0.99
Obj_2309,3098052,EGIPS J025954.4+054420,44.9770803,5.7390893,J025954.50+054420.7,0.99
Obj_15200,68669,EGIPS J222228.8-204241,335.6202563,-20.7115806,J222228.86-204241.7,0.99
Obj_14337,91683,EGIPS J205454.8+173942,313.7286335,17.6616793,J205454.87+173942.0,0.99
Obj_6872,2597275,EGIPS J104702.6+600226,161.7609945,60.04058,J104702.64+600226.1,0.99
Obj_5555,1637567,EGIPS J091540.4+205152,138.9185001,20.864455,J091540.44+205152.0,0.99
Obj_1590,1477997,EGIPS J020132.9+151201,30.3873693,15.2002795,J020132.97+151201.0,0.99
Obj_7472,3264209,EGIPS J112025.8-055806,170.1076808,-5.9684643,J112025.84-055806.5,0.99
Obj_44,897349,EGIPS J000330.6-163000,0.8777079,-16.5001232,J000330.65-163000.4,0.99
Obj_4164,20839,EGIPS J072225.1+491642,110.6049578,49.2783813,J072225.19+491642.2,0.99
Obj_5241,213536,EGIPS J084918.6+414553,132.327687,41.7648418,J084918.64+414553.4,0.99
Obj_15785,3976503,EGIPS J230951.8-034728,347.4659999,-3.7911885,J230951.84-034728.3,0.99
Obj_8372,2512336,EGIPS J121515.2+554341,183.8134138,55.7281398,J121515.22+554341.3,0.99
Obj_5053,2249455,EGIPS J083500.2+444017,128.7510983,44.671645,J083500.26+444017.9,0.99
Obj_407,962947,EGIPS J003203.8-114104,8.0161477,-11.6845461,J003203.88-114104.4,0.99
Obj_11389,86656,EGIPS J153713.3+195311,234.3057678,19.8864445,J153713.38+195311.2,0.99
Obj_11153,91431,EGIPS J151806.1+333214,229.5256338,33.5374676,J151806.15+333214.9,0.99
Obj_14097,1134575,EGIPS J202155.9-004734,305.4832662,-0.7928224,J202155.98-004734.2,0.99
Obj_11214,84591,EGIPS J152246.8+374201,230.6950237,37.70043,J152246.81+374201.5,0.99
Obj_11489,1697851,EGIPS J154437.7+240024,236.1572664,24.0066956,J154437.74+240024.1,0.99
Obj_3942,90768,EGIPS J070326.3+401116,105.8599505,40.1879387,J070326.39+401116.6,0.99
Obj_1880,1039414,EGIPS J022536.7-055222,36.4029404,-5.8730498,J022536.71-055223.0,0.99
Obj_9986,2711729,EGIPS J135706.6+680534,209.2778853,68.0928276,J135706.69+680534.2,0.99
Obj_10619,92457,EGIPS J143808.3-260228,219.5345968,-26.0413333,J143808.30-260228.8,0.99
Obj_736,922023,EGIPS J005442.8-143811,13.6783418,-14.636611,J005442.80-143811.8,0.99
Obj_239,90470,EGIPS J001905.7+263733,4.7740074,26.6259528,J001905.76+263733.4,0.99
Obj_862,1057172,EGIPS J010346.7-043052,15.9448267,-4.5144821,J010346.76-043052.1,0.99
Obj_8479,3787461,EGIPS J122205.1+264708,185.521564,26.7856918,J122205.18+264708.5,0.99
Obj_3272,4684695,EGIPS J050345.6-154908,75.9401297,-15.8191112,J050345.63-154908.8,0.99
Obj_7066,91069,EGIPS J105831.7-042812,164.6323249,-4.4701955,J105831.76-042812.7,0.99
Obj_856,3767,EGIPS J010317.8-041256,15.8244062,-4.2158109,J010317.86-041256.9,0.99
Obj_11367,55495,EGIPS J153453.2+093457,233.7218598,9.5826768,J153453.25+093457.6,0.99
Obj_1463,1093935,EGIPS J015054.9-022223,27.7291481,-2.3731824,J015055.00-022223.5,0.99
Obj_1271,3620505,EGIPS J013353.3+222926,23.4723815,22.490833,J013353.37+222927.0,0.99
Obj_8417,843552,EGIPS J121803.8-201826,184.5161714,-20.3073242,J121803.88-201826.4,0.99
Obj_5982,90945,EGIPS J094744.1-082556,146.9339752,-8.4322566,J094744.15-082556.1,0.99
Obj_989,1293035,EGIPS J011150.4+060048,17.9603351,6.0135786,J011150.48+060048.9,0.99
Obj_16116,1362539,EGIPS J233735.1+091610,354.3964263,9.2696666,J233735.14+091610.8,0.99
Obj_7556,91112,EGIPS J112413.1+261443,171.054778,26.2454147,J112413.15+261443.5,0.99
Obj_4407,3724396,EGIPS J074823.6+595836,117.0985348,59.9767104,J074823.65+595836.2,0.99
Obj_14448,4667573,EGIPS J210717.3+370650,316.8223194,37.1139493,J210717.36+370650.2,0.99
Obj_5058,3731836,EGIPS J083514.3+222803,128.8098225,22.4677308,J083514.36+222803.8,0.99
Obj_1735,90598,EGIPS J021404.2-134841,33.517877,-13.8114707,J021404.29-134841.3,0.99
Obj_396,1058017,EGIPS J003108.9-042707,7.7874734,-4.4519985,J003108.99-042707.2,0.99
Obj_10493,51806,EGIPS J142958.7+395626,217.4948042,39.9407244,J142958.75+395626.6,0.99
Obj_9355,802533,EGIPS J131410.0-231715,198.541823,-23.2877205,J131410.04-231715.8,0.99
Obj_4299,21397,EGIPS J073704.9+643310,114.2707836,64.5529386,J073704.99+643310.6,0.99
Obj_10890,4440695,EGIPS J145716.6+064646,224.3194804,6.7797002,J145716.68+064646.9,0.99
Obj_6473,30250,EGIPS J102016.1+680936,155.067225,68.1600989,J102016.13+680936.4,0.99
Obj_11974,1506048,EGIPS J161504.2+161929,243.7677876,16.324923,J161504.27+161929.7,0.99
Obj_7167,4263021,EGIPS J110403.4+503545,166.0142253,50.5960541,J110403.41+503545.8,0.99
Obj_16129,1688388,EGIPS J233830.9+232944,354.628962,23.4957487,J233830.95+232944.7,0.99
Obj_7574,91117,EGIPS J112528.6-021356,171.3694279,-2.2324644,J112528.66-021356.9,0.99
Obj_2938,1984785,EGIPS J041837.9+321122,64.6579581,32.1896128,J041837.91+321122.6,0.99
Obj_5407,2372850,EGIPS J090400.8+502553,136.0034509,50.4316475,J090400.83+502553.9,0.99
Obj_13729,2301372,EGIPS J191952.4+473712,289.9686013,47.6202456,J191952.46+473712.9,0.99
Obj_12487,1394331,EGIPS J165053.0+112910,252.7210709,11.4862548,J165053.06+112910.5,0.99
Obj_6837,32064,EGIPS J104443.6-232625,161.1820237,-23.4404506,J104443.69-232625.6,0.99
Obj_1281,       ,EGIPS J013502.5+334142,23.7608236,33.6950321,J013502.60+334142.1,0.99
Obj_1746,1038241,EGIPS J021518.1-055828,33.8256134,-5.9747133,J021518.15-055829.0,0.99
Obj_6876,1790811,EGIPS J104714.8+265212,161.8117248,26.8701807,J104714.81+265212.7,0.99
Obj_7734,1416802,EGIPS J113519.7+124905,173.8322291,12.818264,J113519.73+124905.8,0.99
Obj_6570,30688,EGIPS J102644.0-215148,156.6836101,-21.8633641,J102644.07-215148.1,0.99
Obj_10347,4411474,EGIPS J141931.8+154631,214.8825747,15.7755525,J141931.82+154632.0,0.99
Obj_6165,3532864,EGIPS J095948.1+102730,149.9507099,10.4583436,J095948.17+102730.0,0.99
Obj_8744,42189,EGIPS J123755.5+340120,189.481425,34.0224318,J123755.54+340120.8,0.99
Obj_7949,36868,EGIPS J114835.7+434318,177.1490706,43.7217647,J114835.78+434318.4,0.99
Obj_1287,198291,EGIPS J013527.1-224501,23.8630615,-22.750442,J013527.13-224501.6,0.99
Obj_10738,2230769,EGIPS J144630.6+435117,221.6275692,43.8549961,J144630.62+435118.0,0.99
Obj_14302,65506,EGIPS J204952.2-070119,312.4676787,-7.021972,J204952.24-070119.1,0.99
Obj_15770,2091742,EGIPS J230839.2+370212,347.1636734,37.0368242,J230839.28+370212.6,0.99
Obj_491,1063798,EGIPS J003804.2-040156,9.5178611,-4.032365,J003804.29-040156.5,0.99
Obj_12382,1756202,EGIPS J164306.9+255638,250.7788009,25.9440486,J164306.91+255638.6,0.99
Obj_8394,1807063,EGIPS J121631.2+272411,184.1304122,27.4032605,J121631.30+272411.7,0.99
Obj_11744,3858207,EGIPS J160247.0+035301,240.6959146,3.8837914,J160247.02+035301.6,0.99
Obj_9371,3804860,EGIPS J131511.8+300845,198.7994839,30.1459083,J131511.88+300845.3,0.99
Obj_6783,842417,EGIPS J104125.0-202336,160.3545234,-20.3933401,J104125.09-202336.0,0.99
Obj_8128,981454,EGIPS J115959.1-101026,179.9963462,-10.174066,J115959.12-101026.6,0.99
Obj_13170,5952784,EGIPS J175422.0+545426,268.5920154,54.907442,J175422.08+545426.8,0.99
Obj_12592,1622861,EGIPS J165936.8+201728,254.9034265,20.2912078,J165936.82+201728.3,0.99
Obj_303,1016745,EGIPS J002312.1-073412,5.8006042,-7.5700373,J002312.15-073412.1,0.99
Obj_7746,2317691,EGIPS J113554.5+482652,173.9771766,48.4480344,J113554.52+482652.9,0.99
Obj_14315,993376,EGIPS J205151.5-091501,312.9649482,-9.2505075,J205151.59-091501.8,0.99
Obj_501,1085266,EGIPS J003822.5-024115,9.5941052,-2.687507,J003822.59-024115.0,0.99
Obj_2502,1034710,EGIPS J031845.5-061644,49.6899892,-6.2791487,J031845.60-061644.9,0.99
Obj_8341,91182,EGIPS J121257.8+505108,183.2411461,50.8522258,J121257.88+505108.0,0.99
Obj_7512,34887,EGIPS J112218.4+130354,170.5770272,13.0652236,J112218.49+130354.8,0.99
Obj_9603,1676531,EGIPS J132953.5+224850,202.4731619,22.8139119,J132953.56+224850.1,0.99
Obj_8192,2233820,EGIPS J120346.0+435904,180.9417467,43.984485,J120346.02+435904.1,0.99
Obj_8989,183412,EGIPS J125305.4-115255,193.2727569,-11.8819643,J125305.46-115255.1,0.99
Obj_7456,2253296,EGIPS J111925.1+445037,169.8549223,44.8436553,J111925.18+445037.2,0.99
Obj_4932,23643,EGIPS J082547.5+280705,126.4483062,28.1183163,J082547.59+280705.9,0.99
Obj_5775,27069,EGIPS J093159.7-084356,142.9990046,-8.7323513,J093159.76-084356.5,0.99
Obj_11363,1655717,EGIPS J153442.5+214303,233.6772525,21.7175677,J153442.54+214303.2,0.99
Obj_9498,       ,EGIPS J132350.9-264021,200.9622986,-26.6725259,J132350.95-264021.1,0.99
Obj_9340,45944,EGIPS J131324.6+080224,198.3528349,8.040229,J131324.68+080224.8,0.99
Obj_11299,2102808,EGIPS J152935.5+373125,232.3981539,37.5237987,J152935.56+373125.7,0.99
Obj_10073,50021,EGIPS J140242.2+090951,210.6760775,9.1642836,J140242.26+090951.4,0.99
Obj_291,1798850,EGIPS J002230.7+270819,5.6279204,27.1386855,J002230.70+270819.3,0.99
Obj_9628,92959,EGIPS J133200.4+021056,203.0018397,2.1823149,J133200.44+021056.3,0.99
Obj_9235,91255,EGIPS J130615.4+533104,196.5644294,53.517903,J130615.46+533104.5,0.99
Obj_13015,1883390,EGIPS J174021.9+295534,265.0914343,29.9261263,J174021.94+295534.1,0.99
Obj_2795,14007,EGIPS J035224.0+022131,58.1002015,2.3587621,J035224.05+022131.5,0.99
Obj_2320,2245755,EGIPS J030055.7+443018,45.2323193,44.5050287,J030055.76+443018.1,0.99
Obj_15886,2042190,EGIPS J231810.0+335938,349.5420577,33.9940268,J231810.09+335938.5,0.99
Obj_14492,1227083,EGIPS J211327.8+022629,318.3659873,2.4414585,J211327.84+022629.3,0.99
Obj_9186,2122937,EGIPS J130349.7+381712,195.9571439,38.2866719,J130349.71+381712.0,0.99
Obj_2760,90694,EGIPS J034718.2-144150,56.825939,-14.6972303,J034718.23-144150.0,0.99
Obj_6812,93071,EGIPS J104257.2+133254,160.7387321,13.5483573,J104257.30+133254.1,0.99
Obj_11543,2490167,EGIPS J154913.2+550519,237.3050093,55.0886632,J154913.20+550519.2,0.99
Obj_8086,1440008,EGIPS J115655.1+134614,179.2297604,13.7707301,J115655.14+134614.6,0.99
Obj_10443,969801,EGIPS J142720.9-110659,216.8374154,-11.116596,J142720.98-110659.7,0.99
Obj_9803,2562187,EGIPS J134437.2+571729,206.1550395,57.2914978,J134437.21+571729.4,0.99
Obj_10459,1914971,EGIPS J142814.1+304255,217.0589231,30.7154932,J142814.14+304255.8,0.99
Obj_7156,91078,EGIPS J110321.6-050030,165.8400171,-5.0085339,J110321.60-050030.7,0.99
Obj_11891,1430991,EGIPS J161032.8+132610,242.6368485,13.4362418,J161032.84+132610.5,0.99
Obj_2360,1330800,EGIPS J030450.7+074702,46.2114361,7.7839668,J030450.74+074702.3,0.99
Obj_14842,1031628,EGIPS J215255.2-063238,328.2304096,-6.5439553,J215255.30-063238.2,0.99
Obj_13762,       ,EGIPS J192519.6+430643,291.3319151,43.1121308,J192519.66+430643.7,0.99
Obj_6461,1112545,EGIPS J101923.8-014141,154.8494397,-1.6949901,J101923.87-014142.0,0.99
Obj_6362,1314254,EGIPS J101207.6+070705,153.0318734,7.1182641,J101207.65+070705.8,0.99
Obj_10756,1280697,EGIPS J144723.9+051557,221.849811,5.2658574,J144723.95+051557.1,0.99
Obj_1672,906028,EGIPS J020903.7-154922,32.2654685,-15.8230394,J020903.71-154922.9,0.99
Obj_8912,1168928,EGIPS J124859.0+003257,192.2459879,0.5494073,J124859.04+003257.9,0.99
Obj_16120,1402435,EGIPS J233745.5+120109,354.4395859,12.0192752,J233745.50+120109.4,0.99
Obj_10798,92978,EGIPS J145032.5+252410,222.635757,25.4028038,J145032.58+252410.1,0.99
Obj_7162,1024509,EGIPS J110341.0-070531,165.9212042,-7.0921887,J110341.09-070531.9,0.99
Obj_12047,57854,EGIPS J162000.3+373504,245.0016468,37.5846434,J162000.40+373504.7,0.99
Obj_7430,87006,EGIPS J111754.7+340011,169.4782756,34.0033256,J111754.79+340012.0,0.99
Obj_6763,31725,EGIPS J103957.9+153555,159.9914301,15.5987511,J103957.94+153555.5,0.99
Obj_3165,787300,EGIPS J044943.0-244045,72.4294603,-24.6793776,J044943.07-244045.8,0.99
Obj_14259,1180753,EGIPS J204538.0+005834,311.4086028,0.9761454,J204538.06+005834.1,0.99
Obj_8887,2779418,EGIPS J124651.1+792005,191.7132294,79.3349283,J124651.18+792005.7,0.99
Obj_6637,1139067,EGIPS J103120.7-003638,157.8363383,-0.6105829,J103120.72-003638.1,0.99
Obj_757,1171976,EGIPS J005555.9+003940,13.983088,0.6613064,J005555.94+003940.7,0.99
Obj_11453,91469,EGIPS J154215.6-093709,235.565138,-9.6192147,J154215.63-093709.2,0.99
Obj_2025,1148822,EGIPS J023703.7-001316,39.2657968,-0.2212808,J023703.79-001316.6,0.99
Obj_6011,2100322,EGIPS J094926.0+372509,147.3586549,37.4192256,J094926.08+372509.2,0.99
Obj_3731,90757,EGIPS J063537.7+644119,98.9071242,64.6888663,J063537.71+644119.9,0.99
Obj_1325,       ,EGIPS J013844.1-054302,24.6839274,-5.7173709,J013844.14-054302.5,0.99
Obj_13527,62248,EGIPS J184049.9+380016,280.2080462,38.0045143,J184049.93+380016.3,0.99
Obj_4753,90831,EGIPS J081317.3+205756,123.3223524,20.9658121,J081317.36+205756.9,0.99
Obj_6155,3532841,EGIPS J095926.1+101730,149.858793,10.2918502,J095926.11+101730.7,0.99
Obj_3443,788987,EGIPS J053116.7-243137,82.8196285,-24.5270515,J053116.71-243137.4,0.99
Obj_497,795987,EGIPS J003819.7-235256,9.5823248,-23.8822256,J003819.76-235256.0,0.99
Obj_3923,20002,EGIPS J070135.9+832256,105.39995,83.3823316,J070135.99+832256.4,0.99
Obj_15661,1814324,EGIPS J225954.4+273911,344.9767016,27.6533174,J225954.41+273911.9,0.99
Obj_8628,943176,EGIPS J123017.5-130503,187.5729475,-13.0844047,J123017.51-130503.9,0.99
Obj_10196,50582,EGIPS J141007.0+462623,212.5294577,46.4397487,J141007.07+462623.1,0.99
Obj_15298,812121,EGIPS J223130.6-223428,337.8777527,-22.5745949,J223130.66-223428.5,0.99
Obj_9432,1955163,EGIPS J131912.5+313613,199.8021662,31.6037711,J131912.52+313613.6,0.99
Obj_12402,91549,EGIPS J164418.5+305137,251.0774207,30.8605298,J164418.58+305137.9,0.99
Obj_11192,1756890,EGIPS J152117.9+255734,230.3249473,25.9594499,J152117.99+255734.0,0.99
Obj_5636,2034806,EGIPS J092106.3+333420,140.27634,33.5722314,J092106.32+333420.0,0.99
Obj_6536,2623559,EGIPS J102434.2+614357,156.1425401,61.7326777,J102434.21+614357.6,0.99
Obj_10720,1427472,EGIPS J144518.4+131743,221.3269791,13.2953067,J144518.47+131743.1,0.99
Obj_9249,91257,EGIPS J130727.9+044546,196.8662618,4.7628747,J130727.90+044546.3,0.99
Obj_7370,2071074,EGIPS J111503.4+355126,168.7643944,35.8574951,J111503.45+355127.0,0.99
Obj_13409,       ,EGIPS J182309.6+520226,275.7902903,52.0406535,J182309.67+520226.4,0.99
Obj_1229,3619030,EGIPS J012950.0+195018,22.4586263,19.8384562,J012950.07+195018.4,0.99
Obj_2409,       ,EGIPS J030914.4+354749,47.3103388,35.7969494,J030914.48+354749.0,0.99
Obj_10958,1398169,EGIPS J150249.2+114448,225.7052643,11.7466787,J150249.26+114448.0,0.99
Obj_9187,45145,EGIPS J130350.0+365636,195.9586357,36.9435077,J130350.07+365636.6,0.99
Obj_14223,65178,EGIPS J204052.0+003909,310.2167627,0.6526941,J204052.02+003909.7,0.99
Obj_7593,91119,EGIPS J112723.3-154647,171.8474527,-15.7798648,J112723.39-154647.5,0.99
Obj_8591,2162197,EGIPS J122814.4+401202,187.0600251,40.2006235,J122814.41+401202.2,0.99
Obj_15058,961708,EGIPS J221123.5-114720,332.8481279,-11.7890844,J221123.55-114720.7,0.99
Obj_5639,26471,EGIPS J092115.4+030903,140.3144461,3.151025,J092115.47+030903.7,0.99
Obj_13620,91644,EGIPS J185901.6+454622,284.7567874,45.7728391,J185901.63+454622.2,0.99
Obj_8738,42126,EGIPS J123714.5-193105,189.3107718,-19.518102,J123714.59-193105.2,0.99
Obj_5036,2076621,EGIPS J083346.2+361159,128.442878,36.1999941,J083346.29+361200.0,0.99
Obj_12650,1254677,EGIPS J170320.8+033408,255.8368646,3.5690474,J170320.85+033408.6,0.99
Obj_2056,10126,EGIPS J024027.5+300447,40.114878,30.0799686,J024027.57+300447.9,0.99
Obj_11754,1986462,EGIPS J160324.1+321312,240.8506029,32.2202117,J160324.14+321312.8,0.99
Obj_16091,71839,EGIPS J233543.6+322307,353.9317865,32.385393,J233543.63+322307.4,0.99
Obj_10412,51498,EGIPS J142513.2+134441,216.3051197,13.7447681,J142513.23+134441.2,0.99
Obj_36,3588089,EGIPS J000248.0+045721,0.7003896,4.9560169,J000248.09+045721.7,0.99
Obj_14744,93015,EGIPS J214346.0+100717,325.9416729,10.1214292,J214346.00+100717.1,0.99
Obj_1972,213016,EGIPS J023248.4+313453,38.2017384,31.5816429,J023248.42+313453.9,0.99
Obj_4030,20348,EGIPS J071122.1+715010,107.8422028,71.8363577,J071122.13+715010.9,0.99
Obj_2594,3243352,EGIPS J032746.1-265753,51.94245,-26.9648523,J032746.19-265753.5,0.99
Obj_7192,2167353,EGIPS J110530.5+403230,166.3771444,40.5419039,J110530.51+403230.9,0.99
Obj_12519,2489743,EGIPS J165338.2+550435,253.4093619,55.0765747,J165338.25+550435.7,0.99
Obj_14672,1066388,EGIPS J213544.4-034930,323.9351044,-3.8251163,J213544.43-034930.4,0.99
Obj_4506,1801658,EGIPS J075504.9+271349,118.7707069,27.2304207,J075504.97+271349.5,0.99
Obj_10937,91407,EGIPS J150036.8+380033,225.1534537,38.00917,J150036.83+380033.0,0.99
Obj_6488,1692092,EGIPS J102117.9+234205,155.3249166,23.7015072,J102117.98+234205.4,0.99
Obj_791,1044947,EGIPS J005835.2-052515,14.6468144,-5.4209758,J005835.24-052515.5,0.99
Obj_2062,1023494,EGIPS J024101.4-070949,40.2558728,-7.163624,J024101.41-070949.0,0.99
Obj_10324,91351,EGIPS J141745.2+072525,214.4385848,7.4236992,J141745.26+072525.3,0.99
Obj_11620,4556595,EGIPS J155441.0+205735,238.671217,20.9599794,J155441.09+205735.9,0.99
Obj_226,73357,EGIPS J001729.0-234905,4.3709185,-23.8180829,J001729.02-234905.1,0.99
Obj_4552,22340,EGIPS J075816.5+395000,119.5689683,39.833471,J075816.55+395000.5,0.99
Obj_10834,1584211,EGIPS J145319.2+191230,223.3300393,19.2085776,J145319.21+191230.9,0.99
Obj_7639,2034776,EGIPS J113033.6+333413,172.6402467,33.5704852,J113033.66+333413.7,0.99
Obj_7474,34713,EGIPS J112030.2+061449,170.1260359,6.2470667,J112030.25+061449.4,0.99
Obj_6788,91043,EGIPS J104136.3+161629,160.4013688,16.2749703,J104136.33+161629.9,0.99
Obj_3186,       ,EGIPS J045226.5+035636,73.1106393,3.9434791,J045226.55+035636.5,0.99
Obj_1375,844566,EGIPS J014408.2-201352,26.0342804,-20.2313391,J014408.23-201352.8,0.99
Obj_16142,3987191,EGIPS J233930.0+084729,354.8752979,8.7914148,J233930.07+084729.1,0.99
Obj_2776,90695,EGIPS J034914.9+160505,57.3121363,16.084906,J034914.91+160505.7,0.99
Obj_8264,38559,EGIPS J120831.2+015434,182.1300304,1.9094707,J120831.21+015434.1,0.99
Obj_8009,2335742,EGIPS J115237.7+491055,178.1571979,49.1821568,J115237.73+491055.8,0.99
Obj_12739,91582,EGIPS J171148.7+473936,257.953273,47.6602615,J171148.79+473936.9,0.99
Obj_6660,1101879,EGIPS J103256.9-020542,158.2370946,-2.0951584,J103256.90-020542.6,0.99
Obj_7610,1632187,EGIPS J112855.3+203728,172.2307607,20.6246471,J112855.38+203728.7,0.99
Obj_2143,74158,EGIPS J024607.5+364820,41.5315878,36.8056952,J024607.58+364820.5,0.99
Obj_1582,1131661,EGIPS J020045.8-005428,30.1910399,-0.9078973,J020045.85-005428.4,0.99
Obj_3167,90727,EGIPS J045012.1-202511,72.5504492,-20.4199447,J045012.11-202511.8,0.99
Obj_7040,2029228,EGIPS J105656.1+331854,164.2341498,33.315159,J105656.20+331854.6,0.99
Obj_6776,83307,EGIPS J104052.3-085618,160.2182385,-8.9385893,J104052.38-085618.9,0.99
Obj_15808,2094618,EGIPS J231134.2+371039,347.8925347,37.1776547,J231134.21+371039.6,0.99
Obj_14287,1283514,EGIPS J204813.9+052633,312.0580674,5.4426482,J204813.94+052633.5,0.99
Obj_2708,3664143,EGIPS J034031.5+193138,55.1314093,19.5274795,J034031.54+193138.9,0.99
Obj_8458,39855,EGIPS J122047.5-065818,185.1979978,-6.9718303,J122047.52-065818.6,0.99
Obj_1221,1112893,EGIPS J012903.4-014055,22.2643799,-1.6819477,J012903.45-014055.0,0.99
Obj_11683,56588,EGIPS J155918.9+651357,239.8290325,65.2327296,J155918.97+651357.8,0.99
Obj_13855,2338018,EGIPS J194229.4+491553,295.6228534,49.2648351,J194229.48+491553.4,0.99
Obj_10696,1674665,EGIPS J144346.9+224214,220.9457725,22.7039399,J144346.99+224214.2,0.99
Obj_10617,2519252,EGIPS J143744.8+555527,219.4369861,55.9243752,J143744.88+555527.8,0.99
Obj_1177,1012711,EGIPS J012543.0-074831,21.4295241,-7.8086887,J012543.09-074831.3,0.99
Obj_439,2085,EGIPS J003449.0+282438,8.7045439,28.4107215,J003449.09+282438.6,0.99
Obj_10452,2029131,EGIPS J142758.9+331843,216.9956222,33.3120011,J142758.95+331843.2,0.99
Obj_9832,2550977,EGIPS J134639.6+565325,206.6653875,56.8904548,J134639.69+565325.6,0.99
Obj_2907,1028311,EGIPS J041255.4-064900,63.2311386,-6.816825,J041255.47-064900.6,0.99
Obj_2956,92067,EGIPS J042138.2-272657,65.4092205,-27.4493989,J042138.21-272657.8,0.99
Obj_10417,1586172,EGIPS J142531.7+191556,216.382275,19.2656173,J142531.75+191556.2,0.99
Obj_5613,26371,EGIPS J091941.3+334417,139.9222846,33.7381744,J091941.35+334417.4,0.99
Obj_1623,1056054,EGIPS J020458.2-043546,31.2427354,-4.5962109,J020458.26-043546.4,0.99
Obj_12655,91576,EGIPS J170332.8+435919,255.8867192,43.9887991,J170332.81+435919.7,0.99
Obj_3160,16067,EGIPS J044845.8-050729,72.1910404,-5.1247703,J044845.85-050729.2,0.99
Obj_1531,100161,EGIPS J015628.1+370956,29.1173512,37.1657747,J015628.16+370956.8,0.99
Obj_7089,2133555,EGIPS J105944.1+384033,164.9338059,38.6759617,J105944.11+384033.5,0.99
Obj_15563,214873,EGIPS J225233.2+342755,343.1385432,34.4654147,J225233.25+342755.5,0.99
Obj_8556,89600,EGIPS J122602.3+254741,186.5098194,25.7949426,J122602.36+254741.8,0.99
Obj_15048,       ,EGIPS J221037.3+215340,332.6554628,21.8945417,J221037.31+215340.3,0.99
Obj_5521,153566,EGIPS J091311.6-144731,138.2984181,-14.7921553,J091311.62-144731.8,0.99
Obj_13518,91638,EGIPS J183918.7+483851,279.8281604,48.6475576,J183918.76+483851.2,0.99
Obj_14989,68030,EGIPS J220623.1-152458,331.5964358,-15.4162412,J220623.14-152458.5,0.99
Obj_9484,3481801,EGIPS J132300.7+533509,200.7532495,53.5859243,J132300.78+533509.3,0.99
Obj_12298,91541,EGIPS J163636.0+042641,249.1502076,4.4448568,J163636.05+042641.5,0.99
Obj_12412,1738825,EGIPS J164500.8+252957,251.2536231,25.4994101,J164500.87+252957.9,0.99
Obj_11308,1737626,EGIPS J153010.5+252807,232.5438202,25.4686359,J153010.52+252807.1,0.99
Obj_15406,69427,EGIPS J223926.2-202212,339.8593761,-20.3701842,J223926.25-202212.7,0.99
Obj_16418,215017,EGIPS J235857.9+123501,359.7414285,12.5836988,J235857.94+123501.3,0.99
Obj_3206,       ,EGIPS J045513.7-262049,73.8072867,-26.3470862,J045513.75-262049.5,0.99
Obj_8695,41820,EGIPS J123424.1+695034,188.6008092,69.8430155,J123424.19+695034.9,0.99
Obj_6441,3753776,EGIPS J101826.7-131544,154.6116015,-13.2623849,J101826.78-131544.6,0.99
Obj_11678,992116,EGIPS J155900.0-092113,239.7503362,-9.3536668,J155900.08-092113.2,0.99
Obj_6576,2564801,EGIPS J102656.3+572425,156.7346464,57.4070543,J102656.32+572425.4,0.99
Obj_7795,       ,EGIPS J113927.8-170124,174.8661228,-17.0234574,J113927.87-170124.4,0.99
Obj_14498,92651,EGIPS J211357.4-221750,318.4894007,-22.2974176,J211357.46-221750.7,0.99
Obj_5878,27549,EGIPS J093927.0+382546,144.8629137,38.4296955,J093927.10+382546.9,0.99
Obj_109,4011962,EGIPS J000826.5+002209,2.1104902,0.3692607,J000826.52+002209.3,0.99
Obj_9391,2400679,EGIPS J131617.0+514902,199.0711649,51.8173515,J131617.08+514902.5,0.99
Obj_10945,1510477,EGIPS J150150.0+163033,225.4586962,16.5094378,J150150.09+163034.0,0.99
Obj_10234,3350165,EGIPS J141222.2+012155,213.0928495,1.3653786,J141222.28+012155.4,0.99
Obj_1628,90585,EGIPS J020507.7+022113,31.2821002,2.3537767,J020507.70+022113.6,0.99
Obj_16211,3988624,EGIPS J234356.6+202314,355.9858725,20.3873947,J234356.61+202314.6,0.99
Obj_7282,1061013,EGIPS J111056.1-041410,167.7338349,-4.2362108,J111056.12-041410.4,0.99
Obj_661,6723158,EGIPS J004906.7+243856,12.2781991,24.6490257,J004906.77+243856.5,0.99
Obj_12741,1676841,EGIPS J171216.1+224949,258.067244,22.8304924,J171216.14+224949.8,0.99
Obj_11375,55532,EGIPS J153539.6+123622,233.9150009,12.6061613,J153539.60+123622.2,0.99
Obj_2851,90699,EGIPS J040137.5+244920,60.4065263,24.8222537,J040137.57+244920.1,0.99
Obj_3015,3680241,EGIPS J042932.9+062052,67.3873309,6.3478008,J042932.96+062052.1,0.99
Obj_2673,1015973,EGIPS J033650.8-073651,54.2118449,-7.6142391,J033650.84-073651.3,0.99
Obj_708,3088,EGIPS J005241.5-254401,13.1733103,-25.7337452,J005241.59-254401.5,0.99
Obj_242,817830,EGIPS J001922.3-221147,4.8430892,-22.1965199,J001922.34-221147.5,0.99
Obj_8577,40801,EGIPS J122708.9+055248,186.7873487,5.8800439,J122708.96+055248.2,0.99
Obj_1657,991607,EGIPS J020756.0-092343,31.9836713,-9.3953595,J020756.08-092343.3,0.99
Obj_9226,91252,EGIPS J130544.5+252306,196.4357661,25.3851315,J130544.58+252306.5,0.99
Obj_1734,927595,EGIPS J021354.0-141230,33.475144,-14.2083412,J021354.03-141230.0,0.99
Obj_8027,2569562,EGIPS J115343.4+573951,178.431111,57.6643473,J115343.47+573951.7,0.99
Obj_3095,3684010,EGIPS J044016.9+071447,70.0705471,7.2464516,J044016.93+071447.2,0.99
Obj_9091,44474,EGIPS J125836.0+014221,194.6503951,1.7060899,J125836.09+014221.9,0.99
Obj_10251,1201967,EGIPS J141318.9+013951,213.3288841,1.6643719,J141318.93+013951.7,0.99
Obj_12352,1810348,EGIPS J164107.7+273045,250.2822603,27.512641,J164107.74+273045.5,0.99
Obj_1706,8379,EGIPS J021125.2+155357,32.8552441,15.8992719,J021125.26+155357.4,0.99
Obj_4840,2334185,EGIPS J081850.7+490732,124.7116379,49.1256937,J081850.79+490732.5,0.99
Obj_5858,995427,EGIPS J093813.4-090502,144.5560961,-9.0841664,J093813.46-090503.0,0.99
Obj_9353,3804547,EGIPS J131403.4-235234,198.5143011,-23.8761412,J131403.43-235234.1,0.99
Obj_7098,1346138,EGIPS J110008.9+082409,165.0370908,8.4027561,J110008.90+082409.9,0.99
Obj_8198,4102165,EGIPS J120410.1+380320,181.0422554,38.0557214,J120410.14+380320.6,0.99
Obj_7051,884007,EGIPS J105732.0-172336,164.3833658,-17.393552,J105732.01-172336.8,0.99
Obj_16268,1079490,EGIPS J234828.0-025625,357.116926,-2.9403242,J234828.06-025625.2,0.99
Obj_6945,1634239,EGIPS J105134.3+204245,162.8930014,20.7127511,J105134.32+204245.9,0.99
Obj_6204,90978,EGIPS J100212.1+030312,150.5505173,3.0533867,J100212.12+030312.2,0.99
Obj_12905,2215619,EGIPS J172803.7+431302,262.0156201,43.2174114,J172803.75+431302.7,0.99
Obj_6638,977928,EGIPS J103122.6-102740,157.8442486,-10.4612264,J103122.62-102740.4,0.99
Obj_9604,47419,EGIPS J133000.2-272743,202.5008921,-27.4621765,J133000.21-272743.8,0.99
Obj_5606,1025402,EGIPS J091916.5-070155,139.8191549,-7.0319946,J091916.60-070155.2,0.99
Obj_5771,27066,EGIPS J093153.8-164045,142.9744266,-16.6793109,J093153.86-164045.5,0.99
Obj_9696,1888147,EGIPS J133610.2+300254,204.0427125,30.0484442,J133610.25+300254.4,0.99
Obj_16400,5072528,EGIPS J235711.3+294221,359.2971,29.7059725,J235711.30+294221.5,0.99
Obj_7994,157039,EGIPS J115116.7+000357,177.8197538,0.065838,J115116.74+000357.0,0.99
Obj_1703,2065835,EGIPS J021114.3+353122,32.8096487,35.5229614,J021114.32+353122.7,0.99
Obj_6358,995833,EGIPS J101156.3-090305,152.9846788,-9.0516064,J101156.32-090305.8,0.99
Obj_9489,2606922,EGIPS J132314.4+604722,200.810304,60.7895377,J132314.47+604722.3,0.99
Obj_7004,165567,EGIPS J105447.5-100111,163.6979629,-10.0199353,J105447.51-100111.8,0.99
Obj_11113,1235366,EGIPS J151433.5+024241,228.6397441,2.7116192,J151433.54+024241.8,0.99
Obj_6431,1820090,EGIPS J101749.2+275159,154.4553269,27.8665438,J101749.28+275159.6,0.99
Obj_9763,91306,EGIPS J134200.2-121456,205.5012363,-12.2491401,J134200.30-121456.9,0.99
Obj_7088,2058259,EGIPS J105939.7+350135,164.9156562,35.0266587,J105939.76+350136.0,0.99
Obj_8904,43264,EGIPS J124828.3+032626,192.1179176,3.4405715,J124828.30+032626.1,0.99
Obj_14740,67233,EGIPS J214317.8-251035,325.8242795,-25.1765618,J214317.83-251035.6,0.99
Obj_12186,2647836,EGIPS J162901.3+630033,247.255682,63.0093426,J162901.36+630033.6,0.99
Obj_1780,8751,EGIPS J021735.9-214553,34.399637,-21.7647959,J021735.91-214553.3,0.99
Obj_13653,91646,EGIPS J190538.8+433813,286.4118388,43.6370015,J190538.84+433813.2,0.99
Obj_6386,1604198,EGIPS J101342.5+194508,153.4272068,19.7523315,J101342.53+194508.4,0.99
Obj_11105,91420,EGIPS J151357.1+372019,228.4881998,37.3387233,J151357.17+372019.4,0.99
Obj_10886,53439,EGIPS J145710.6+171115,224.2944304,17.1876381,J145710.66+171115.5,0.99
Obj_1979,1117747,EGIPS J023334.8-012837,38.3950762,-1.4770488,J023334.82-012837.4,0.99
Obj_5909,27695,EGIPS J094202.5+480532,145.5107654,48.0924276,J094202.58+480532.7,0.99
Obj_6328,1472777,EGIPS J100959.1+150020,152.496358,15.0057137,J100959.13+150020.6,0.99
Obj_1870,1036316,EGIPS J022442.6-060827,36.1778067,-6.1408982,J022442.67-060827.2,0.99
Obj_4313,90788,EGIPS J073832.4+635604,114.6351539,63.9344994,J073832.44+635604.2,0.99
Obj_210,989596,EGIPS J001625.2-093304,4.1053332,-9.5513387,J001625.28-093304.8,0.99
Obj_6556,3535654,EGIPS J102546.6+401658,156.4445693,40.2828844,J102546.70+401658.4,0.99
Obj_842,1498550,EGIPS J010241.3+160035,15.6723807,16.0097856,J010241.37+160035.2,0.99
Obj_8704,169567,EGIPS J123505.0+115708,188.7711896,11.952279,J123505.09+115708.2,0.99
Obj_1435,1238445,EGIPS J014849.5+024929,27.206288,2.8247966,J014849.51+024929.3,0.99
Obj_6410,3534247,EGIPS J101549.0+413030,153.9545569,41.5084419,J101549.09+413030.4,0.99
Obj_11134,54496,EGIPS J151618.8+245202,229.0785709,24.8674492,J151618.86+245202.8,0.99
Obj_11809,84731,EGIPS J160611.5+181944,241.5481582,18.3291564,J160611.56+181945.0,0.99
Obj_3360,143029,EGIPS J051645.0+205213,79.1878232,20.8704526,J051645.08+205213.6,0.99
Obj_3633,18645,EGIPS J061348.0+810427,93.4502528,81.0742962,J061348.06+810427.5,0.99
Obj_87,955700,EGIPS J000653.5-121428,1.7232214,-12.2413006,J000653.57-121428.7,0.99
Obj_3110,2777897,EGIPS J044259.5+785223,70.7481285,78.8733236,J044259.55+785224.0,0.99
Obj_10274,1493744,EGIPS J141419.7+154822,213.5823045,15.806313,J141419.75+154822.7,0.99
Obj_16107,924395,EGIPS J233651.8-142722,354.2159066,-14.4561828,J233651.82-142722.3,0.99
Obj_5977,28128,EGIPS J094721.6+254446,146.8401417,25.7463057,J094721.63+254446.7,0.99
Obj_6951,796836,EGIPS J105152.9-234822,162.9706781,-23.8063362,J105152.96-234822.8,0.99
Obj_9881,2173133,EGIPS J134920.4+405601,207.3352551,40.9336161,J134920.46+405601.0,0.99
Obj_15462,91749,EGIPS J224314.7+082558,340.8114072,8.432865,J224314.74+082558.3,0.99
Obj_11834,3859893,EGIPS J160742.5+145213,241.9270854,14.8704919,J160742.50+145213.8,0.99
Obj_10599,52247,EGIPS J143713.5+434145,219.3062779,43.6960648,J143713.51+434145.8,0.99
Obj_3495,147821,EGIPS J054313.5-131010,85.8063402,-13.1696081,J054313.52-131010.6,0.99
Obj_13429,       ,EGIPS J182503.4+254325,276.2643475,25.7237163,J182503.44+254325.4,0.99
Obj_13310,       ,EGIPS J180911.9+173506,272.2998646,17.5852664,J180911.97+173507.0,0.99
Obj_9644,47718,EGIPS J133314.7+455014,203.3114195,45.8372434,J133314.74+455014.1,0.99
Obj_5303,1234601,EGIPS J085504.5+024105,133.7689957,2.6848204,J085504.56+024105.4,0.99
Obj_1145,986451,EGIPS J012406.7-094708,21.0280311,-9.7857167,J012406.73-094708.6,0.99
Obj_12332,58700,EGIPS J163921.5+292210,249.8397379,29.3696619,J163921.54+292210.8,0.99
Obj_7243,2054214,EGIPS J110842.2+344600,167.176096,34.766675,J110842.26+344600.0,0.99
Obj_2534,12611,EGIPS J032155.0-133900,50.4795747,-13.650108,J032155.10-133900.4,0.99
Obj_4137,2173038,EGIPS J071949.0+405538,109.9543393,40.9273227,J071949.04+405538.4,0.99
Obj_2932,       ,EGIPS J041738.1+011739,64.4088412,1.2944366,J041738.12+011740.0,0.99
Obj_5443,25596,EGIPS J090707.9+281858,136.7829427,28.316199,J090707.91+281858.3,0.99
Obj_16324,72686,EGIPS J235211.3+472344,358.0471246,47.3955707,J235211.31+472344.1,0.99
Obj_14909,1466596,EGIPS J215855.4+144553,329.7309278,14.7647481,J215855.42+144553.1,0.99
Obj_400,1926,EGIPS J003128.1-194540,7.8672786,-19.7613534,J003128.15-194540.9,0.99
Obj_3763,4666918,EGIPS J064812.6+371048,102.0529114,37.180012,J064812.70+371048.0,0.99
Obj_16391,1376225,EGIPS J235643.1+101236,359.1797518,10.2101475,J235643.14+101236.5,0.99
Obj_11814,57176,EGIPS J160641.7-244702,241.6741223,-24.7839642,J160641.79-244702.3,0.99
Obj_5601,1235106,EGIPS J091901.4+024208,139.7560547,2.7024512,J091901.45+024208.8,0.99
Obj_6212,1033514,EGIPS J100233.3-062252,150.6388362,-6.3813765,J100233.32-062253.0,0.99
Obj_7831,104200,EGIPS J114121.8-032717,175.3411045,-3.4547468,J114121.87-032717.1,0.99
Obj_6281,1693231,EGIPS J100620.1+234541,151.5837584,23.7613938,J100620.10+234541.0,0.99
Obj_7392,2037061,EGIPS J111551.2+334118,168.9635629,33.6883407,J111551.26+334118.0,0.99
Obj_11002,1035695,EGIPS J150516.9-061143,226.3204653,-6.1955506,J150516.91-061144.0,0.99
Obj_1949,1260237,EGIPS J023058.9+035328,37.7457216,3.8911564,J023058.97+035328.2,0.99
Obj_9939,760834,EGIPS J135334.5-270121,208.3941201,-27.0226367,J135334.59-270121.5,0.99
Obj_1475,844705,EGIPS J015141.5-201317,27.9232703,-20.2214871,J015141.58-201317.4,0.99
Obj_11523,1946813,EGIPS J154745.9+312551,236.9414612,31.4308908,J154745.95+312551.2,0.99
Obj_11765,84708,EGIPS J160410.3+171218,241.0430076,17.2051901,J160410.32+171218.7,0.99
Obj_7979,37004,EGIPS J115018.1+351515,177.5755453,35.2541746,J115018.13+351515.0,0.99
Obj_11859,57284,EGIPS J160858.3+363637,242.2429332,36.6103935,J160858.30+363637.4,0.99
Obj_6903,2100921,EGIPS J104912.1+372640,162.3006974,37.4444477,J104912.17+372640.0,0.99
Obj_7381,978654,EGIPS J111534.1-102405,168.8922602,-10.4014706,J111534.14-102405.3,0.99
Obj_8850,42898,EGIPS J124419.2-053209,191.0802334,-5.5359531,J124419.26-053209.4,0.99
Obj_5385,4546253,EGIPS J090237.3+201227,135.6554368,20.2075951,J090237.30+201227.3,0.99
Obj_8541,157719,EGIPS J122526.7-194937,186.361384,-19.8269609,J122526.73-194937.1,0.99
Obj_2936,90705,EGIPS J041829.9-145925,64.6247863,-14.9904517,J041829.95-145925.6,0.99
Obj_2557,12729,EGIPS J032420.4-050119,51.0853459,-5.0221531,J032420.48-050119.8,0.99
Obj_5122,24374,EGIPS J084014.8+053810,130.0620807,5.6362517,J084014.90+053810.5,0.99
Obj_9301,1102515,EGIPS J131027.6-020414,197.6150083,-2.0707925,J131027.60-020414.9,0.99
Obj_16203,91815,EGIPS J234302.8-043129,355.761803,-4.5249008,J234302.83-043129.6,0.99
Obj_16281,852967,EGIPS J234909.9-193616,357.291429,-19.6046349,J234909.94-193616.7,0.99
Obj_3211,813220,EGIPS J045624.8-223009,74.1033489,-22.5025947,J045624.80-223009.3,0.99
Obj_9820,2213964,EGIPS J134537.8+430837,206.407876,43.1437339,J134537.89+430837.4,0.99
Obj_8800,91220,EGIPS J124145.4-090904,190.4393333,-9.151151,J124145.44-090904.1,0.99
Obj_1213,1949969,EGIPS J012832.2+312946,22.1344773,31.496304,J012832.27+312946.7,0.99
Obj_12912,2743708,EGIPS J172843.2+713027,262.1801374,71.5076755,J172843.23+713027.6,0.99
Obj_1779,8754,EGIPS J021732.6-113108,34.3859365,-11.518892,J021732.62-113108.0,0.99
Obj_10102,1676784,EGIPS J140425.3+224938,211.1055384,22.827277,J140425.33+224938.2,0.99
Obj_12500,91560,EGIPS J165140.3+532420,252.9180367,53.4058102,J165140.33+532420.9,0.99
Obj_13319,2274837,EGIPS J181004.0+460414,272.5167104,46.0706223,J181004.01+460414.2,0.99
Obj_16016,4528738,EGIPS J232859.9-085602,352.2499043,-8.9340338,J232859.98-085602.5,0.99
Obj_14296,1120395,EGIPS J204858.0-012155,312.2417678,-1.3653004,J204858.02-012155.1,0.99
Obj_9665,1719860,EGIPS J133443.6+245436,203.6819535,24.9101785,J133443.67+245436.6,0.99
Obj_6796,       ,EGIPS J104157.0-264302,160.487876,-26.7173481,J104157.09-264302.5,0.99
Obj_12110,91532,EGIPS J162353.8+690458,245.974432,69.0827805,J162353.86+690458.0,0.99
Obj_2120,175460,EGIPS J024456.2-082411,41.2341924,-8.4032168,J024456.21-082411.6,0.99
Obj_11936,1416327,EGIPS J161246.0+124737,243.1918728,12.7937498,J161246.05+124737.5,0.99
Obj_15083,135345,EGIPS J221306.7-220724,333.2783109,-22.1233822,J221306.79-220724.2,0.99
Obj_2503,1030768,EGIPS J031852.3-063659,49.7181999,-6.6164143,J031852.37-063659.1,0.99
Obj_2830,14209,EGIPS J035849.8-185211,59.7075499,-18.8699846,J035849.81-185211.9,0.99
Obj_13344,1686986,EGIPS J181315.2+232501,273.3136127,23.416998,J181315.27+232501.2,0.99
Obj_11369,91460,EGIPS J153504.2+430825,233.7675541,43.1404238,J153504.21+430825.5,0.99
Obj_195,1085810,EGIPS J001459.7-023954,3.7489913,-2.6651362,J001459.76-023954.5,0.99
Obj_364,1205608,EGIPS J002827.7+014646,7.1156761,1.7795147,J002827.76+014646.3,0.99
Obj_6073,28495,EGIPS J095320.7+425042,148.3366361,42.8451548,J095320.79+425042.6,0.99
Obj_14759,1149760,EGIPS J214513.2-001108,326.3053907,-0.1855746,J214513.29-001108.1,0.99
Obj_5257,1169471,EGIPS J085039.9+003412,132.6664787,0.5700023,J085039.95+003412.0,0.99
Obj_12557,1353036,EGIPS J165650.9+084505,254.2120948,8.7516413,J165650.90+084505.9,0.99
Obj_2054,1107293,EGIPS J024006.3-015317,40.0265767,-1.8883262,J024006.38-015318.0,0.99
Obj_15287,2062277,EGIPS J223030.7+351731,337.6281116,35.2920867,J223030.75+351731.5,0.99
Obj_12022,1490432,EGIPS J161812.8+154004,244.5534368,15.6678211,J161812.82+154004.2,0.99
Obj_8755,1836988,EGIPS J123827.2+282848,189.6136069,28.480144,J123827.27+282848.5,0.99
Obj_7579,1602318,EGIPS J112555.6+194157,171.4820338,19.6991796,J112555.69+194157.0,0.99
Obj_11939,1841015,EGIPS J161249.7+283705,243.2073195,28.6181941,J161249.76+283705.5,0.99
Obj_15840,1515585,EGIPS J231446.4+164343,348.6934353,16.7286763,J231446.42+164343.2,0.99
Obj_11329,1075575,EGIPS J153136.2-030903,232.9012214,-3.1511064,J153136.29-030904.0,0.99
Obj_12127,1734581,EGIPS J162515.7+252259,246.3157066,25.383118,J162515.77+252259.2,0.99
Obj_8701,2298905,EGIPS J123452.6+472835,188.719492,47.4763902,J123452.68+472835.0,0.99
Obj_11751,56846,EGIPS J160310.4+492503,240.7937289,49.4177447,J160310.49+492503.9,0.99
Obj_10615,898017,EGIPS J143735.5-162655,219.3981634,-16.4487874,J143735.56-162655.6,0.99
Obj_13453,61936,EGIPS J182857.4+513904,277.2395097,51.6511245,J182857.48+513904.0,0.99
Obj_16081,       ,EGIPS J233502.1+415538,353.7590052,41.9273617,J233502.16+415538.5,0.99
Obj_11107,1137154,EGIPS J151408.9-004120,228.5371924,-0.6890672,J151408.93-004120.6,0.99
Obj_14729,91713,EGIPS J214152.8-104400,325.47001,-10.7334046,J214152.80-104400.3,0.99
Obj_6480,1472369,EGIPS J102050.6+145925,155.2110749,14.9905017,J102050.66+145925.8,0.99
Obj_7957,1646085,EGIPS J114853.2+211507,177.2218753,21.2519918,J114853.25+211507.2,0.99
Obj_746,       ,EGIPS J005527.7-035216,13.8657653,-3.8711656,J005527.78-035216.2,0.99
Obj_16330,909213,EGIPS J235253.9-153507,358.2249507,-15.5852954,J235253.99-153507.1,0.99
Obj_2334,213150,EGIPS J030239.1+462734,45.6633291,46.4595808,J030239.20+462734.5,0.99
Obj_15851,980401,EGIPS J231530.3-101536,348.8765578,-10.260195,J231530.37-101536.7,0.99
Obj_14781,1372359,EGIPS J214810.1+095641,327.0422876,9.9449128,J214810.15+095641.7,0.99
Obj_6128,28776,EGIPS J095743.1+360409,149.4299012,36.069284,J095743.18+360409.4,0.99
Obj_5816,3744102,EGIPS J093523.8-102653,143.8495539,-10.4481185,J093523.89-102653.2,0.99
Obj_13849,2763060,EGIPS J194057.0+743305,295.2377934,74.5514432,J194057.07+743305.2,0.99
Obj_9393,1897239,EGIPS J131630.1+301621,199.1257494,30.2726319,J131630.18+301621.5,0.99
Obj_4590,       ,EGIPS J080054.3+080747,120.2266265,8.1298894,J080054.39+080747.6,0.99
Obj_8398,39390,EGIPS J121709.2+122712,184.288599,12.4535684,J121709.26+122712.8,0.99
Obj_370,       ,EGIPS J002855.2+113451,7.2301479,11.5808845,J002855.24+113451.2,0.99
Obj_8712,41950,EGIPS J123538.6-001221,188.9111263,-0.2059208,J123538.67-001221.3,0.99
Obj_766,6719954,EGIPS J005634.7+054414,14.1446757,5.7372476,J005634.72+054414.1,0.99
Obj_12914,       ,EGIPS J172850.1+154938,262.2089937,15.8273622,J172850.16+154938.5,0.99
Obj_11459,92990,EGIPS J154244.7+080650,235.6866217,8.1140705,J154244.79+080650.7,0.99
Obj_12155,214498,EGIPS J162704.4+513650,246.7686285,51.613984,J162704.47+513650.3,0.99
Obj_8776,3551194,EGIPS J124008.6+120847,190.0358807,12.1465297,J124008.61+120847.5,0.99
Obj_2866,2802372,EGIPS J040355.4+304130,60.9808431,30.6916896,J040355.40+304130.1,0.99
Obj_4613,1390706,EGIPS J080230.6+111412,120.6276641,11.2367634,J080230.64+111412.3,0.99
Obj_11709,2165584,EGIPS J160041.3+402527,240.1722503,40.4242647,J160041.34+402527.4,0.99
Obj_2968,814191,EGIPS J042318.3-222626,65.826364,-22.4406986,J042318.33-222626.5,0.99
Obj_2405,90659,EGIPS J030907.4+225123,47.2810228,22.8566172,J030907.45+225123.8,0.99
Obj_9757,88919,EGIPS J134136.7-185651,205.4029877,-18.9475334,J134136.72-185651.1,0.99
Obj_8496,1060131,EGIPS J122254.5-041806,185.7273121,-4.3017747,J122254.55-041806.4,0.99
Obj_15640,91765,EGIPS J225828.2-103332,344.6177448,-10.5588905,J225828.26-103332.0,0.99
Obj_15304,1186761,EGIPS J223202.0+011026,338.0085637,1.1740516,J223202.06+011026.6,0.99
Obj_7383,920670,EGIPS J111536.6-144358,168.9027224,-14.7328547,J111536.65-144358.3,0.99
Obj_11796,1411975,EGIPS J160539.1+123419,241.4132461,12.572046,J160539.18+123419.4,0.99
Obj_6127,28751,EGIPS J095728.6+451254,149.3695764,45.215236,J095728.70+451254.8,0.99
Obj_13709,       ,EGIPS J191547.1+513101,288.946301,51.5170076,J191547.11+513101.2,0.99
Obj_6850,1346383,EGIPS J104523.8+082456,161.3494886,8.4157474,J104523.88+082456.7,0.99
Obj_9459,91278,EGIPS J132101.9+330349,200.2582578,33.0636129,J132101.98+330349.0,0.99
Obj_9348,2212655,EGIPS J131346.0+430508,198.4418678,43.085791,J131346.05+430508.8,0.99
Obj_2583,176204,EGIPS J032710.5-121621,51.7938808,-12.272773,J032710.53-121622.0,0.99
Obj_15683,1385534,EGIPS J230118.8+105139,345.3284863,10.8610097,J230118.84+105139.6,0.99
Obj_7985,3777902,EGIPS J115034.3+064556,177.6433021,6.7655754,J115034.39+064556.1,0.99
Obj_11594,1009740,EGIPS J155235.8-080019,238.1494343,-8.0054201,J155235.86-080019.5,0.99
Obj_8657,91206,EGIPS J123228.5+091436,188.119077,9.2434995,J123228.58+091436.6,0.99
Obj_7625,2299946,EGIPS J112939.3+473207,172.4137999,47.5354715,J112939.31+473207.7,0.99
Obj_12465,91561,EGIPS J164858.8+772411,252.2450362,77.4030903,J164858.81+772411.1,0.99
Obj_10877,2187689,EGIPS J145632.5+415009,224.1354972,41.8360569,J145632.52+415009.8,0.99
Obj_2253,142797,EGIPS J025501.2+171555,43.7552364,17.2653718,J025501.26+171555.3,0.99
Obj_10969,3839146,EGIPS J150316.6-291806,225.8192151,-29.3019194,J150316.61-291806.9,0.99
Obj_8865,5083751,EGIPS J124529.8+234226,191.3743,23.7072862,J124529.83+234226.2,0.99
Obj_10936,4005290,EGIPS J150034.8+492546,225.1451397,49.4297097,J150034.83+492547.0,0.99
Obj_2870,       ,EGIPS J040435.2-101211,61.1469695,-10.2032082,J040435.27-101211.5,0.99
Obj_7315,91093,EGIPS J111233.8+315829,168.1408964,31.9749217,J111233.82+315829.7,0.99
Obj_2631,90681,EGIPS J033127.5+392953,52.8646171,39.4981845,J033127.51+392953.5,0.99
Obj_3264,90732,EGIPS J050247.2-021705,75.6970008,-2.284776,J050247.28-021705.2,0.99
Obj_9873,2195584,EGIPS J134855.3+421618,207.2306428,42.2717661,J134855.35+421618.4,0.99
Obj_5940,90939,EGIPS J094423.5-042604,146.0979678,-4.4346989,J094423.51-042604.9,0.99
Obj_16245,2177816,EGIPS J234659.6+411408,356.7483969,41.2356261,J234659.62+411408.3,0.99
Obj_16071,1808598,EGIPS J233424.0+272709,353.6003099,27.4527408,J233424.07+272709.9,0.99
Obj_9312,2342314,EGIPS J131112.7+492455,197.8031889,49.4152987,J131112.77+492455.1,0.99
Obj_8653,41521,EGIPS J123202.1+462048,188.0088613,46.3468703,J123202.13+462048.7,0.99
Obj_4723,2165340,EGIPS J081129.0+402426,122.871031,40.4074685,J081129.05+402426.9,0.99
Obj_10542,1394201,EGIPS J143250.2+112837,218.2091915,11.4771484,J143250.21+112837.7,0.99
Obj_9046,2234145,EGIPS J125552.3+435958,193.9682733,43.9994658,J125552.39+435958.1,0.99
Obj_6735,1693498,EGIPS J103834.1+234635,159.6424735,23.7766125,J103834.19+234635.8,0.99
Obj_15578,5057524,EGIPS J225354.3+235807,343.4764791,23.968678,J225354.35+235807.2,0.99
Obj_7820,1641649,EGIPS J114047.4+210302,175.1976938,21.0506093,J114047.45+210302.2,0.99
Obj_1043,1256097,EGIPS J011613.9+033838,19.0583257,3.6439797,J011614.00+033838.3,0.99
Obj_16074,71785,EGIPS J233438.2+231327,353.6594321,23.2244204,J233438.26+231327.9,0.99
Obj_6319,1112207,EGIPS J100919.7-014223,152.332221,-1.706421,J100919.73-014223.1,0.99
Obj_15526,729316,EGIPS J224900.3-292628,342.2514113,-29.4412756,J224900.34-292628.6,0.99
Obj_6252,29233,EGIPS J100447.7+052208,151.1987967,5.3689381,J100447.71+052208.2,0.99
Obj_4154,2535635,EGIPS J072113.9+562410,110.3081469,56.4029495,J072113.96+562410.6,0.99
Obj_11653,2075109,EGIPS J155650.8+360632,239.2119855,36.1089899,J155650.88+360632.4,0.99
Obj_9373,3554282,EGIPS J131520.2+110043,198.8342205,11.0120023,J131520.21+110043.2,0.99
Obj_9507,46851,EGIPS J132415.8+312041,201.0658552,31.3447222,J132415.81+312041.0,0.99
Obj_2595,12900,EGIPS J032747.7+400202,51.9488364,40.0339907,J032747.72+400202.4,0.99
Obj_6632,31017,EGIPS J103057.3-034706,157.7388461,-3.7851272,J103057.32-034706.5,0.99
Obj_8932,92368,EGIPS J124956.7-220621,192.4865992,-22.1058851,J124956.78-220621.2,0.99
Obj_2738,90691,EGIPS J034501.1-041637,56.2549018,-4.2771331,J034501.18-041637.7,0.99
Obj_2720,1287931,EGIPS J034223.1+054251,55.5962976,5.7143672,J034223.11+054251.7,0.99
Obj_6427,86922,EGIPS J101728.3+321100,154.3682247,32.1834647,J101728.37+321100.5,0.99
Obj_9858,1648186,EGIPS J134824.8+212055,207.103639,21.3486546,J134824.87+212055.2,0.99
Obj_2787,3667994,EGIPS J035100.5-041339,57.7524933,-4.2275678,J035100.60-041339.2,0.99
Obj_8426,39556,EGIPS J121838.6+064230,184.6610367,6.7085385,J121838.65+064230.7,0.99
Obj_6255,29253,EGIPS J100459.2+213217,151.2469071,21.5382047,J100459.26+213217.5,0.99
Obj_2567,90676,EGIPS J032520.1+252924,51.3338524,25.4900984,J032520.12+252924.4,0.99
Obj_7849,91138,EGIPS J114244.5-104357,175.6854785,-10.7327095,J114244.51-104357.8,0.99
Obj_6815,765563,EGIPS J104314.1-263840,160.808806,-26.6445668,J104314.11-263840.4,0.99
Obj_8036,91151,EGIPS J115440.3-160613,178.6680068,-16.1036176,J115440.32-160613.0,0.99
Obj_7624,1209930,EGIPS J112937.8+015437,172.4076734,1.9105335,J112937.84+015437.9,0.99
Obj_2527,1264303,EGIPS J032122.2+040925,50.3427908,4.1570707,J032122.27+040925.5,0.99
Obj_14668,1032302,EGIPS J213458.0-062912,323.7417872,-6.4866748,J213458.03-062912.0,0.99
Obj_12369,1335413,EGIPS J164216.4+075735,250.5683917,7.9598513,J164216.41+075735.5,0.99
Obj_4389,2153116,EGIPS J074653.3+393745,116.7221511,39.6291687,J074653.32+393745.0,0.99
Obj_15296,1138310,EGIPS J223113.4-003823,337.8060398,-0.639826,J223113.45-003823.4,0.99
Obj_10500,3561004,EGIPS J143038.1+352406,217.6588339,35.4017892,J143038.12+352406.4,0.99
Obj_8438,825933,EGIPS J121940.9-213703,184.9207634,-21.6176027,J121940.98-213703.4,0.99
Obj_16080,71802,EGIPS J233453.5+171750,353.723233,17.2973838,J233453.58+171750.6,0.99
Obj_5605,2325237,EGIPS J091912.4+484614,139.8016737,48.7707325,J091912.40+484614.6,0.99
Obj_11141,54582,EGIPS J151728.6-025953,229.3693239,-2.9981345,J151728.64-025953.3,0.99
Obj_8931,1413681,EGIPS J124954.4+123928,192.4769828,12.6579672,J124954.48+123928.7,0.99
Obj_12944,60441,EGIPS J173155.4+282408,262.9808742,28.402459,J173155.41+282408.9,0.99
Obj_9897,92426,EGIPS J135038.4-201231,207.6603916,-20.2087165,J135038.49-201231.4,0.99
Obj_1035,1696875,EGIPS J011516.4+235728,18.8184191,23.9580002,J011516.42+235728.8,0.99
Obj_10741,2152401,EGIPS J144643.3+393514,221.6808076,39.5872719,J144643.39+393514.2,0.99
Obj_16098,3097983,EGIPS J233605.9-112537,354.0246788,-11.427057,J233605.92-112537.4,0.99
Obj_232,1192025,EGIPS J001808.4+012046,4.5351991,1.3461787,J001808.45+012046.2,0.99
Obj_9262,92381,EGIPS J130816.7-215944,197.0696273,-21.9955995,J130816.71-215944.2,0.99
Obj_10790,4016236,EGIPS J144949.4+485527,222.456235,48.9242371,J144949.50+485527.3,0.99
Obj_11445,       ,EGIPS J154146.0+403539,235.4419834,40.5941764,J154146.08+403539.0,0.99
Obj_7203,2158470,EGIPS J110619.4+395751,166.5809859,39.96436,J110619.44+395751.7,0.99
Obj_2236,978141,EGIPS J025341.8-102641,43.4242055,-10.4449286,J025341.81-102641.7,0.99
Obj_8929,856384,EGIPS J124943.6-192119,192.4318707,-19.3554672,J124943.65-192119.7,0.99
Obj_2505,981589,EGIPS J031857.8-100940,49.7409831,-10.1611249,J031857.84-100940.0,0.99
Obj_3883,143084,EGIPS J065645.4+141903,104.1892661,14.3177398,J065645.42+141903.9,0.99
Obj_6316,1423171,EGIPS J100904.6+130639,152.269533,13.1110824,J100904.69+130639.9,0.99
Obj_2704,838763,EGIPS J034003.4-203906,55.0145686,-20.6518373,J034003.50-203906.6,0.99
Obj_11613,1577349,EGIPS J155412.8+190012,238.5537456,19.0035073,J155412.90+190012.6,0.99
Obj_1036,2132092,EGIPS J011550.8+383724,18.9620443,38.6235507,J011550.89+383724.8,0.99
Obj_211,1107824,EGIPS J001626.2-015205,4.1092529,-1.8682422,J001626.22-015205.7,0.99
Obj_2295,90646,EGIPS J025813.9-042952,44.5581834,-4.4979077,J025813.96-042952.5,0.99
Obj_8822,42725,EGIPS J124252.7+550844,190.7199436,55.1455733,J124252.79+550844.1,0.99
Obj_11275,1870448,EGIPS J152727.7+293402,231.8655894,29.5674125,J152727.74+293402.7,0.99
Obj_13142,2298055,EGIPS J175132.6+472553,267.8859915,47.4315126,J175132.64+472553.4,0.99
Obj_10320,2338017,EGIPS J141729.3+491552,214.3721033,49.2644502,J141729.30+491552.0,0.99
Obj_15216,91738,EGIPS J222350.5+065353,335.9606124,6.898062,J222350.55+065353.0,0.99
Obj_2064,1521448,EGIPS J024105.0+165816,40.2709103,16.9711886,J024105.02+165816.3,0.99
Obj_14052,865461,EGIPS J201510.7-183908,303.7947562,-18.6524939,J201510.74-183909.0,0.99
Obj_3178,3687769,EGIPS J045131.4-103737,72.8810279,-10.6271126,J045131.45-103737.6,0.99
Obj_11140,       ,EGIPS J151713.0+692107,229.30423,69.3519959,J151713.02+692107.2,0.99
Obj_4418,21877,EGIPS J074901.2+552532,117.2550555,55.4257,J074901.21+552532.5,0.99
Obj_2158,       ,EGIPS J024710.8+391549,41.7950182,39.2636403,J024710.80+391549.1,0.99
Obj_10867,91397,EGIPS J145534.0+373911,223.8920579,37.6532864,J145534.09+373911.8,0.99
Obj_11896,1694665,EGIPS J161052.0+235026,242.7170312,23.8405987,J161052.09+235026.2,0.99
Obj_8509,4572365,EGIPS J122333.6+273837,185.8904126,27.643758,J122333.70+273837.5,0.99
Obj_4830,23265,EGIPS J081800.9+590829,124.5040339,59.1415461,J081800.97+590829.6,0.99
Obj_2725,868991,EGIPS J034319.3-182212,55.8305351,-18.3701254,J034319.33-182212.5,0.99
Obj_2398,90657,EGIPS J030824.6-003331,47.1025557,-0.5586405,J030824.61-003331.1,0.99
Obj_17,106,EGIPS J000123.1-171639,0.346625,-17.2777714,J000123.19-171640.0,0.99
Obj_1278,1127971,EGIPS J013437.4-010307,23.6562243,-1.0522204,J013437.49-010308.0,0.99
Obj_6350,90996,EGIPS J101120.0-040043,152.83369,-4.0121346,J101120.09-040043.7,0.99
Obj_15689,3973639,EGIPS J230202.4+065215,345.5103675,6.8708995,J230202.49+065215.2,0.99
Obj_6865,2775090,EGIPS J104630.8+775450,161.6284851,77.9139778,J104630.84+775450.3,0.99
Obj_16399,       ,EGIPS J235704.6+053929,359.2693447,5.6582166,J235704.64+053929.6,0.98
Obj_3241,       ,EGIPS J050014.3+065911,75.0597582,6.9865467,J050014.34+065911.6,0.98
Obj_15161,       ,EGIPS J221906.7-123215,334.7780671,-12.5377147,J221906.74-123215.8,0.98
Obj_14543,91701,EGIPS J211959.6-063157,319.9984101,-6.5325434,J211959.62-063157.2,0.98
Obj_8573,40789,EGIPS J122703.6-013057,186.765379,-1.5159443,J122703.69-013057.4,0.98
Obj_1919,2097704,EGIPS J022842.9+371839,37.1789257,37.3110454,J022842.94+371839.8,0.98
Obj_1373,174039,EGIPS J014401.7-103304,26.0072977,-10.5513659,J014401.75-103304.9,0.98
Obj_9920,84066,EGIPS J135217.7+351607,208.0738064,35.2686243,J135217.71+351607.0,0.98
Obj_16340,1197389,EGIPS J235321.8+013111,358.3410849,1.5199777,J235321.86+013111.9,0.98
Obj_11724,2375458,EGIPS J160122.5+503124,240.3440631,50.5236016,J160122.58+503125.0,0.98
Obj_10597,2579849,EGIPS J143708.9+583201,219.2873781,58.5336596,J143708.97+583201.2,0.98
Obj_13588,62518,EGIPS J185224.4+731140,283.1017381,73.1946205,J185224.42+731140.6,0.98
Obj_5770,1066735,EGIPS J093142.5-034747,142.9274717,-3.7964291,J093142.59-034747.1,0.98
Obj_2422,1154156,EGIPS J031026.8-000044,47.6118333,-0.0124972,J031026.84-000045.0,0.98
Obj_4229,1475830,EGIPS J073039.2+150715,112.6634541,15.1208759,J073039.23+150715.2,0.98
Obj_11269,91446,EGIPS J152715.6+210220,231.8152444,21.0390242,J152715.66+210220.5,0.98
Obj_9020,1085786,EGIPS J125423.9-023956,193.5999302,-2.6658106,J125423.98-023956.9,0.98
Obj_2241,1005904,EGIPS J025405.3-081608,43.5224992,-8.2690995,J025405.40-081608.8,0.98
Obj_9893,49103,EGIPS J135017.1-201639,207.5713465,-20.2775323,J135017.12-201639.1,0.98
Obj_14901,812071,EGIPS J215819.9-223437,329.5831243,-22.5770973,J215819.95-223437.6,0.98
Obj_9705,48084,EGIPS J133701.0+314559,204.2543319,31.7665707,J133701.04+314559.7,0.98
Obj_133,1159790,EGIPS J001018.2+001223,2.5758981,0.2065246,J001018.22+001223.5,0.98
Obj_10572,3829466,EGIPS J143524.4+122427,218.8518687,12.4077293,J143524.45+122427.8,0.98
Obj_13811,       ,EGIPS J193450.0+663052,293.7085596,66.5146914,J193450.05+663052.9,0.98
Obj_4046,2200049,EGIPS J071222.8+422946,108.0951875,42.4961216,J071222.84+422946.0,0.98
Obj_7960,1778525,EGIPS J114911.3+262952,177.2972243,26.4980149,J114911.33+262952.9,0.98
Obj_826,1930390,EGIPS J010105.7+310419,15.274111,31.0722006,J010105.79+310419.9,0.98
Obj_12356,3501281,EGIPS J164121.2+312937,250.3384258,31.4938106,J164121.22+312937.7,0.98
Obj_7327,91094,EGIPS J111307.9+593207,168.2831829,59.5353775,J111307.96+593207.4,0.98
Obj_635,1349292,EGIPS J004644.9+083348,11.6874358,8.5635389,J004644.98+083348.7,0.98
Obj_940,90521,EGIPS J010836.2+140427,17.1510102,14.0742343,J010836.24+140427.2,0.98
Obj_1440,6686,EGIPS J014922.2-140722,27.3427717,-14.1228511,J014922.27-140722.3,0.98
Obj_6447,2146912,EGIPS J101838.0+391655,154.6587173,39.2821724,J101838.09+391655.8,0.98
Obj_10407,1491242,EGIPS J142439.7+154203,216.1657342,15.7011078,J142439.78+154204.0,0.98
Obj_582,940790,EGIPS J004211.7-131413,10.5489095,-13.2370421,J004211.74-131413.4,0.98
Obj_10692,91386,EGIPS J144338.6+794603,220.911221,79.7675046,J144338.69+794603.0,0.98
Obj_11437,92989,EGIPS J154120.6-014342,235.3361541,-1.7284432,J154120.68-014342.4,0.98
Obj_11439,1635627,EGIPS J154137.9+204629,235.4081839,20.7747705,J154137.96+204629.2,0.98
Obj_201,1091977,EGIPS J001530.5-022619,3.8771159,-2.438878,J001530.51-022620.0,0.98
Obj_2516,12439,EGIPS J031953.8-033536,49.9744002,-3.5934639,J031953.86-033536.5,0.98
Obj_12080,57926,EGIPS J162150.4+671734,245.4603907,67.2930438,J162150.49+671735.0,0.98
Obj_9502,889700,EGIPS J132403.4-170226,201.0145077,-17.040584,J132403.48-170226.1,0.98
Obj_2624,1117875,EGIPS J033040.7-012817,52.6696904,-1.4716635,J033040.73-012818.0,0.98
Obj_2781,1443608,EGIPS J034942.8+135356,57.4286027,13.8990857,J034942.86+135356.7,0.98
Obj_10349,2249676,EGIPS J141947.9+444056,214.9498797,44.6822715,J141947.97+444056.2,0.98
Obj_6486,86944,EGIPS J102110.6+353929,155.2944784,35.6583011,J102110.67+353929.9,0.98
Obj_12796,       ,EGIPS J171704.8+201758,259.2702505,20.2995154,J171704.86+201758.3,0.98
Obj_7338,1280576,EGIPS J111340.0+051527,168.416954,5.2577305,J111340.07+051527.8,0.98
Obj_14684,189149,EGIPS J213651.4+011406,324.2145799,1.2351594,J213651.50+011406.6,0.98
Obj_776,1341372,EGIPS J005728.6+081144,14.3694249,8.1956707,J005728.66+081144.4,0.98
Obj_7770,104187,EGIPS J113753.9-023601,174.4748652,-2.600424,J113753.97-023601.5,0.98
Obj_6750,1182858,EGIPS J103915.8+010244,159.8158947,1.0456592,J103915.81+010244.4,0.98
Obj_6935,32532,EGIPS J105115.7+275055,162.8158118,27.8488076,J105115.79+275055.7,0.98
Obj_6084,1123071,EGIPS J095422.5-011525,148.5938159,-1.25709,J095422.52-011525.5,0.98
Obj_7297,91090,EGIPS J111140.5+452100,167.9189464,45.3500969,J111140.55+452100.3,0.98
Obj_7450,2739233,EGIPS J111858.7+705354,169.7446977,70.8986077,J111858.73+705355.0,0.98
Obj_14576,       ,EGIPS J212342.7+285242,320.9281999,28.8785614,J212342.77+285242.8,0.98
Obj_3197,146619,EGIPS J045345.1-020140,73.4381306,-2.0279373,J045345.15-020140.6,0.98
Obj_7396,3768247,EGIPS J111602.1-134252,169.0089333,-13.7146442,J111602.14-134252.7,0.98
Obj_8205,1999660,EGIPS J120447.5+322947,181.1982133,32.4964609,J120447.57+322947.3,0.98
Obj_361,6740894,EGIPS J002812.2+120233,7.0508902,12.0426505,J002812.21+120233.5,0.98
Obj_8637,2289245,EGIPS J123103.6+465440,187.7651024,46.9111177,J123103.62+465440.0,0.98
Obj_6449,3753857,EGIPS J101846.4+200705,154.693388,20.1180675,J101846.41+200705.0,0.98
Obj_427,969956,EGIPS J003327.7-110612,8.3657893,-11.1034718,J003327.79-110612.5,0.98
Obj_866,3809,EGIPS J010405.6-270301,16.0236616,-27.0502894,J010405.68-270301.0,0.98
Obj_3065,       ,EGIPS J043530.3+711506,68.8764025,71.2519089,J043530.34+711506.9,0.98
Obj_8466,89694,EGIPS J122126.0+215409,185.3586038,21.902704,J122126.06+215409.7,0.98
Obj_11017,1365339,EGIPS J150600.0+092714,226.5003546,9.4539117,J150600.09+092714.1,0.98
Obj_14463,1389708,EGIPS J210812.2+110950,317.0508833,11.1641181,J210812.21+110950.8,0.98
Obj_15943,       ,EGIPS J232144.5+213753,350.4357744,21.6314319,J232144.59+213753.2,0.98
Obj_8679,169528,EGIPS J123337.0+120236,188.404461,12.0433345,J123337.07+120236.0,0.98
Obj_5955,27973,EGIPS J094535.5+415732,146.3983323,41.9589143,J094535.60+415732.1,0.98
Obj_4465,1734507,EGIPS J075250.8+252250,118.2119999,25.3806599,J075250.88+252250.4,0.98
Obj_8102,1659505,EGIPS J115814.8+215359,179.5617712,21.8999614,J115814.83+215359.9,0.98
Obj_15573,       ,EGIPS J225328.3+162319,343.3679713,16.3886746,J225328.31+162319.2,0.98
Obj_10782,52921,EGIPS J144912.1+294441,222.300463,29.744857,J144912.11+294441.5,0.98
Obj_10222,3485402,EGIPS J141155.6+413210,212.9819604,41.5362201,J141155.67+413210.4,0.98
Obj_16332,989302,EGIPS J235300.7-093423,358.2532054,-9.5731068,J235300.77-093423.2,0.98
Obj_5441,2497421,EGIPS J090700.9+551814,136.7538304,55.3041542,J090700.92+551815.0,0.98
Obj_13199,2275763,EGIPS J175615.0+460718,269.0625374,46.1218395,J175615.01+460718.6,0.98
Obj_16122,71968,EGIPS J233755.8-020208,354.4827702,-2.0357212,J233755.86-020208.6,0.98
Obj_12804,1711068,EGIPS J171724.6+243518,259.3527056,24.5884722,J171724.65+243518.5,0.98
Obj_2272,90644,EGIPS J025608.3+274202,44.034907,27.7007351,J025608.38+274202.6,0.98
Obj_7741,975424,EGIPS J113538.5-103943,173.9107322,-10.6619969,J113538.58-103943.2,0.98
Obj_6952,2732736,EGIPS J105153.4+695206,162.9726606,69.8684425,J105153.44+695206.4,0.98
Obj_6303,2313994,EGIPS J100815.9+481635,152.0663307,48.2764272,J100815.92+481635.1,0.98
Obj_12972,       ,EGIPS J173510.2+400346,263.792872,40.0630115,J173510.29+400346.8,0.98
Obj_10230,1790157,EGIPS J141216.8+265053,213.0703454,26.8481115,J141216.88+265053.2,0.98
Obj_9171,1985998,EGIPS J130301.6+321238,195.7570754,32.2107741,J130301.70+321238.8,0.98
Obj_11379,214392,EGIPS J153557.3+262213,233.9891448,26.3704161,J153557.39+262213.5,0.98
Obj_1342,       ,EGIPS J014020.7+293349,25.0866631,29.5638033,J014020.80+293349.7,0.98
Obj_8888,1893984,EGIPS J124654.8+301137,191.7287195,30.1936442,J124654.89+301137.1,0.98
Obj_2569,12798,EGIPS J032524.8-161403,51.3536827,-16.2343119,J032524.88-161403.5,0.98
Obj_2628,13069,EGIPS J033121.8+392535,52.841132,39.4264476,J033121.87+392535.2,0.98
Obj_7852,36372,EGIPS J114252.2+263226,175.7177817,26.5406606,J114252.27+263226.4,0.98
Obj_6313,792046,EGIPS J100842.2-241445,152.1759687,-24.2460201,J100842.23-241445.7,0.98
Obj_10994,1217780,EGIPS J150436.2+020923,226.1510098,2.1565321,J150436.24+020923.5,0.98
Obj_12166,       ,EGIPS J162755.4+713138,246.9809977,71.5272441,J162755.44+713138.1,0.98
Obj_6452,1471624,EGIPS J101908.0+145746,154.7837011,14.9628894,J101908.09+145746.4,0.98
Obj_5949,90940,EGIPS J094503.1-042948,146.2631733,-4.4967427,J094503.16-042948.3,0.98
Obj_844,3608340,EGIPS J010243.7+302315,15.6822484,30.3876039,J010243.74+302315.4,0.98
Obj_2685,1493534,EGIPS J033807.9+154746,54.5331466,15.7963457,J033807.96+154746.8,0.98
Obj_9736,91302,EGIPS J133937.9+133126,204.9082279,13.523962,J133937.97+133126.3,0.98
Obj_1551,7478,EGIPS J015853.3+053540,29.7222697,5.5944726,J015853.34+053540.1,0.98
Obj_15771,3976104,EGIPS J230846.5+025250,347.1937968,2.8806831,J230846.51+025250.5,0.98
Obj_4852,4084548,EGIPS J081933.5+230047,124.889695,23.013123,J081933.53+230047.2,0.98
Obj_9837,1409530,EGIPS J134654.9+122613,206.7290955,12.4369803,J134654.98+122613.1,0.98
Obj_5381,956915,EGIPS J090213.7-120921,135.5573989,-12.1560628,J090213.78-120921.8,0.98
Obj_4761,4158095,EGIPS J081337.9+401114,123.4081959,40.1873552,J081337.97+401114.5,0.98
Obj_2163,90638,EGIPS J024747.3+163843,41.9471399,16.645395,J024747.31+163843.4,0.98
Obj_2344,3650867,EGIPS J030334.9+035111,45.8956228,3.8532979,J030334.95+035111.9,0.98
Obj_8476,1338242,EGIPS J122153.3+080417,185.4724828,8.0715949,J122153.40+080417.7,0.98
Obj_11217,2779616,EGIPS J152254.1+792345,230.7256574,79.3959105,J152254.16+792345.3,0.98
Obj_143,90461,EGIPS J001107.5+335411,2.7813025,33.9032844,J001107.51+335411.8,0.98
Obj_12126,1694841,EGIPS J162509.0+235058,246.2878239,23.8496675,J162509.08+235058.8,0.98
Obj_2538,1011541,EGIPS J032201.5-075257,50.5064953,-7.8825725,J032201.56-075257.3,0.98
Obj_5380,3136094,EGIPS J090211.7+574011,135.5488824,57.6699652,J090211.73+574011.9,0.98
Obj_10665,52469,EGIPS J144118.4-253541,220.3266928,-25.5948654,J144118.41-253541.5,0.98
Obj_1204,212768,EGIPS J012751.9-011743,21.9663583,-1.29541,J012751.93-011743.5,0.98
Obj_6852,       ,EGIPS J104525.7-243719,161.3572652,-24.6219766,J104525.74-243719.1,0.98
Obj_12397,3871536,EGIPS J164408.1-075135,251.0340365,-7.8598444,J164408.17-075135.4,0.98
Obj_12447,1961724,EGIPS J164714.5+314407,251.8106234,31.7353978,J164714.55+314407.4,0.98
Obj_980,1472199,EGIPS J011125.3+145906,17.8555121,14.9851085,J011125.32+145906.4,0.98
Obj_2754,1065164,EGIPS J034627.3-035532,56.6138025,-3.9255963,J034627.31-035532.1,0.98
Obj_15713,91774,EGIPS J230325.7-151328,345.8571996,-15.2245736,J230325.73-151328.5,0.98
Obj_7422,2778981,EGIPS J111729.8+791206,169.3742758,79.2018919,J111729.83+791206.8,0.98
Obj_6979,1111557,EGIPS J105329.4-014357,163.3728946,-1.732655,J105329.49-014357.6,0.98
Obj_9941,89793,EGIPS J135359.3-292457,208.4974196,-29.4160073,J135359.38-292457.6,0.98
Obj_15734,3975027,EGIPS J230551.9+083724,346.466589,8.6235761,J230551.98+083724.9,0.98
Obj_5907,2063361,EGIPS J094200.3+352152,145.5014889,35.3644786,J094200.36+352152.1,0.98
Obj_9963,91321,EGIPS J135525.9+054344,208.8580012,5.7290925,J135525.92+054344.7,0.98
Obj_2427,11875,EGIPS J031059.2+383932,47.7469248,38.658894,J031059.26+383932.0,0.98
Obj_12882,60271,EGIPS J172538.3+592648,261.4096936,59.4467494,J172538.33+592648.3,0.98
Obj_12024,1690911,EGIPS J161819.9+233814,244.5829975,23.6373183,J161819.92+233814.3,0.98
Obj_15418,89516,EGIPS J224014.9+190133,340.0623701,19.0259528,J224014.97+190133.4,0.98
Obj_12034,1366276,EGIPS J161906.0+093107,244.7752579,9.5187553,J161906.06+093107.5,0.98
Obj_15837,       ,EGIPS J231417.1+345229,348.5712703,34.8749661,J231417.10+345229.9,0.98
Obj_15704,1817111,EGIPS J230249.5+274515,345.7065312,27.7542072,J230249.57+274515.1,0.98
Obj_11434,2000102,EGIPS J154100.5+323023,235.2523481,32.5066505,J154100.56+323023.9,0.98
Obj_13359,61637,EGIPS J181446.1+562954,273.6921045,56.4983549,J181446.11+562954.1,0.98
Obj_14890,92711,EGIPS J215735.6-170112,329.3987325,-17.0200596,J215735.70-170112.2,0.98
Obj_7671,1695341,EGIPS J113158.2+235236,172.9927234,23.8766848,J113158.25+235236.1,0.98
Obj_10359,1405184,EGIPS J142053.6+121105,215.2235576,12.1848282,J142053.65+121105.4,0.98
Obj_6236,992160,EGIPS J100347.7-092059,150.9489313,-9.349767,J100347.74-092059.2,0.98
Obj_12719,1950320,EGIPS J170933.3+313010,257.388936,31.5030505,J170933.34+313011.0,0.98
Obj_5643,82375,EGIPS J092135.7+431526,140.398868,43.2573026,J092135.73+431526.3,0.98
Obj_12464,2359826,EGIPS J164858.0+495957,252.2417992,49.9993283,J164858.03+495957.6,0.98
Obj_4947,2419695,EGIPS J082657.8+523745,126.7409455,52.6292831,J082657.83+523745.4,0.98
Obj_5740,92903,EGIPS J092841.2+160425,142.1718144,16.0738664,J092841.24+160425.9,0.98
Obj_1374,90561,EGIPS J014404.8-072938,26.0201154,-7.4939657,J014404.83-072938.3,0.98
Obj_2050,2273380,EGIPS J023939.0+455836,39.9125883,45.9767586,J023939.02+455836.3,0.98
Obj_11462,91472,EGIPS J154257.8+164643,235.7412148,16.7788059,J154257.89+164643.7,0.98
Obj_10907,4005232,EGIPS J145825.6+484526,224.6069564,48.7573447,J145825.67+484526.4,0.98
Obj_10468,2264856,EGIPS J142834.6+452555,217.1442634,45.4319843,J142834.62+452555.1,0.98
Obj_16060,868737,EGIPS J233307.5-182320,353.2814197,-18.3890568,J233307.54-182320.6,0.98
Obj_6190,1031379,EGIPS J100121.3-063355,150.3388603,-6.5652807,J100121.33-063355.0,0.98
Obj_8222,91172,EGIPS J120556.1+734146,181.4840487,73.696353,J120556.17+734146.9,0.98
Obj_9199,45173,EGIPS J130416.1-292425,196.0671601,-29.4070717,J130416.12-292425.5,0.98
Obj_58,       ,EGIPS J000446.1+133540,1.1922831,13.5945081,J000446.15+133540.2,0.98
Obj_5165,1527619,EGIPS J084259.8+171326,130.7491923,17.2240584,J084259.81+171326.6,0.98
Obj_10435,51587,EGIPS J142659.8+084101,216.7495059,8.6838674,J142659.88+084101.9,0.98
Obj_1230,1020616,EGIPS J012950.6-072024,22.4609393,-7.340156,J012950.63-072024.6,0.98
Obj_10807,1367713,EGIPS J145112.0+093727,222.8002236,9.6243651,J145112.05+093727.7,0.98
Obj_6853,3538719,EGIPS J104532.8+405724,161.3867075,40.9569049,J104532.81+405724.9,0.98
Obj_7570,1459661,EGIPS J112516.9+142942,171.3204487,14.4951661,J112516.91+142942.6,0.98
Obj_10023,105429,EGIPS J135921.7-030311,209.8404517,-3.0532631,J135921.71-030311.7,0.98
Obj_15481,91751,EGIPS J224425.1-054331,341.1047254,-5.7254911,J224425.13-054331.8,0.98
Obj_11191,1811147,EGIPS J152115.0+273227,230.3127698,27.5410242,J152115.06+273227.7,0.98
Obj_10669,91383,EGIPS J144157.8+282555,220.4908613,28.4321152,J144157.81+282555.6,0.98
Obj_10865,3836672,EGIPS J145526.7+042821,223.8614108,4.4725134,J145526.74+042821.0,0.98
Obj_4874,152211,EGIPS J082106.9-122546,125.2787857,-12.429536,J082106.91-122546.3,0.98
Obj_2869,       ,EGIPS J040418.9-035013,61.0789149,-3.8371783,J040418.94-035013.8,0.98
Obj_12245,1053792,EGIPS J163245.6-044557,248.1901602,-4.7660997,J163245.64-044558.0,0.98
Obj_763,       ,EGIPS J005622.1+311406,14.0922075,31.2352662,J005622.13+311407.0,0.98
Obj_12049,91525,EGIPS J162004.3+140841,245.0182088,14.1449646,J162004.37+140841.9,0.98
Obj_6701,904379,EGIPS J103610.0-155657,159.0418751,-15.9492493,J103610.05-155657.3,0.98
Obj_12605,5072448,EGIPS J170046.4+103554,255.1935741,10.5983675,J170046.46+103554.1,0.98
Obj_4211,       ,EGIPS J072723.3+290122,111.8473361,29.0230142,J072723.36+290122.9,0.98
Obj_15490,1773741,EGIPS J224505.1+262222,341.271569,26.3728802,J224505.18+262222.4,0.98
Obj_11481,1031925,EGIPS J154411.3-063105,236.0473232,-6.5181194,J154411.36-063105.2,0.98
Obj_8217,4310450,EGIPS J120538.9+234837,181.4122272,23.8104151,J120538.93+234837.5,0.98
Obj_601,773158,EGIPS J004337.4-255735,10.9059641,-25.9597701,J004337.43-255735.2,0.98
Obj_6716,1626156,EGIPS J103738.5+202357,159.4106873,20.3992838,J103738.56+202357.4,0.98
Obj_3962,2374281,EGIPS J070518.7+502850,106.3280697,50.4806269,J070518.74+502850.3,0.98
Obj_13021,2233606,EGIPS J174047.6+435829,265.1985543,43.9749511,J174047.65+435829.8,0.98
Obj_14355,3932819,EGIPS J205628.0-203554,314.1170449,-20.5984016,J205628.09-203554.2,0.98
Obj_9576,92405,EGIPS J132821.4-193112,202.0894028,-19.5201926,J132821.46-193112.7,0.98
Obj_3387,933457,EGIPS J052047.9-134623,80.19965,-13.7731889,J052047.92-134623.5,0.98
Obj_15957,93032,EGIPS J232331.0+172520,350.8795472,17.4223411,J232331.09+172520.4,0.98
Obj_2281,3098036,EGIPS J025631.8+061646,44.1325753,6.2794631,J025631.82+061646.1,0.98
Obj_13533,       ,EGIPS J184153.4+374543,280.4728192,37.7622128,J184153.48+374544.0,0.98
Obj_6664,1245786,EGIPS J103308.6+030745,158.2858418,3.1292044,J103308.60+030745.1,0.98
Obj_8223,3782321,EGIPS J120556.4+370124,181.4851157,37.023425,J120556.43+370124.3,0.98
Obj_11011,2313012,EGIPS J150548.7+481337,226.4529804,48.2272065,J150548.72+481337.9,0.98
Obj_1889,9293,EGIPS J022645.0+224504,36.687851,22.7513731,J022645.08+224504.9,0.98
Obj_7877,36466,EGIPS J114349.1+195805,175.9546477,19.9682245,J114349.12+195805.6,0.98
Obj_2072,895288,EGIPS J024148.0-163954,40.4504109,-16.6652047,J024148.10-163954.7,0.98
Obj_1541,3628256,EGIPS J015728.1+142551,29.3673265,14.4308847,J015728.16+142551.2,0.98
Obj_7771,2026390,EGIPS J113759.2+331226,174.4969733,33.2073376,J113759.27+331226.4,0.98
Obj_11156,91428,EGIPS J151816.0-002639,229.5667058,-0.4443269,J151816.01-002639.6,0.98
Obj_9151,921296,EGIPS J130154.7-144123,195.4781847,-14.689824,J130154.76-144123.4,0.98
Obj_6922,1315132,EGIPS J105032.6+070932,162.6362321,7.1589846,J105032.70+070932.3,0.98
Obj_10298,2104051,EGIPS J141557.0+373421,213.9875308,37.5726392,J141557.01+373421.5,0.98
Obj_354,212526,EGIPS J002720.6+440233,6.8360193,44.0425287,J002720.64+440233.1,0.98
Obj_1918,2047628,EGIPS J022838.1+342020,37.1587862,34.3390767,J022838.11+342020.7,0.98
Obj_10813,91394,EGIPS J145141.3+302342,222.922186,30.3950758,J145141.32+302342.3,0.98
Obj_2135,2249389,EGIPS J024536.9+444005,41.403841,44.6681482,J024536.92+444005.3,0.98
Obj_8380,4002160,EGIPS J121535.5+105816,183.8979733,10.971205,J121535.51+105816.3,0.98
Obj_15893,1666663,EGIPS J231834.3+221551,349.642939,22.2644253,J231834.31+221551.9,0.98
Obj_2758,13831,EGIPS J034655.3-114822,56.7305236,-11.8063534,J034655.33-114822.9,0.98
Obj_9899,1805709,EGIPS J135054.2+272136,207.7260334,27.3601088,J135054.25+272136.4,0.98
Obj_15913,964998,EGIPS J231947.5-113006,349.9481606,-11.5017136,J231947.56-113006.2,0.98
Obj_1729,       ,EGIPS J021343.5+291345,33.4316213,29.2292569,J021343.59+291345.3,0.98
Obj_2990,994063,EGIPS J042557.2-091137,66.4885534,-9.1937111,J042557.25-091137.4,0.98
Obj_10589,1353006,EGIPS J143634.9+084458,219.1456167,8.7494953,J143634.95+084458.2,0.98
Obj_5575,1305731,EGIPS J091719.7+064140,139.3321121,6.6946889,J091719.71+064140.9,0.98
Obj_2707,90688,EGIPS J034029.6+005221,55.123657,0.8725301,J034029.68+005221.1,0.98
Obj_1864,2169079,EGIPS J022410.1+403939,36.0421342,40.6610583,J022410.11+403939.8,0.98
Obj_8658,41579,EGIPS J123228.9+393525,188.1204469,39.5902949,J123228.91+393525.1,0.98
Obj_806,1027485,EGIPS J005941.1-065248,14.9213426,-6.8800038,J005941.12-065248.0,0.98
Obj_2518,950308,EGIPS J032004.6-123645,50.0193346,-12.6125339,J032004.64-123645.1,0.98
Obj_16138,921040,EGIPS J233916.7-144224,354.8199819,-14.7068773,J233916.80-144224.8,0.98
Obj_7824,36245,EGIPS J114058.7-222838,175.2446179,-22.4773116,J114058.71-222838.3,0.98
Obj_10024,5072384,EGIPS J135934.4+191947,209.893582,19.3297324,J135934.46+191947.0,0.98
Obj_6100,90964,EGIPS J095555.7+001347,148.9824401,0.2298334,J095555.79+001347.4,0.98
Obj_7709,982622,EGIPS J113404.2-100451,173.5176869,-10.0808487,J113404.24-100451.1,0.98
Obj_1225,1373501,EGIPS J012933.0+100126,22.3877443,10.0240506,J012933.06+100126.6,0.98
Obj_12743,1467756,EGIPS J171220.1+144839,258.0838533,14.8109031,J171220.12+144839.3,0.98
Obj_13228,       ,EGIPS J175939.9+601611,269.9166036,60.2697924,J175939.98+601611.3,0.98
Obj_9706,4109441,EGIPS J133703.9+120327,204.2662896,12.0577494,J133703.91+120327.9,0.98
Obj_6251,1363911,EGIPS J100446.5+092115,151.1940236,9.3542254,J100446.57+092115.2,0.98
Obj_15859,1237235,EGIPS J231617.3+024648,349.0724072,2.780202,J231617.38+024648.7,0.98
Obj_9733,3482826,EGIPS J133901.2+490640,204.7550403,49.1113054,J133901.21+490640.7,0.98
Obj_5477,25847,EGIPS J091005.3+443705,137.5223749,44.6181631,J091005.37+443705.4,0.98
Obj_15494,95338,EGIPS J224550.3-283543,341.4598765,-28.5952887,J224550.37-283543.0,0.98
Obj_8720,42035,EGIPS J123616.9+205955,189.070752,20.9986329,J123616.98+205955.1,0.98
Obj_3556,       ,EGIPS J055332.0-243845,88.3836277,-24.6459573,J055332.07-243845.4,0.98
Obj_7816,2223784,EGIPS J114035.2+433349,175.146785,43.5638668,J114035.23+433349.9,0.98
Obj_700,3027,EGIPS J005142.5+223048,12.9271442,22.5135783,J005142.51+223048.9,0.98
Obj_6771,2575197,EGIPS J104024.1+580918,160.100818,58.155144,J104024.20+580918.5,0.98
Obj_6855,2460671,EGIPS J104539.8+540750,161.4161739,54.1307253,J104539.88+540750.6,0.98
Obj_16350,72759,EGIPS J235349.8+105641,358.4577633,10.9447394,J235349.86+105641.1,0.98
Obj_13318,       ,EGIPS J180956.0+582133,272.4836735,58.3594269,J180956.08+582133.9,0.98
Obj_614,791543,EGIPS J004459.2-241721,11.2469071,-24.289188,J004459.26-241721.1,0.98
Obj_12524,2668334,EGIPS J165357.2+642743,253.4885388,64.4619759,J165357.25+642743.1,0.98
Obj_8751,1447650,EGIPS J123822.2+140231,189.5925428,14.0421776,J123822.21+140231.8,0.98
Obj_6133,4015512,EGIPS J095800.8+113533,149.5034764,11.5925186,J095800.83+113533.1,0.98
Obj_11101,1783077,EGIPS J151315.4+263744,228.3142932,26.6291137,J151315.43+263744.8,0.98
Obj_9201,4353581,EGIPS J130421.2+242549,196.0886078,24.430338,J130421.27+242549.2,0.98
Obj_7891,2779998,EGIPS J114441.5+793052,176.1730071,79.5145846,J114441.52+793052.5,0.98
Obj_5308,1000743,EGIPS J085515.2-084000,133.8136209,-8.6669118,J085515.27-084000.9,0.98
Obj_353,1681,EGIPS J002716.5+440314,6.8188661,44.0539095,J002716.53+440314.1,0.98
Obj_10111,214206,EGIPS J140501.0+141520,211.2542712,14.2558191,J140501.03+141520.9,0.98
Obj_10663,52465,EGIPS J144114.7+100324,220.311544,10.0566778,J144114.77+100324.0,0.98
Obj_14447,978820,EGIPS J210705.8-102311,316.774391,-10.386458,J210705.85-102311.2,0.98
Obj_6948,2576616,EGIPS J105147.5+581608,162.9480318,58.2688944,J105147.53+581608.0,0.98
Obj_6078,28531,EGIPS J095351.0+085241,148.4626363,8.8781189,J095351.03+085241.2,0.98
Obj_480,5746764,EGIPS J003724.9+185910,9.3539848,18.9862579,J003724.96+185910.5,0.98
Obj_1561,90577,EGIPS J015925.7+405401,29.8574966,40.9002791,J015925.80+405401.0,0.98
Obj_5734,1779207,EGIPS J092802.5+263057,142.0104652,26.5160935,J092802.51+263057.9,0.98
Obj_9730,48255,EGIPS J133849.5-014137,204.7063318,-1.6938611,J133849.52-014137.9,0.98
Obj_12086,1645390,EGIPS J162209.3+211310,245.5387857,21.2196883,J162209.31+211310.9,0.98
Obj_13996,852354,EGIPS J200421.1-193905,301.0880036,-19.6516087,J200421.12-193905.8,0.98
Obj_5077,1254383,EGIPS J083639.1+033311,129.1631128,3.553181,J083639.15+033311.5,0.98
Obj_10288,91349,EGIPS J141501.0+264301,213.7545083,26.7169629,J141501.08+264301.1,0.98
Obj_6896,32321,EGIPS J104837.8+662143,162.1576322,66.362057,J104837.83+662143.4,0.98
Obj_13348,3895896,EGIPS J181333.9+313422,273.3915127,31.5729818,J181333.96+313422.7,0.98
Obj_2040,90628,EGIPS J023842.4+104619,39.6769801,10.7721396,J023842.48+104619.7,0.98
Obj_14433,91691,EGIPS J210545.5-124016,316.4397398,-12.6713841,J210545.54-124017.0,0.98
Obj_7956,1768250,EGIPS J114852.8+261402,177.2201317,26.2338994,J114852.83+261402.0,0.98
Obj_15322,1538077,EGIPS J223317.8+173911,338.3242447,17.6532443,J223317.82+173911.7,0.98
Obj_12391,1662303,EGIPS J164341.1+220213,250.9215416,22.0371496,J164341.17+220213.7,0.98
Obj_208,3592652,EGIPS J001614.1+074205,4.0591311,7.7014821,J001614.19+074205.3,0.98
Obj_6802,2778647,EGIPS J104237.4+790631,160.6561683,79.1086738,J104237.48+790631.2,0.98
Obj_2276,1055171,EGIPS J025618.7-043935,44.078002,-4.6598169,J025618.72-043935.3,0.98
Obj_7892,92330,EGIPS J114451.2-210210,176.2135306,-21.0362827,J114451.25-210210.6,0.98
Obj_1717,1494648,EGIPS J021250.8+155040,33.21185,15.8446757,J021250.84+155040.8,0.98
Obj_8429,91188,EGIPS J121858.5-145101,184.7439298,-14.8505367,J121858.54-145101.9,0.98
Obj_9901,1655656,EGIPS J135105.1+214253,207.7716367,21.714902,J135105.19+214253.6,0.98
Obj_1577,7596,EGIPS J020025.4+155747,30.1059089,15.9632973,J020025.42+155747.9,0.98
Obj_9105,913222,EGIPS J125924.8-151712,194.8536474,-15.2868497,J125924.88-151712.7,0.98
Obj_7572,2446728,EGIPS J112521.1+533829,171.3381366,53.6414296,J112521.15+533829.1,0.98
Obj_11827,2060988,EGIPS J160715.5+351218,241.8146587,35.2050876,J160715.52+351218.3,0.98
Obj_1097,4843,EGIPS J012035.7-172313,20.148994,-17.3870031,J012035.76-172313.2,0.98
Obj_7036,959857,EGIPS J105641.1-115621,164.1715334,-11.9392844,J105641.17-115621.4,0.98
Obj_7238,33746,EGIPS J110823.0+283721,167.0959549,28.6227137,J110823.03+283721.8,0.98
Obj_11782,2756618,EGIPS J160509.9+733507,241.2915693,73.5853468,J160509.98+733507.2,0.98
Obj_774,90514,EGIPS J005701.9+302858,14.2580379,30.4829798,J005701.93+302858.7,0.98
Obj_9860,1224828,EGIPS J134833.1+022224,207.1382894,2.3735089,J134833.19+022224.6,0.98
Obj_9563,1673143,EGIPS J132750.2+223655,201.9595351,22.6154385,J132750.29+223655.6,0.98
Obj_2164,1388420,EGIPS J024748.6+110412,41.9526548,11.0700775,J024748.64+110412.3,0.98
Obj_10827,1102768,EGIPS J145304.4-020335,223.2686429,-2.0599289,J145304.47-020335.7,0.98
Obj_1357,2207153,EGIPS J014204.8+425006,25.5203494,42.8350385,J014204.88+425006.1,0.98
Obj_4175,1849105,EGIPS J072355.7+285318,110.9821638,28.8884511,J072355.72+285318.4,0.98
Obj_3066,963392,EGIPS J043538.2-113842,68.9095515,-11.645055,J043538.29-113842.2,0.98
Obj_14474,4008002,EGIPS J210943.3-070000,317.4308183,-7.0002662,J210943.40-070001.0,0.98
Obj_8498,91193,EGIPS J122257.0+033405,185.7377935,3.5681828,J122257.07+033405.5,0.98
Obj_11559,91482,EGIPS J155001.4+413736,237.5062153,41.6267663,J155001.49+413736.4,0.98
Obj_1634,7991,EGIPS J020554.7+504415,31.4782754,50.7377435,J020554.79+504415.9,0.98
Obj_8254,1014853,EGIPS J120748.5-074048,181.9523194,-7.6801741,J120748.56-074048.6,0.98
Obj_6906,32384,EGIPS J104923.6+431827,162.3484786,43.3076907,J104923.63+431827.7,0.98
Obj_13461,2810583,EGIPS J183018.1+225948,277.5757801,22.99682,J183018.19+225948.6,0.98
Obj_13566,       ,EGIPS J184822.6+430237,282.0944091,43.0438189,J184822.66+430237.7,0.98
Obj_11648,1475590,EGIPS J155622.9+150647,239.0956024,15.1130873,J155622.94+150647.1,0.98
Obj_9061,44185,EGIPS J125645.6-215849,194.1902219,-21.9804213,J125645.65-215849.5,0.98
Obj_1399,212827,EGIPS J014558.6+095124,26.4944567,9.8568025,J014558.67+095124.5,0.98
Obj_9960,3815919,EGIPS J135509.3-064821,208.7891398,-6.8058919,J135509.39-064821.2,0.98
Obj_4366,90791,EGIPS J074450.2+600725,116.2095244,60.1238645,J074450.29+600725.9,0.98
Obj_4551,90812,EGIPS J075815.2+293314,119.5637387,29.5540231,J075815.30+293314.5,0.98
Obj_14535,66554,EGIPS J211926.7+140331,319.8613477,14.0588796,J211926.72+140332.0,0.98
Obj_5357,25281,EGIPS J090015.6+354340,135.0651213,35.7277974,J090015.63+354340.1,0.98
Obj_13542,       ,EGIPS J184304.1+425302,280.7672767,42.883908,J184304.15+425302.1,0.98
Obj_8321,1135214,EGIPS J121200.7-004602,183.0029898,-0.7673221,J121200.72-004602.4,0.98
Obj_1539,1246014,EGIPS J015715.3+030820,29.3140227,3.138954,J015715.37+030820.2,0.98
Obj_12379,2653976,EGIPS J164301.2+632027,250.755054,63.3408895,J164301.21+632027.2,0.98
Obj_1368,1391776,EGIPS J014311.1+111844,25.7965374,11.3124356,J014311.17+111844.8,0.98
Obj_11143,2302066,EGIPS J151731.2+473930,229.3800901,47.6584148,J151731.22+473930.3,0.98
Obj_3393,903066,EGIPS J052127.1-160316,80.363101,-16.0546571,J052127.14-160316.8,0.98
Obj_16382,72933,EGIPS J235609.7-272800,359.0407775,-27.4667553,J235609.79-272800.3,0.98
Obj_1003,90529,EGIPS J011311.7+451349,18.2989797,45.2303244,J011311.76+451349.2,0.98
Obj_10636,1746411,EGIPS J143933.4+254206,219.8891888,25.7017268,J143933.41+254206.2,0.98
Obj_6309,1515584,EGIPS J100829.4+164344,152.1227499,16.7288901,J100829.46+164344.0,0.98
Obj_4055,1387237,EGIPS J071258.6+105857,108.2442643,10.9826142,J071258.62+105857.4,0.98
Obj_3094,15779,EGIPS J044013.7-045156,70.0572443,-4.8656058,J044013.74-045156.2,0.98
Obj_2535,1249162,EGIPS J032157.0+031725,50.4877113,3.2904786,J032157.05+031725.7,0.98
Obj_14537,91700,EGIPS J211937.7-185251,319.9072833,-18.8810712,J211937.75-185251.9,0.98
Obj_4392,21782,EGIPS J074701.7+521339,116.7570961,52.2275179,J074701.70+521339.1,0.98
Obj_6860,1485077,EGIPS J104547.1+152717,161.4462635,15.4548614,J104547.10+152717.5,0.98
Obj_9918,91317,EGIPS J135215.9-024629,208.0665058,-2.7747684,J135215.96-024629.2,0.98
Obj_4251,2498171,EGIPS J073244.8+551937,113.1868175,55.3270014,J073244.84+551937.2,0.98
Obj_2696,1042568,EGIPS J033923.3-053630,54.8471325,-5.6085554,J033923.31-053630.8,0.98
Obj_11260,55097,EGIPS J152629.9+411730,231.6247519,41.2918261,J152629.94+411730.6,0.98
Obj_16427,1814957,EGIPS J235916.9+274037,359.8207147,27.6770785,J235916.97+274037.5,0.98
Obj_7890,91141,EGIPS J114441.1+144556,176.1712546,14.7656407,J114441.10+144556.3,0.97
Obj_5227,1688125,EGIPS J084809.2+232855,132.0386206,23.4820781,J084809.27+232855.5,0.97
Obj_9716,3811154,EGIPS J133807.1-103615,204.5296431,-10.6044294,J133807.11-103615.9,0.97
Obj_9724,92961,EGIPS J133829.8+135922,204.6244009,13.9896119,J133829.86+135922.6,0.97
Obj_9562,91290,EGIPS J132742.9+205840,201.9288062,20.9780081,J132742.91+205840.8,0.97
Obj_11435,91467,EGIPS J154105.8+055747,235.2744762,5.9631185,J154105.87+055747.2,0.97
Obj_1933,3638856,EGIPS J022944.3+190524,37.4349679,19.0902277,J022944.39+190524.8,0.97
Obj_6320,1356123,EGIPS J100927.8+085453,152.3660863,8.9148079,J100927.86+085453.3,0.97
Obj_6673,2091156,EGIPS J103334.0+370035,158.3917649,37.0098625,J103334.02+370035.5,0.97
Obj_16336,72740,EGIPS J235313.3+105340,358.3058162,10.8946647,J235313.40+105340.8,0.97
Obj_6962,2059621,EGIPS J105226.5+350653,163.1105353,35.1147847,J105226.53+350653.2,0.97
Obj_10559,92975,EGIPS J143416.6+123051,218.5695579,12.5142406,J143416.69+123051.3,0.97
Obj_1807,8858,EGIPS J021918.7-114800,34.8280092,-11.8001277,J021918.72-114800.5,0.97
Obj_11354,91455,EGIPS J153407.1+113935,233.529655,11.659738,J153407.12+113935.1,0.97
Obj_2943,934103,EGIPS J041948.5-134331,64.9521706,-13.7254236,J041948.52-134331.5,0.97
Obj_15032,1083917,EGIPS J220935.2-024444,332.3969962,-2.7457043,J220935.28-024444.5,0.97
Obj_8470,2514866,EGIPS J122139.3+554811,185.4141273,55.8032835,J122139.39+554811.8,0.97
Obj_15102,91734,EGIPS J221448.8+142804,333.7034054,14.4678999,J221448.82+142804.4,0.97
Obj_7368,91099,EGIPS J111459.4-134603,168.7478151,-13.7677282,J111459.48-134603.8,0.97
Obj_10626,1263555,EGIPS J143841.3+040621,219.6724453,4.1058628,J143841.39+040621.1,0.97
Obj_5504,25933,EGIPS J091200.3-233105,138.0014678,-23.5182203,J091200.35-233105.6,0.97
Obj_946,90523,EGIPS J010901.4-122100,17.256086,-12.3501501,J010901.46-122100.5,0.97
Obj_15489,1172484,EGIPS J224451.7+004038,341.2155507,0.6774056,J224451.73+004038.7,0.97
Obj_4356,21657,EGIPS J074332.9+313207,115.8874145,31.53541,J074332.98+313207.5,0.97
Obj_9633,1390159,EGIPS J133216.9+111152,203.0704442,11.1977806,J133216.91+111152.0,0.97
Obj_4345,2105102,EGIPS J074146.2+373655,115.4427366,37.6154029,J074146.26+373655.5,0.97
Obj_5869,1572985,EGIPS J093838.9+185209,144.6621642,18.869306,J093838.92+185209.5,0.97
Obj_10103,91334,EGIPS J140425.3-002724,211.1056503,-0.4567777,J140425.36-002724.4,0.97
Obj_11028,1775638,EGIPS J150655.8+262520,226.7326445,26.4224943,J150655.83+262521.0,0.97
Obj_13241,       ,EGIPS J180056.3+612514,270.2348576,61.4208003,J180056.37+612514.9,0.97
Obj_14802,5059432,EGIPS J215033.5+143011,327.6396424,14.5031571,J215033.51+143011.4,0.97
Obj_13915,2768877,EGIPS J194942.3+754131,297.4263407,75.6919878,J194942.32+754131.2,0.97
Obj_1288,808031,EGIPS J013527.2-225103,23.8636189,-22.8508576,J013527.27-225103.1,0.97
Obj_2773,3667201,EGIPS J034841.7-105042,57.1740099,-10.8450621,J034841.76-105042.2,0.97
Obj_8312,3548699,EGIPS J121119.7+130719,182.8321961,13.1220775,J121119.73+130719.5,0.97
Obj_7705,1715723,EGIPS J113354.8+244549,173.4786383,24.763739,J113354.87+244549.5,0.97
Obj_12432,2486014,EGIPS J164626.0+545752,251.6084577,54.964713,J164626.03+545753.0,0.97
Obj_13053,91605,EGIPS J174413.5+200244,266.0565509,20.0456751,J174413.57+200244.4,0.97
Obj_1030,3612911,EGIPS J011458.2+173703,18.742657,17.6176824,J011458.24+173703.7,0.97
Obj_8263,2566626,EGIPS J120825.6+572936,182.1067499,57.4933975,J120825.62+572936.2,0.97
Obj_2445,997646,EGIPS J031252.9-085440,48.2205342,-8.9111137,J031252.93-085440.0,0.97
Obj_12528,1770249,EGIPS J165432.5+261659,253.6356936,26.2832907,J165432.57+261659.8,0.97
Obj_15809,       ,EGIPS J231137.4+365707,347.9060061,36.9520224,J231137.44+365707.3,0.97
Obj_14962,1581185,EGIPS J220426.2+190718,331.1092753,19.1217987,J220426.23+190718.5,0.97
Obj_2546,1067282,EGIPS J032319.1-034512,50.829965,-3.7534124,J032319.19-034512.3,0.97
Obj_7616,968902,EGIPS J112911.7-111116,172.2990314,-11.1879463,J112911.77-111116.6,0.97
Obj_6420,1285987,EGIPS J101632.0+053544,154.1335905,5.5957145,J101632.06+053544.6,0.97
Obj_14204,831221,EGIPS J203706.6-211237,309.2775546,-21.2105513,J203706.61-211238.0,0.97
Obj_8719,91213,EGIPS J123610.8+484916,189.0450458,48.8212793,J123610.81+484916.6,0.97
Obj_13105,60905,EGIPS J174858.0+550911,267.2419257,55.1532238,J174858.06+550911.6,0.97
Obj_15878,91792,EGIPS J231754.7+224511,349.4780092,22.7531168,J231754.72+224511.2,0.97
Obj_6019,90951,EGIPS J094958.1+053112,147.4924376,5.5202072,J094958.19+053112.7,0.97
Obj_9673,1494279,EGIPS J133455.4+154938,203.7311147,15.8274895,J133455.47+154939.0,0.97
Obj_900,3908,EGIPS J010611.9+253306,16.5497659,25.5517668,J010611.94+253306.4,0.97
Obj_9990,1835785,EGIPS J135737.4+282623,209.4059985,28.4397223,J135737.44+282623.0,0.97
Obj_2905,       ,EGIPS J041226.2+312417,63.1094129,31.4048581,J041226.26+312417.5,0.97
Obj_8660,1647385,EGIPS J123232.3+211836,188.1348822,21.3100556,J123232.37+211836.2,0.97
Obj_6966,32644,EGIPS J105233.3+100109,163.1391558,10.019196,J105233.40+100109.1,0.97
Obj_5921,1847020,EGIPS J094300.6+284918,145.7525743,28.8217595,J094300.62+284918.3,0.97
Obj_9816,2507295,EGIPS J134512.1+553503,206.300478,55.5841791,J134512.11+553503.0,0.97
Obj_15906,71074,EGIPS J231927.8+092940,349.8659055,9.4945683,J231927.82+092940.4,0.97
Obj_5790,1044300,EGIPS J093318.8-052821,143.3284514,-5.4726334,J093318.83-052821.5,0.97
Obj_11614,91487,EGIPS J155415.2+105812,238.5636605,10.9700418,J155415.28+105812.2,0.97
Obj_1537,174453,EGIPS J015705.6-053322,29.2734052,-5.5562797,J015705.62-053322.6,0.97
Obj_1736,978257,EGIPS J021410.1-102608,33.5421094,-10.4358086,J021410.11-102608.9,0.97
Obj_5872,1291516,EGIPS J093845.6+055542,144.6902531,5.9284871,J093845.66+055542.6,0.97
Obj_470,1585817,EGIPS J003653.5+191519,9.223177,19.2553988,J003653.56+191519.4,0.97
Obj_5070,1142076,EGIPS J083607.6-002921,129.03172,-0.4893309,J083607.61-002921.6,0.97
Obj_5957,2412923,EGIPS J094544.9+522125,146.4374629,52.3571554,J094544.99+522125.8,0.97
Obj_14751,91714,EGIPS J214423.4-071146,326.0978246,-7.1961559,J214423.48-071146.2,0.97
Obj_2930,14804,EGIPS J041720.3+022702,64.3349348,2.45067,J041720.38+022702.4,0.97
Obj_15688,6741865,EGIPS J230201.5+103343,345.5066086,10.5620441,J230201.59+103343.4,0.97
Obj_12765,2561134,EGIPS J171428.7+571459,258.6198702,57.2498701,J171428.77+571459.5,0.97
Obj_1350,1946814,EGIPS J014128.7+312550,25.3696687,31.4307606,J014128.72+312550.7,0.97
Obj_6107,90966,EGIPS J095628.2+001102,149.1178876,0.1839804,J095628.29+001102.3,0.97
Obj_11878,1208669,EGIPS J160954.7+015220,242.4779529,1.8724307,J160954.71+015220.8,0.97
Obj_5365,1219055,EGIPS J090058.4+021140,135.2435302,2.194604,J090058.45+021140.6,0.97
Obj_14300,91681,EGIPS J204942.3-142857,312.4262822,-14.4827188,J204942.31-142857.8,0.97
Obj_8044,91153,EGIPS J115508.6-080159,178.7861938,-8.0332473,J115508.69-080159.7,0.97
Obj_2204,2071292,EGIPS J025053.4+355215,42.7226343,35.8710424,J025053.43+355215.8,0.97
Obj_538,90487,EGIPS J003955.5+280716,9.9816396,28.121313,J003955.59+280716.7,0.97
Obj_8401,4547042,EGIPS J121719.8+323425,184.3326487,32.5737669,J121719.84+323425.6,0.97
Obj_10777,2642986,EGIPS J144859.3+624602,222.2473607,62.7674437,J144859.37+624602.8,0.97
Obj_11713,2264754,EGIPS J160047.6+452532,240.1984928,45.425829,J160047.64+452533.0,0.97
Obj_932,816797,EGIPS J010813.1-221600,17.0546796,-22.2667133,J010813.12-221600.2,0.97
Obj_5989,90946,EGIPS J094801.0+020111,147.0042594,2.0199207,J094801.02+020111.7,0.97
Obj_9961,92965,EGIPS J135515.6+250819,208.8150646,25.1387525,J135515.62+250819.5,0.97
Obj_11612,1808368,EGIPS J155400.1+272642,238.5007501,27.4451553,J155400.18+272642.6,0.97
Obj_4568,1697379,EGIPS J075924.4+235856,119.8519184,23.9822861,J075924.46+235856.2,0.97
Obj_7904,1373905,EGIPS J114546.7+100317,176.4447173,10.054829,J114546.73+100317.4,0.97
Obj_10297,50954,EGIPS J141545.6+400619,213.9402262,40.1054282,J141545.65+400619.5,0.97
Obj_2462,90667,EGIPS J031457.6-122302,48.7401694,-12.3839996,J031457.64-122302.4,0.97
Obj_464,1886801,EGIPS J003607.3+300054,9.0307051,30.0151918,J003607.37+300054.7,0.97
Obj_1346,90557,EGIPS J014102.1-092023,25.258876,-9.3397482,J014102.13-092023.1,0.97
Obj_69,1352786,EGIPS J000532.4+084416,1.385149,8.7378517,J000532.44+084416.3,0.97
Obj_11822,1008432,EGIPS J160707.1-080533,241.7798066,-8.0926161,J160707.15-080533.4,0.97
Obj_9031,91237,EGIPS J125457.8+304229,193.7410237,30.70821,J125457.85+304229.6,0.97
Obj_6401,1491035,EGIPS J101437.8+154135,153.6577167,15.6931464,J101437.85+154135.3,0.97
Obj_12228,1849111,EGIPS J163150.7+285319,247.9614359,28.888806,J163150.74+285319.7,0.97
Obj_7012,139460,EGIPS J105506.9+403401,163.7788527,40.5670205,J105506.92+403401.3,0.97
Obj_5218,3996977,EGIPS J084741.5+380358,131.9231604,38.0662447,J084741.56+380358.5,0.97
Obj_548,5057334,EGIPS J004042.4+260147,10.1769708,26.0297623,J004042.47+260147.1,0.97
Obj_1935,1689700,EGIPS J022953.9+233413,37.4749547,23.5704119,J022953.99+233413.5,0.97
Obj_7590,35221,EGIPS J112708.7+074115,171.7863232,7.6877727,J112708.72+074116.0,0.97
Obj_8537,3788558,EGIPS J122515.7+310520,186.3155291,31.0890949,J122515.73+310520.7,0.97
Obj_9385,1040535,EGIPS J131550.3-054640,198.9597098,-5.7778058,J131550.33-054640.1,0.97
Obj_14112,901180,EGIPS J202504.2-161204,306.2677616,-16.2013564,J202504.26-161204.9,0.97
Obj_2448,90664,EGIPS J031319.0-122243,48.3295572,-12.3786624,J031319.09-122243.2,0.97
Obj_4770,1380692,EGIPS J081409.2+103116,123.5386201,10.5213434,J081409.27+103116.8,0.97
Obj_6071,821158,EGIPS J095315.3-215756,148.3139419,-21.9655703,J095315.35-215756.1,0.97
Obj_7478,1827249,EGIPS J112041.5+280803,170.1732387,28.1341785,J112041.58+280803.0,0.97
Obj_8172,2462002,EGIPS J120239.8+541037,180.6661887,54.1771627,J120239.89+541037.8,0.97
Obj_5383,1350014,EGIPS J090222.4+083556,135.5934825,8.5990926,J090222.44+083556.7,0.97
Obj_7896,2169907,EGIPS J114519.7+404301,176.3324712,40.7171332,J114519.79+404301.7,0.97
Obj_5853,1642310,EGIPS J093744.4+210450,144.4353578,21.0807382,J093744.49+210450.7,0.97
Obj_7427,34506,EGIPS J111747.1+750922,169.4465479,75.1562948,J111747.17+750922.7,0.97
Obj_16420,3993380,EGIPS J235906.1+064327,359.7756104,6.7244049,J235906.15+064327.9,0.97
Obj_8552,2430761,EGIPS J122554.3+530332,186.4763272,53.0589835,J122554.32+530332.3,0.97
Obj_7124,768959,EGIPS J110134.1-262009,165.3921817,-26.3359567,J110134.12-262009.4,0.97
Obj_11731,91494,EGIPS J160147.4+134921,240.4478318,13.8226142,J160147.48+134921.4,0.97
Obj_4884,23462,EGIPS J082157.8+735955,125.491027,73.9986978,J082157.85+735955.3,0.97
Obj_10710,4116698,EGIPS J144435.1+123522,221.1465586,12.5894461,J144435.17+123522.0,0.97
Obj_7733,91133,EGIPS J113519.2+253732,173.83031,25.6256061,J113519.27+253732.2,0.97
Obj_11444,55813,EGIPS J154144.4+453450,235.4352125,45.5808251,J154144.45+453451.0,0.97
Obj_5262,86863,EGIPS J085055.2+334552,132.7303387,33.7645299,J085055.28+334552.3,0.97
Obj_8455,3786916,EGIPS J122034.0+172107,185.1419282,17.3519601,J122034.06+172107.1,0.97
Obj_6901,213738,EGIPS J104902.0-004301,162.2583687,-0.7171589,J104902.01-004301.8,0.97
Obj_9722,48210,EGIPS J133828.4+003036,204.6187042,0.5101251,J133828.49+003036.5,0.97
Obj_12116,91530,EGIPS J162420.0+405153,246.0835916,40.8649175,J162420.06+405153.7,0.97
Obj_15698,1229211,EGIPS J230220.7+023036,345.5863843,2.5101436,J230220.73+023036.5,0.97
Obj_15390,3966202,EGIPS J223812.3-141246,339.551308,-14.2129797,J223812.31-141246.7,0.97
Obj_7220,1406623,EGIPS J110714.8+121622,166.811943,12.2729401,J110714.87+121622.6,0.97
Obj_5585,26264,EGIPS J091803.1+541131,139.513012,54.1921957,J091803.12+541131.9,0.97
Obj_10487,51767,EGIPS J142920.0+791428,217.3334772,79.2411546,J142920.03+791428.2,0.97
Obj_2267,6741450,EGIPS J025555.2+034033,43.9800891,3.6760895,J025555.22+034033.9,0.97
Obj_10855,1408140,EGIPS J145502.4+122139,223.7601781,12.3610724,J145502.44+122139.9,0.97
Obj_1595,1353880,EGIPS J020203.2+084750,30.5136614,8.7974239,J020203.28+084750.7,0.97
Obj_3736,2254934,EGIPS J063610.8+445455,99.0454109,44.9153732,J063610.90+445455.3,0.97
Obj_7923,1542421,EGIPS J114650.3+174850,176.7098067,17.8141029,J114650.35+174850.8,0.97
Obj_9120,3552443,EGIPS J130018.0+472112,195.075159,47.3535709,J130018.04+472112.9,0.97
Obj_6380,2786359,EGIPS J101306.4+821154,153.2768976,82.1985748,J101306.46+821154.9,0.97
Obj_3047,75218,EGIPS J043323.9-133102,68.3496588,-13.5174057,J043323.92-133102.7,0.97
Obj_14830,801684,EGIPS J215208.2-232148,328.0343454,-23.3634177,J215208.24-232148.3,0.97
Obj_2652,13222,EGIPS J033419.5-265316,53.5814922,-26.8879328,J033419.56-265316.6,0.97
Obj_10975,1526267,EGIPS J150331.4+171002,225.8809481,17.1672279,J150331.43+171002.0,0.97
Obj_16109,1281484,EGIPS J233659.3+051904,354.2474317,5.3179813,J233659.38+051904.7,0.97
Obj_9399,1684805,EGIPS J131702.3+231732,199.25992,23.2924986,J131702.38+231733.0,0.97
Obj_5673,26604,EGIPS J092333.4-222859,140.8892641,-22.4831477,J092333.42-222859.3,0.97
Obj_1723,1791000,EGIPS J021306.0+265236,33.2753895,26.8768277,J021306.09+265236.6,0.97
Obj_2355,1094531,EGIPS J030421.9-022058,46.0914993,-2.349625,J030421.96-022058.7,0.97
Obj_15546,91759,EGIPS J225037.0+121408,342.6543267,12.2356697,J225037.04+121408.4,0.97
Obj_6030,2054372,EGIPS J095058.5+344639,147.7441065,34.7776439,J095058.59+344639.5,0.97
Obj_1124,169769,EGIPS J012229.1+340223,20.6214585,34.0399805,J012229.15+340223.9,0.97
Obj_6687,1162325,EGIPS J103447.6+001806,158.6986812,0.3018021,J103447.68+001806.5,0.97
Obj_6267,1027095,EGIPS J100532.7-065427,151.3865669,-6.9075354,J100532.78-065427.1,0.97
Obj_2886,90702,EGIPS J040840.9-104017,62.1705614,-10.6716111,J040840.93-104017.8,0.97
Obj_8390,1358539,EGIPS J121616.2+090234,184.0678296,9.0429031,J121616.28+090234.5,0.97
Obj_15901,214934,EGIPS J231858.9+091641,349.7454648,9.2781592,J231858.91+091641.4,0.97
Obj_11268,2247762,EGIPS J152712.2+443549,231.8011185,44.5972026,J152712.27+443549.9,0.97
Obj_12518,1425308,EGIPS J165335.0+131212,253.3960838,13.2035978,J165335.06+131213.0,0.97
Obj_7817,2134950,EGIPS J114037.2+384341,175.155126,38.728188,J114037.23+384341.5,0.97
Obj_13809,91659,EGIPS J193424.1+491956,293.6004359,49.3323776,J193424.10+491956.6,0.97
Obj_5557,2340032,EGIPS J091549.3+492002,138.9554719,49.3339649,J091549.31+492002.3,0.97
Obj_10526,5084057,EGIPS J143228.2+183740,218.1177672,18.6279087,J143228.26+183740.5,0.97
Obj_2498,145469,EGIPS J031757.0-123318,49.487578,-12.5552245,J031757.02-123318.8,0.97
Obj_14418,1167361,EGIPS J210337.0+002928,315.904511,0.4911669,J210337.08+002928.2,0.97
Obj_14797,2012000,EGIPS J214957.4+324641,327.4892839,32.7781675,J214957.43+324641.4,0.97
Obj_2142,90636,EGIPS J024603.3+001328,41.5139842,0.2246236,J024603.36+001328.6,0.97
Obj_5769,27055,EGIPS J093142.3-185119,142.926653,-18.8554324,J093142.40-185119.6,0.97
Obj_14406,91688,EGIPS J210213.8-172350,315.5576433,-17.3974626,J210213.83-172350.9,0.97
Obj_9288,1545805,EGIPS J130934.0+175620,197.3918866,17.9390849,J130934.05+175620.7,0.97
Obj_9989,3816632,EGIPS J135726.4+143745,209.3602265,14.6292624,J135726.45+143745.3,0.97
Obj_3904,1449641,EGIPS J065946.5+140658,104.9441251,14.1162755,J065946.59+140658.6,0.97
Obj_1958,966054,EGIPS J023205.4-112515,38.0225844,-11.4209544,J023205.42-112515.4,0.97
Obj_7726,91131,EGIPS J113504.9+223226,173.7708084,22.5405827,J113504.99+223226.1,0.97
Obj_7021,3404302,EGIPS J105540.1+552757,163.917245,55.4658848,J105540.14+552757.2,0.97
Obj_7760,35939,EGIPS J113653.9+700409,174.2248887,70.069211,J113653.97+700409.2,0.97
Obj_416,793542,EGIPS J003232.4-240618,8.1352914,-24.1051764,J003232.47-240618.6,0.97
Obj_7519,778990,EGIPS J112241.3-252615,170.6722759,-25.4376191,J112241.35-252615.4,0.97
Obj_801,988377,EGIPS J005913.7-093825,14.8073033,-9.6403025,J005913.75-093825.1,0.97
Obj_14767,1042303,EGIPS J214631.4-053751,326.6311548,-5.6309602,J214631.48-053751.5,0.97
Obj_10225,91341,EGIPS J141210.1+063137,213.0421024,6.5271579,J141210.10+063137.8,0.97
Obj_15107,777669,EGIPS J221500.9-253303,333.7541275,-25.5508488,J221500.99-253303.1,0.97
Obj_7442,87010,EGIPS J111828.9+331735,169.6205015,33.2933144,J111828.92+331735.9,0.97
Obj_12021,       ,EGIPS J161808.4-030903,244.5353578,-3.1510845,J161808.49-030903.9,0.97
Obj_11786,1478900,EGIPS J160517.5+151349,241.3229258,15.2304419,J160517.50+151349.6,0.97
Obj_12977,2774350,EGIPS J173522.1+773852,263.8424657,77.6480093,J173522.19+773852.8,0.97
Obj_9448,1692344,EGIPS J132011.5+234256,200.0480631,23.7155758,J132011.54+234256.1,0.97
Obj_9329,91266,EGIPS J131212.0+143914,198.0502134,14.6539258,J131212.05+143914.1,0.97
Obj_6348,2596921,EGIPS J101118.3+600045,152.8264472,60.0125904,J101118.35+600045.3,0.97
Obj_9178,3552730,EGIPS J130325.8+151951,195.8578564,15.3309437,J130325.89+151951.4,0.97
Obj_11458,1225222,EGIPS J154242.8+022308,235.6784433,2.3857683,J154242.83+022308.8,0.97
Obj_7860,2039631,EGIPS J114305.2+335003,175.7718851,33.8343228,J114305.25+335003.6,0.97
Obj_15548,1640676,EGIPS J225046.1+210018,342.6921031,21.0052721,J225046.10+210019.0,0.97
Obj_11869,91503,EGIPS J160930.6+222010,242.3775875,22.3361564,J160930.62+222010.2,0.97
Obj_177,1368968,EGIPS J001407.7+094249,3.5323342,9.7138381,J001407.76+094249.8,0.97
Obj_12841,1828926,EGIPS J172125.9+281135,260.3580763,28.193195,J172125.94+281135.5,0.97
Obj_7387,1965264,EGIPS J111540.8+314812,168.9202892,31.8034276,J111540.87+314812.3,0.97
Obj_11327,2496214,EGIPS J153128.8+551602,232.8703224,55.2673556,J153128.88+551602.5,0.97
Obj_14673,3946190,EGIPS J213547.5+091740,323.9481916,9.294546,J213547.57+091740.4,0.97
Obj_15668,1427926,EGIPS J230015.8+131848,345.0662479,13.3134597,J230015.90+131848.5,0.97
Obj_1787,1968769,EGIPS J021753.2+315219,34.4718984,31.8721793,J021753.26+315219.8,0.97
Obj_7369,2470166,EGIPS J111459.7+542720,168.749148,54.4556123,J111459.80+542720.2,0.97
Obj_4873,931878,EGIPS J082101.5-135315,125.2563068,-13.8877548,J082101.51-135315.9,0.97
Obj_13301,1698511,EGIPS J180747.3+240222,271.9472386,24.0396052,J180747.34+240222.6,0.97
Obj_6756,1709237,EGIPS J103935.4+243104,159.8976645,24.5179375,J103935.44+243104.6,0.97
Obj_4404,21831,EGIPS J074802.5+282419,117.0107615,28.4054522,J074802.58+282419.6,0.97
Obj_6483,91009,EGIPS J102056.2+304544,155.2343147,30.762448,J102056.24+304544.8,0.97
Obj_15692,1525224,EGIPS J230206.1+170732,345.5256246,17.1255662,J230206.15+170732.0,0.97
Obj_1033,3612965,EGIPS J011505.9+411356,18.7748261,41.232499,J011505.96+411357.0,0.97
Obj_9206,91249,EGIPS J130445.4-165413,196.1893635,-16.9036202,J130445.45-165413.0,0.97
Obj_7785,2756164,EGIPS J113854.9+733035,174.7288595,73.5099575,J113854.93+733035.8,0.97
Obj_7589,938343,EGIPS J112700.7-132437,171.7532607,-13.4103617,J112700.78-132437.3,0.97
Obj_8772,91217,EGIPS J123948.6-173221,189.9525157,-17.5392278,J123948.60-173221.2,0.97
Obj_1782,2050240,EGIPS J021741.3+343012,34.4223771,34.5035764,J021741.37+343012.9,0.97
Obj_10609,2397583,EGIPS J143723.9+513847,219.3497864,51.6466565,J143723.95+513848.0,0.97
Obj_8178,2602303,EGIPS J120250.3+602700,180.7097804,60.450197,J120250.35+602700.7,0.97
Obj_12749,2438266,EGIPS J171246.1+532022,258.1922579,53.3394809,J171246.14+532022.1,0.97
Obj_1082,92840,EGIPS J011955.5-142619,19.9813234,-14.4386414,J011955.52-142619.1,0.97
Obj_8968,815760,EGIPS J125154.8-222008,192.9784723,-22.3357592,J125154.83-222008.7,0.97
Obj_4411,1300030,EGIPS J074837.6+062403,117.1569739,6.4008984,J074837.67+062403.2,0.97
Obj_6196,29028,EGIPS J100135.7+213626,150.3990842,21.6073302,J100135.78+213626.4,0.97
Obj_10376,1269741,EGIPS J142235.3+043251,215.6474351,4.5476895,J142235.38+043251.7,0.96
Obj_5480,3133560,EGIPS J091013.0+524323,137.5543464,52.7230975,J091013.04+524323.2,0.96
Obj_10644,3831162,EGIPS J143955.5+471809,219.9816129,47.3026922,J143955.59+471809.7,0.96
Obj_4801,2273446,EGIPS J081602.4+455853,124.0100654,45.9816581,J081602.42+455854.0,0.96
Obj_8249,2014137,EGIPS J120734.4+325006,181.8933988,32.8351031,J120734.42+325006.4,0.96
Obj_15063,1396638,EGIPS J221146.7+113843,332.9448968,11.645351,J221146.78+113843.3,0.96
Obj_13089,1471873,EGIPS J174749.8+145822,266.9576065,14.973016,J174749.83+145822.9,0.96
Obj_316,5057669,EGIPS J002400.9+240503,6.0040142,24.0843454,J002400.96+240503.6,0.96
Obj_16364,1046290,EGIPS J235440.2-051917,358.6679074,-5.3215038,J235440.30-051917.4,0.96
Obj_1337,1358952,EGIPS J013945.1+090400,24.9380044,9.0666735,J013945.12+090400.0,0.96
Obj_12508,1398851,EGIPS J165249.0+114731,253.2045676,11.7921854,J165249.10+114731.9,0.96
Obj_16389,816686,EGIPS J235630.9-221626,359.1289596,-22.2739912,J235630.95-221626.4,0.96
Obj_10363,51299,EGIPS J142121.5+362540,215.339673,36.4278978,J142121.52+362540.4,0.96
Obj_1608,1004356,EGIPS J020333.9-082320,30.8915825,-8.3889022,J020333.98-082320.0,0.96
Obj_11766,91498,EGIPS J160417.9+372452,241.0746207,37.4147074,J160417.91+372452.9,0.96
Obj_5916,92267,EGIPS J094238.4-280815,145.6602667,-28.1375036,J094238.46-280815.0,0.96
Obj_13085,3889932,EGIPS J174736.4+295730,266.9020609,29.9584132,J174736.49+295730.3,0.96
Obj_6833,2130256,EGIPS J104439.8+383318,161.1659643,38.5552305,J104439.83+383318.8,0.96
Obj_162,       ,EGIPS J001253.4+185154,3.2227451,18.8650079,J001253.46+185154.0,0.96
Obj_3195,90729,EGIPS J045311.7-103557,73.2990603,-10.5993697,J045311.77-103557.7,0.96
Obj_747,6724716,EGIPS J005529.4+234608,13.8727,23.7689495,J005529.45+234608.2,0.96
Obj_9771,48550,EGIPS J134225.8+035121,205.6077205,3.8558365,J134225.85+035121.0,0.96
Obj_9336,2594762,EGIPS J131303.1+594958,198.2633065,59.832785,J131303.19+594958.0,0.96
Obj_5727,1292857,EGIPS J092709.4+060014,141.789398,6.00393,J092709.46+060014.1,0.96
Obj_8803,42623,EGIPS J124200.6-241750,190.5026352,-24.2972871,J124200.63-241750.2,0.96
Obj_3308,3693423,EGIPS J050812.0-035600,77.0503883,-3.9334798,J050812.09-035600.5,0.96
Obj_3058,785376,EGIPS J043453.6-245119,68.7236005,-24.8555087,J043453.66-245119.8,0.96
Obj_1832,       ,EGIPS J022113.3+521227,35.3057998,52.2076409,J022113.39+521227.5,0.96
Obj_9305,2147514,EGIPS J131047.6+391848,197.6984136,39.3135912,J131047.62+391848.9,0.96
Obj_7137,2713884,EGIPS J110219.5+681203,165.5813083,68.2010843,J110219.51+681203.9,0.96
Obj_2941,945976,EGIPS J041901.2-125355,64.7553536,-12.8988757,J041901.28-125356.0,0.96
Obj_15123,1381717,EGIPS J221555.3+103532,333.980445,10.5924925,J221555.31+103533.0,0.96
Obj_14665,859939,EGIPS J213453.2-190509,323.7220758,-19.0859857,J213453.30-190509.5,0.96
Obj_2727,213239,EGIPS J034343.0+410135,55.9295521,41.0264342,J034343.09+410135.2,0.96
Obj_16303,1449872,EGIPS J235039.4+140728,357.6642325,14.124547,J235039.42+140728.4,0.96
Obj_15558,93022,EGIPS J225216.4-125713,343.0683648,-12.9538005,J225216.41-125713.7,0.96
Obj_121,3590289,EGIPS J000921.9-203927,2.3412826,-20.6575543,J000921.91-203927.2,0.96
Obj_8064,2176154,EGIPS J115603.1+410749,179.0129209,41.130384,J115603.10+410749.4,0.96
Obj_8358,1261087,EGIPS J121406.6+035639,183.527669,3.9443421,J121406.64+035639.6,0.96
Obj_8430,3394375,EGIPS J121858.7+051018,184.7447917,5.1717022,J121858.75+051018.1,0.96
Obj_10761,52823,EGIPS J144733.2-191946,221.8887216,-19.3294945,J144733.29-191946.2,0.96
Obj_9035,3480237,EGIPS J125520.7+050627,193.8364978,5.1076831,J125520.76+050627.7,0.96
Obj_7925,3474862,EGIPS J114657.8+103318,176.7410942,10.5550938,J114657.86+103318.3,0.96
Obj_15260,972588,EGIPS J222810.2-105258,337.0429001,-10.8827858,J222810.30-105258.0,0.96
Obj_13136,1510757,EGIPS J175056.7+163113,267.736654,16.5204788,J175056.80+163113.7,0.96
Obj_4710,22924,EGIPS J081021.2-212628,122.5886616,-21.4411233,J081021.28-212628.0,0.96
Obj_5847,1371605,EGIPS J093717.8+095345,144.3242397,9.8958867,J093717.82+095345.2,0.96
Obj_13410,1745366,EGIPS J182314.5+254035,275.8107927,25.6763892,J182314.59+254035.0,0.96
Obj_16173,5807442,EGIPS J234109.3+064326,355.288924,6.7240683,J234109.34+064326.6,0.96
Obj_6710,1429577,EGIPS J103659.0+132252,159.2459222,13.381263,J103659.02+132252.5,0.96
Obj_4998,23878,EGIPS J083040.5+203558,127.6688215,20.5995513,J083040.52+203558.4,0.96
Obj_1477,       ,EGIPS J015203.8+294222,28.015994,29.7063869,J015203.84+294223.0,0.96
Obj_11981,1201873,EGIPS J161536.6+013940,243.9028048,1.6611648,J161536.67+013940.2,0.96
Obj_10774,827472,EGIPS J144843.5-212950,222.1813679,-21.4973304,J144843.53-212950.4,0.96
Obj_13119,2599183,EGIPS J174949.9+601203,267.4580411,60.201023,J174949.93+601203.7,0.96
Obj_8698,41837,EGIPS J123442.0+491929,188.6753499,49.324776,J123442.08+491929.2,0.96
Obj_8947,951822,EGIPS J125033.8-123018,192.6409899,-12.5052492,J125033.84-123018.9,0.96
Obj_4370,2385713,EGIPS J074457.1+505725,116.2383092,50.957005,J074457.19+505725.2,0.96
Obj_3835,19712,EGIPS J065046.7+483718,102.694752,48.621833,J065046.74+483718.6,0.96
Obj_9257,91260,EGIPS J130807.1+602306,197.0299436,60.3851211,J130807.19+602306.4,0.96
Obj_8881,1400548,EGIPS J124639.8+115359,191.6658532,11.899932,J124639.80+115359.8,0.96
Obj_11943,1915777,EGIPS J161301.1+304404,243.2547043,30.7345444,J161301.13+304404.4,0.96
Obj_12898,91594,EGIPS J172723.3+133945,261.8472031,13.6627223,J172723.33+133945.8,0.96
Obj_7641,1828205,EGIPS J113046.0+281006,172.6917167,28.1684054,J113046.01+281006.3,0.96
Obj_10321,1343868,EGIPS J141735.3+081753,214.3973029,8.2980654,J141735.35+081753.0,0.96
Obj_7417,1464669,EGIPS J111719.8+144137,169.3325048,14.6937923,J111719.80+144137.7,0.96
Obj_8287,91179,EGIPS J121005.1+655908,182.5215604,65.9857158,J121005.17+655908.6,0.96
Obj_15345,93021,EGIPS J223456.9+083448,338.7371701,8.5801117,J223456.92+083448.4,0.96
Obj_4321,3397505,EGIPS J073931.9+234942,114.882941,23.8284367,J073931.91+234942.4,0.96
Obj_10618,3359683,EGIPS J143747.2+031404,219.4468458,3.2346421,J143747.24+031404.7,0.96
Obj_3458,4666737,EGIPS J053418.7+020248,83.5780958,2.0467222,J053418.74+020248.2,0.96
Obj_979,2172965,EGIPS J011110.0+405518,17.7920366,40.9218328,J011110.09+405518.6,0.96
Obj_11066,91419,EGIPS J151029.0+542724,227.6210829,54.4568386,J151029.06+542724.6,0.96
Obj_12213,2691874,EGIPS J163033.3+665106,247.6389296,66.8519361,J163033.34+665107.0,0.96
Obj_4596,213443,EGIPS J080114.9+563453,120.3124964,56.5814767,J080115.00+563453.3,0.96
Obj_14220,1643112,EGIPS J204039.2+210701,310.163409,21.1170094,J204039.22+210701.2,0.96
Obj_15663,91769,EGIPS J230003.7+150111,345.0155996,15.0197387,J230003.74+150111.1,0.96
Obj_11848,1451110,EGIPS J160825.2+141019,242.1053747,14.1721364,J160825.29+141019.7,0.96
Obj_9754,982833,EGIPS J134131.4-100354,205.3810104,-10.0651452,J134131.44-100354.5,0.96
Obj_3125,90724,EGIPS J044547.7-083823,71.4491612,-8.6399803,J044547.80-083823.9,0.96
Obj_15635,2800849,EGIPS J225802.7+322759,344.5114257,32.4664825,J225802.74+322759.3,0.96
Obj_5124,2079026,EGIPS J084024.4+362036,130.1018174,36.3434576,J084024.44+362036.4,0.96
Obj_10331,91353,EGIPS J141833.5-050912,214.6397069,-5.1533773,J141833.53-050912.2,0.96
Obj_6086,28582,EGIPS J095439.7+294259,148.6655632,29.7165618,J095439.74+294259.6,0.96
Obj_9158,2009439,EGIPS J130208.1+324257,195.533823,32.7159573,J130208.12+324257.4,0.96
Obj_9595,2078641,EGIPS J132941.4+361915,202.4227186,36.3209956,J132941.45+361915.6,0.96
Obj_4033,213375,EGIPS J071126.3+301115,107.8599409,30.1875798,J071126.39+301115.3,0.96
Obj_7573,2740313,EGIPS J112524.1+710233,171.3508223,71.0425411,J112524.20+710233.1,0.96
Obj_3336,763563,EGIPS J051225.2-264840,78.1051023,-26.8113302,J051225.22-264840.8,0.96
Obj_15769,1839135,EGIPS J230834.0+283307,347.1418061,28.5521181,J230834.03+283307.6,0.96
Obj_5801,1254239,EGIPS J093436.2+033241,143.6511314,3.5449673,J093436.27+033241.9,0.96
Obj_7034,1038173,EGIPS J105636.7-055848,164.1532577,-5.9800539,J105636.78-055848.2,0.96
Obj_15581,69949,EGIPS J225402.8-173608,343.5117728,-17.602328,J225402.83-173608.4,0.96
Obj_869,1269800,EGIPS J010421.9+043306,16.0915343,4.5517617,J010421.97+043306.3,0.96
Obj_9565,3300013,EGIPS J132801.9-014941,202.0082786,-1.8281945,J132801.99-014941.5,0.96
Obj_5095,1034475,EGIPS J083806.2-061759,129.5260939,-6.2998237,J083806.26-061759.4,0.96
Obj_10697,2419917,EGIPS J144352.9+523815,220.9705443,52.6375592,J144352.93+523815.2,0.96
Obj_5607,1781062,EGIPS J091918.2+263413,139.8259791,26.5704604,J091918.23+263413.7,0.96
Obj_2149,198378,EGIPS J024641.5-265645,41.673096,-26.9458506,J024641.54-265645.1,0.96
Obj_15944,1442733,EGIPS J232145.7+135203,350.440651,13.8676779,J232145.76+135203.6,0.96
Obj_12768,59909,EGIPS J171446.9+575117,258.6956743,57.8547403,J171446.96+575117.1,0.96
Obj_14200,988649,EGIPS J203628.2-093714,309.1175761,-9.620668,J203628.22-093714.4,0.96
Obj_15507,1171297,EGIPS J224710.9+003808,341.7956217,0.6357566,J224710.95+003808.7,0.96
Obj_15415,2154943,EGIPS J224007.3+394440,340.0305488,39.7445737,J224007.33+394440.5,0.96
Obj_12226,2032748,EGIPS J163141.8+332817,247.9244025,33.4714342,J163141.86+332817.2,0.96
Obj_7437,91103,EGIPS J111812.6-083100,169.5528821,-8.5169418,J111812.69-083101.0,0.96
Obj_6880,3760569,EGIPS J104728.4+364927,161.8686965,36.824292,J104728.49+364927.5,0.96
Obj_4086,       ,EGIPS J071534.8+205451,108.8950789,20.9142874,J071534.82+205451.4,0.96
Obj_12235,2133010,EGIPS J163213.7+383921,248.0573595,38.6558584,J163213.77+383921.1,0.96
Obj_1614,3630296,EGIPS J020350.9+300614,30.9621436,30.1038898,J020350.91+300614.0,0.96
Obj_7742,853426,EGIPS J113541.7-193411,173.9240468,-19.5699978,J113541.77-193412.0,0.96
Obj_11884,1792486,EGIPS J161009.0+265523,242.5375099,26.9231666,J161009.00+265523.4,0.96
Obj_12688,2083676,EGIPS J170551.5+363636,256.46479,36.610263,J170551.55+363636.9,0.96
Obj_3647,2429351,EGIPS J061712.6+530015,94.3026137,53.0044046,J061712.63+530015.9,0.96
Obj_5980,2015715,EGIPS J094740.8+325236,146.920171,32.876937,J094740.84+325237.0,0.96
Obj_2446,1240050,EGIPS J031304.7+025313,48.2696573,2.8871915,J031304.72+025313.9,0.96
Obj_11226,160504,EGIPS J152334.4-072554,230.8933838,-7.4316815,J152334.41-072554.1,0.96
Obj_1294,       ,EGIPS J013551.3+271423,23.9640523,27.239969,J013551.37+271423.9,0.96
Obj_5809,2083527,EGIPS J093459.3+363605,143.7471125,36.6015328,J093459.31+363605.5,0.96
Obj_7808,2039971,EGIPS J114001.2+335113,175.0050899,33.8538616,J114001.22+335113.9,0.96
Obj_2737,13744,EGIPS J034455.9+055417,56.2332257,5.9049005,J034455.97+055417.6,0.96
Obj_9646,47730,EGIPS J133320.3+035530,203.3346807,3.9252437,J133320.32+035530.9,0.96
Obj_1,74615,EGIPS J000003.2-104315,0.0136972,-10.7208667,J000003.29-104315.1,0.96
Obj_7984,1315297,EGIPS J115031.3+070958,177.6304873,7.166154,J115031.32+070958.2,0.96
Obj_7418,34467,EGIPS J111720.4+022649,169.3352658,2.4469734,J111720.46+022649.1,0.96
Obj_9797,2542675,EGIPS J134425.4+563727,206.1058419,56.6244039,J134425.40+563727.9,0.96
Obj_5926,82518,EGIPS J094326.7+421112,145.8616529,42.186924,J094326.80+421112.9,0.96
Obj_6543,2453358,EGIPS J102500.0+535229,156.2501411,53.874879,J102500.03+535229.6,0.96
Obj_15641,91766,EGIPS J225832.3+105852,344.6349038,10.9812199,J225832.38+105852.4,0.96
Obj_9514,46881,EGIPS J132433.8+331210,201.1408646,33.2027918,J132433.81+331210.1,0.96
Obj_12597,       ,EGIPS J170003.5+283644,255.0147655,28.612353,J170003.54+283644.5,0.96
Obj_15746,91780,EGIPS J230644.3+181402,346.6847256,18.2339863,J230644.33+181402.4,0.96
Obj_15577,993027,EGIPS J225349.5-091643,343.4563564,-9.2787529,J225349.53-091643.5,0.96
Obj_9600,2021088,EGIPS J132949.6+330135,202.4568261,33.0265167,J132949.64+330135.5,0.96
Obj_4439,21970,EGIPS J075046.1+542142,117.6923371,54.3618999,J075046.16+542142.8,0.96
Obj_9656,47788,EGIPS J133402.9+475448,203.5123601,47.9135378,J133402.97+475448.7,0.96
Obj_10040,91331,EGIPS J140040.0+494726,210.1670582,49.7906838,J140040.09+494726.5,0.96
Obj_455,1628008,EGIPS J003530.0+202739,8.8750388,20.4611005,J003530.01+202740.0,0.96
Obj_13266,1845036,EGIPS J180304.7+284524,270.7699189,28.7568628,J180304.78+284524.7,0.96
Obj_5326,25118,EGIPS J085631.9+212241,134.1329467,21.378239,J085631.91+212241.7,0.96
Obj_8648,91204,EGIPS J123141.6+523539,187.923706,52.5942802,J123141.69+523539.4,0.96
Obj_15228,91739,EGIPS J222544.2+392406,336.4344175,39.4019372,J222544.26+392407.0,0.96
Obj_12883,165732,EGIPS J172555.5+160327,261.4814853,16.0577003,J172555.56+160327.7,0.96
Obj_13243,2197415,EGIPS J180114.6+422153,270.3109983,42.3648388,J180114.64+422153.4,0.96
Obj_1393,144311,EGIPS J014546.5-064014,26.4440488,-6.6706389,J014546.57-064014.3,0.96
Obj_12678,59553,EGIPS J170439.8+581259,256.1659457,58.2164128,J170439.83+581259.1,0.95
Obj_2152,778449,EGIPS J024646.5-252859,41.6938521,-25.4831806,J024646.52-252859.5,0.95
Obj_2927,90704,EGIPS J041703.8-032305,64.2661757,-3.3848123,J041703.88-032305.3,0.95
Obj_1836,90608,EGIPS J022137.9-094212,35.4080665,-9.7035516,J022137.94-094212.8,0.95
Obj_1389,911495,EGIPS J014525.5-152501,26.3565227,-15.4170051,J014525.57-152501.2,0.95
Obj_1075,908282,EGIPS J011911.3-153903,19.7972436,-15.6509892,J011911.34-153903.6,0.95
Obj_8002,37143,EGIPS J115152.4+183246,177.9686256,18.5463322,J115152.47+183246.8,0.95
Obj_1904,3638067,EGIPS J022735.7+182903,36.8989141,18.4843804,J022735.74+182903.8,0.95
Obj_1765,212946,EGIPS J021625.1+320111,34.1048832,32.0199168,J021625.17+320111.7,0.95
Obj_4002,4666960,EGIPS J070853.2+215557,107.2219446,21.932556,J070853.27+215557.2,0.95
Obj_14895,67722,EGIPS J215748.5-244628,329.4521689,-24.7744781,J215748.52-244628.1,0.95
Obj_4367,4144180,EGIPS J074452.0+133946,116.2169987,13.6629276,J074452.08+133946.5,0.95
Obj_13050,2716586,EGIPS J174335.6+682110,265.8985568,68.3529381,J174335.65+682110.6,0.95
Obj_310,4009030,EGIPS J002335.7+151406,5.8990611,15.2352685,J002335.77+151407.0,0.95
Obj_8836,2602189,EGIPS J124335.3+602632,190.8973034,60.4424148,J124335.35+602632.7,0.95
Obj_8110,37699,EGIPS J115840.6+251901,179.669381,25.3169877,J115840.65+251901.2,0.95
Obj_4436,78632,EGIPS J075037.8-035644,117.6578171,-3.945634,J075037.88-035644.3,0.95
Obj_8180,1892208,EGIPS J120253.5+300859,180.7232192,30.1499407,J120253.57+300859.8,0.95
Obj_10317,1276892,EGIPS J141722.8+050111,214.3451028,5.0198657,J141722.82+050111.5,0.95
Obj_4807,3728488,EGIPS J081629.4+044246,124.1225582,4.7128851,J081629.41+044246.4,0.95
Obj_6203,1008947,EGIPS J100210.5-080330,150.543782,-8.0584955,J100210.51-080330.6,0.95
Obj_15752,1627000,EGIPS J230719.8+202539,346.8328298,20.4276576,J230719.88+202539.6,0.95
Obj_13148,2712707,EGIPS J175211.8+680827,268.0493076,68.1410051,J175211.83+680827.6,0.95
Obj_1814,       ,EGIPS J021945.7+335332,34.940665,33.8922368,J021945.76+335332.1,0.95
Obj_1835,8964,EGIPS J022131.0+141154,35.3792918,14.1985125,J022131.03+141154.6,0.95
Obj_10398,1765299,EGIPS J142414.7+260949,216.0612899,26.1637618,J142414.71+260949.5,0.95
Obj_14658,1301252,EGIPS J213336.4+062805,323.4018752,6.468131,J213336.45+062805.3,0.95
Obj_12138,1591017,EGIPS J162549.4+192408,246.4561273,19.4022888,J162549.47+192408.2,0.95
Obj_1328,1693089,EGIPS J013847.9+234516,24.6997873,23.7546099,J013847.95+234516.6,0.95
Obj_16370,91834,EGIPS J235452.3-034550,358.7183023,-3.7641274,J235452.39-034550.9,0.95
Obj_16235,864183,EGIPS J234602.8-184503,356.5116701,-18.75111,J234602.80-184504.0,0.95
Obj_6915,182424,EGIPS J105005.3-054313,162.5221562,-5.7203132,J105005.32-054313.1,0.95
Obj_3912,4666943,EGIPS J070027.4+341034,105.1143454,34.1762463,J070027.44+341034.5,0.95
Obj_11898,3860967,EGIPS J161058.4+212956,242.743548,21.4989926,J161058.45+212956.4,0.95
Obj_6824,4094378,EGIPS J104359.8+374923,160.9992989,37.8231206,J104359.83+374923.2,0.95
Obj_4526,2120111,EGIPS J075609.1+381102,119.0382493,38.1840566,J075609.18+381102.6,0.95
Obj_11694,1994219,EGIPS J155956.0+322252,239.9836025,32.3812474,J155956.06+322252.5,0.95
Obj_9663,91298,EGIPS J133420.3+334925,203.5846633,33.8236516,J133420.32+334925.1,0.95
Obj_3855,136543,EGIPS J065314.4+092900,103.3101053,9.4833823,J065314.43+092900.2,0.95
Obj_6791,31854,EGIPS J104142.3+061145,160.4265944,6.1959617,J104142.38+061145.5,0.95
Obj_6645,3536643,EGIPS J103134.8+445320,157.8950097,44.8889293,J103134.80+445320.1,0.95
Obj_10603,995104,EGIPS J143718.2-090632,219.3262049,-9.109099,J143718.29-090632.8,0.95
Obj_10390,1293483,EGIPS J142350.7+060219,215.9613631,6.0386788,J142350.73+060219.2,0.95
Obj_15579,1007026,EGIPS J225357.8-081113,343.4909528,-8.186949,J225357.83-081113.0,0.95
Obj_10479,2025323,EGIPS J142859.3+331006,217.2474447,33.1684516,J142859.39+331006.4,0.95
Obj_13270,3894130,EGIPS J180329.6+740536,270.8736128,74.0933795,J180329.67+740536.2,0.95
Obj_10864,53350,EGIPS J145524.6+372519,223.8528993,37.4219743,J145524.70+372519.1,0.95
Obj_13020,2765562,EGIPS J174034.9+745819,265.1456173,74.9719792,J174034.95+745819.1,0.95
Obj_4492,90803,EGIPS J075420.4+324629,118.585252,32.7747299,J075420.46+324629.0,0.95
Obj_2957,2072532,EGIPS J042142.8+355702,65.4284313,35.9507664,J042142.82+355702.8,0.95
Obj_13143,2643768,EGIPS J175139.3+624828,267.9140246,62.8078734,J175139.37+624828.3,0.95
Obj_584,2046244,EGIPS J004216.3+341502,10.5681357,34.2505559,J004216.35+341502.0,0.95
Obj_7057,1417188,EGIPS J105748.7+125021,164.4531329,12.8394054,J105748.75+125021.9,0.95
Obj_11718,142833,EGIPS J160112.3+154521,240.301547,15.7560191,J160112.37+154521.7,0.95
Obj_12667,1882920,EGIPS J170407.4+295452,256.0309918,29.9145553,J170407.44+295452.4,0.95
Obj_4843,2592886,EGIPS J081857.7+593928,124.7408005,59.6579703,J081857.79+593928.7,0.95
Obj_4857,1055539,EGIPS J082008.1-043753,125.0340508,-4.6316212,J082008.17-043753.8,0.95
Obj_9672,922221,EGIPS J133454.6-143721,203.727708,-14.6227627,J133454.65-143721.9,0.95
Obj_1078,1237541,EGIPS J011941.0+024728,19.9210491,2.7912297,J011941.05+024728.4,0.95
Obj_1106,1033380,EGIPS J012133.1-062330,20.3880186,-6.3919028,J012133.12-062330.9,0.95
Obj_5239,1291265,EGIPS J084913.2+055453,132.3050723,5.9147403,J084913.22+055453.1,0.95
Obj_6630,1636065,EGIPS J103052.1+204739,157.7172584,20.7944401,J103052.14+204740.0,0.95
Obj_15383,69363,EGIPS J223746.9-281237,339.4456791,-28.2103106,J223746.96-281237.1,0.95
Obj_6513,888948,EGIPS J102239.6-170523,155.6652945,-17.089833,J102239.67-170523.4,0.95
Obj_9041,1593985,EGIPS J125542.6+192901,193.9278581,19.483817,J125542.69+192901.7,0.95
Obj_10941,3838646,EGIPS J150127.8+274156,225.3660971,27.6991171,J150127.86+274156.8,0.95
Obj_10260,50814,EGIPS J141336.2+543813,213.401053,54.6370584,J141336.25+543813.4,0.95
Obj_5992,2598712,EGIPS J094820.2+600934,147.0842877,60.1596395,J094820.23+600934.7,0.95
Obj_5107,4086193,EGIPS J083910.8+260619,129.795295,26.105329,J083910.87+260619.2,0.95
Obj_4649,90818,EGIPS J080531.8+393246,121.382527,39.5463465,J080531.81+393246.8,0.95
Obj_14824,67506,EGIPS J215144.2+113431,327.9341845,11.5755456,J215144.20+113432.0,0.95
Obj_15935,1744009,EGIPS J232107.0+253828,350.2794411,25.6413446,J232107.07+253828.8,0.95
Obj_8078,4001619,EGIPS J115631.2+045558,179.1301604,4.9330354,J115631.24+045558.9,0.95
Obj_14334,887979,EGIPS J205417.8-170915,313.5745541,-17.1542613,J205417.89-170915.3,0.95
Obj_6266,839427,EGIPS J100531.2-203600,151.3803822,-20.6000545,J100531.29-203600.2,0.95
Obj_2357,       ,EGIPS J030434.6-060753,46.144377,-6.1315429,J030434.65-060753.6,0.95
Obj_15895,71018,EGIPS J231843.2+225227,349.6802834,22.874316,J231843.27+225227.5,0.95
Obj_7737,1555880,EGIPS J113532.5+181823,173.8856522,18.3065836,J113532.56+181823.7,0.95
Obj_3132,3686081,EGIPS J044627.2+091955,71.6136566,9.3319511,J044627.28+091955.0,0.95
Obj_10540,91368,EGIPS J143247.5+282333,218.1979965,28.3925315,J143247.52+282333.1,0.95
Obj_188,978,EGIPS J001440.0+183455,3.6669688,18.5819755,J001440.07+183455.1,0.95
Obj_2124,10410,EGIPS J024504.1-262659,41.267382,-26.4497244,J024504.17-262659.0,0.95
Obj_15552,1398296,EGIPS J225106.4+114523,342.776769,11.7565018,J225106.42+114523.4,0.95
Obj_10686,2363235,EGIPS J144308.5+500652,220.7854972,50.1146156,J144308.52+500652.6,0.95
Obj_9737,1688165,EGIPS J133939.0+232903,204.9125454,23.484327,J133939.01+232903.6,0.95
Obj_12686,3413247,EGIPS J170546.1+325807,256.4424152,32.9686252,J170546.18+325807.1,0.95
Obj_11742,       ,EGIPS J160240.0-084811,240.6669823,-8.803098,J160240.08-084811.2,0.95
Obj_302,1113269,EGIPS J002311.7-014001,5.7990513,-1.6672014,J002311.77-014001.9,0.95
Obj_6398,1191510,EGIPS J101432.8+011943,153.6369112,1.3287125,J101432.86+011943.4,0.95
Obj_540,940429,EGIPS J004000.2-131542,10.0011828,-13.2618665,J004000.28-131542.7,0.95
Obj_3500,2685898,EGIPS J054500.9+661858,86.2541028,66.3162901,J054500.98+661858.6,0.95
Obj_889,1314606,EGIPS J010536.3+070803,16.4012749,7.1343611,J010536.31+070803.7,0.95
Obj_15536,1381928,EGIPS J224945.5+103625,342.43976,10.6070147,J224945.54+103625.3,0.95
Obj_15910,214939,EGIPS J231937.1+080517,349.9047771,8.0881933,J231937.15+080517.5,0.95
Obj_1633,1172031,EGIPS J020539.9+003942,31.4164414,0.6618323,J020539.95+003942.6,0.95
Obj_12895,60317,EGIPS J172718.1+611038,261.8257389,61.1774841,J172718.18+611038.9,0.95
Obj_2015,9883,EGIPS J023612.4+401210,39.0518335,40.2030493,J023612.44+401211.0,0.95
Obj_14440,166812,EGIPS J210631.0-242918,316.629401,-24.4885446,J210631.06-242918.8,0.95
Obj_9641,1815207,EGIPS J133258.7+274110,203.2446167,27.6862226,J133258.71+274110.4,0.95
Obj_8387,4103611,EGIPS J121603.2+140046,184.0134954,14.0129337,J121603.24+140046.6,0.95
Obj_745,1393224,EGIPS J005522.9+112447,13.8457657,11.4132172,J005522.98+112447.6,0.95
Obj_14595,66738,EGIPS J212559.9-034831,321.4998718,-3.8086951,J212559.97-034831.3,0.95
Obj_8179,750115,EGIPS J120251.3-274611,180.7141262,-27.7697373,J120251.39-274611.1,0.95
Obj_12388,58846,EGIPS J164327.5+615739,250.8648362,61.9608595,J164327.56+615739.1,0.95
Obj_912,90519,EGIPS J010651.4+001051,16.7145208,0.1808671,J010651.48+001051.1,0.95
Obj_553,1525594,EGIPS J004054.1+170825,10.2255392,17.1403585,J004054.13+170825.3,0.95
Obj_13568,2622136,EGIPS J184839.4+613935,282.1642523,61.6597563,J184839.42+613935.1,0.95
Obj_8251,91176,EGIPS J120742.2-165058,181.9259578,-16.8496232,J120742.23-165058.6,0.95
Obj_2091,2170766,EGIPS J024307.2+404633,40.7802539,40.7761089,J024307.26+404634.0,0.95
Obj_12694,2459768,EGIPS J170639.7+540602,256.6654753,54.1006274,J170639.71+540602.3,0.95
Obj_13826,91660,EGIPS J193712.5-143354,294.3023439,-14.5650223,J193712.56-143354.1,0.94
Obj_11508,91479,EGIPS J154640.6+712745,236.6692953,71.4627614,J154640.63+712745.9,0.94
Obj_10784,91391,EGIPS J144916.0+315427,222.3169057,31.9076617,J144916.06+315427.6,0.94
Obj_7982,2324722,EGIPS J115029.5+484456,177.6232229,48.7489027,J115029.57+484456.0,0.94
Obj_1063,1204609,EGIPS J011834.2+014452,19.6427412,1.7479938,J011834.26+014452.8,0.94
Obj_4713,2525248,EGIPS J081041.4+560535,122.672655,56.0931108,J081041.44+560535.2,0.94
Obj_15528,2033610,EGIPS J224914.3+333046,342.3097457,33.5129702,J224914.34+333046.7,0.94
Obj_1700,8356,EGIPS J021106.3-003919,32.7764854,-0.6552816,J021106.36-003919.0,0.94
Obj_12864,1802357,EGIPS J172355.9+271509,260.9830671,27.2525074,J172355.94+271509.0,0.94
Obj_13957,1026582,EGIPS J195621.2-065651,299.0883762,-6.9475657,J195621.21-065651.2,0.94
Obj_11547,1614550,EGIPS J154923.1+200253,237.3466202,20.0480782,J154923.19+200253.1,0.94
Obj_5892,27618,EGIPS J094037.8+193450,145.1578421,19.5805757,J094037.88+193450.1,0.94
Obj_15464,1008245,EGIPS J224319.4-080618,340.8310823,-8.1051213,J224319.46-080618.4,0.94
Obj_1139,91932,EGIPS J012341.0-265234,20.9210295,-26.8763545,J012341.05-265234.9,0.94
Obj_14380,91685,EGIPS J205923.2+020518,314.8469365,2.0883339,J205923.26+020518.0,0.94
Obj_4453,2356646,EGIPS J075159.0+495338,117.9959579,49.8940307,J075159.03+495338.5,0.94
Obj_14699,       ,EGIPS J213832.4+225417,324.6354153,22.9049556,J213832.50+225417.8,0.94
Obj_11001,53842,EGIPS J150513.2+571906,226.3053219,57.3185538,J150513.28+571906.8,0.94
Obj_9443,2735757,EGIPS J131953.8+702228,199.9744267,70.3746777,J131953.86+702228.8,0.94
Obj_5659,2140625,EGIPS J092229.3+385758,140.6222357,38.9663114,J092229.34+385758.7,0.94
Obj_6028,1294499,EGIPS J095043.6+060549,147.6817069,6.0971674,J095043.61+060549.8,0.94
Obj_8513,1939003,EGIPS J122347.6+311542,185.9484058,31.2617067,J122347.62+311542.1,0.94
Obj_12288,1447483,EGIPS J163601.4+140209,249.0058924,14.035837,J163601.41+140209.0,0.94
Obj_2788,3668110,EGIPS J035118.3+015407,57.8266581,1.9019636,J035118.40+015407.1,0.94
Obj_10620,1338731,EGIPS J143809.0+080530,219.5376116,8.0918019,J143809.03+080530.5,0.94
Obj_8620,808648,EGIPS J122921.4-224812,187.3392565,-22.8036052,J122921.42-224813.0,0.94
Obj_15814,818845,EGIPS J231221.5-220739,348.0896801,-22.1276321,J231221.52-220739.5,0.94
Obj_7032,1098516,EGIPS J105626.6-021248,164.1109467,-2.2135192,J105626.63-021248.7,0.94
Obj_6721,1667833,EGIPS J103755.3+221933,159.4807869,22.3260899,J103755.39+221933.9,0.94
Obj_12488,59110,EGIPS J165053.6+471304,252.7236299,47.2178341,J165053.67+471304.2,0.94
Obj_10704,864845,EGIPS J144410.6-184147,221.0445129,-18.6964613,J144410.68-184147.3,0.94
Obj_14874,214792,EGIPS J215613.8-010942,329.057583,-1.1618518,J215613.82-010942.7,0.94
Obj_15716,91775,EGIPS J230359.4-084737,345.9976625,-8.7938264,J230359.44-084737.8,0.94
Obj_6264,1920758,EGIPS J100526.0+305105,151.3586851,30.8514917,J100526.08+305105.4,0.94
Obj_11646,1159725,EGIPS J155608.2+001214,239.0342349,0.2041282,J155608.22+001214.9,0.94
Obj_141,91858,EGIPS J001056.5-263301,2.7357046,-26.5504756,J001056.57-263301.7,0.94
Obj_10437,51601,EGIPS J142710.0+355515,216.7918117,35.9209975,J142710.03+355515.6,0.94
Obj_1237,982562,EGIPS J013047.1-100509,22.6966198,-10.0860982,J013047.19-100510.0,0.94
Obj_15885,3334741,EGIPS J231804.2-000151,349.5177996,-0.0310277,J231804.27-000151.7,0.94
Obj_1112,2145900,EGIPS J012152.7+391355,20.4697473,39.2321036,J012152.74+391355.6,0.94
Obj_2785,1372984,EGIPS J035043.9+095913,57.6830073,9.9871782,J035043.92+095913.8,0.94
Obj_7010,1389707,EGIPS J105501.1+110951,163.7546587,11.1642215,J105501.12+110951.2,0.94
Obj_4848,4619119,EGIPS J081913.3-044114,124.8055571,-4.6872361,J081913.33-044114.1,0.94
Obj_5101,1378087,EGIPS J083852.2+102018,129.7175399,10.3384211,J083852.21+102018.3,0.94
Obj_10747,3833621,EGIPS J144704.2+294005,221.7677809,29.6682232,J144704.27+294005.6,0.94
Obj_3462,751101,EGIPS J053504.8-274158,83.7701616,-27.6994533,J053504.84-274158.0,0.94
Obj_6156,90967,EGIPS J095926.8+731337,149.861833,73.2269669,J095926.84+731337.1,0.94
Obj_8386,869194,EGIPS J121554.4-182112,183.9770339,-18.353428,J121554.49-182112.3,0.94
Obj_6985,1201889,EGIPS J105340.2+013941,163.4176587,1.6614439,J105340.24+013941.2,0.94
Obj_41,1819666,EGIPS J000319.1+275103,0.829609,27.8509367,J000319.11+275103.4,0.94
Obj_14747,955332,EGIPS J214408.4-121550,326.0353818,-12.2641043,J214408.49-121550.8,0.94
Obj_2800,       ,EGIPS J035323.5-042636,58.348314,-4.4435069,J035323.60-042636.6,0.94
Obj_3087,15734,EGIPS J043911.3-241046,69.7973939,-24.1795709,J043911.37-241046.5,0.94
Obj_12415,58906,EGIPS J164507.6+615024,251.2819423,61.8402624,J164507.67+615024.9,0.94
Obj_15067,3958157,EGIPS J221203.2+855202,333.0136618,85.8674863,J221203.28+855203.0,0.94
Obj_8682,1683717,EGIPS J123341.4+231346,188.4228282,23.2295689,J123341.48+231346.4,0.94
Obj_3742,2395975,EGIPS J063704.5+513315,99.2689972,51.5541834,J063704.56+513315.1,0.94
Obj_7194,984008,EGIPS J110533.7-095827,166.3907538,-9.974213,J110533.78-095827.2,0.94
Obj_1057,90533,EGIPS J011814.7+150555,19.5612636,15.0988797,J011814.70+150556.0,0.94
Obj_12429,91553,EGIPS J164557.3+395908,251.489025,39.9858002,J164557.37+395908.9,0.94
Obj_8396,1394366,EGIPS J121655.6+112917,184.2320212,11.4881178,J121655.69+112917.2,0.94
Obj_280,1204425,EGIPS J002206.1+014432,5.5255672,1.7422306,J002206.14+014432.0,0.94
Obj_4528,151092,EGIPS J075636.4-043608,119.1519278,-4.6023747,J075636.46-043608.5,0.94
Obj_7525,2522934,EGIPS J112302.4+560140,170.7600766,56.0279885,J112302.42+560140.8,0.94
Obj_7583,4279525,EGIPS J112614.6+222119,171.5611402,22.3553063,J112614.67+222119.1,0.94
Obj_4296,90787,EGIPS J073657.9+270050,114.2416592,27.0140201,J073658.00+270050.5,0.94
Obj_10811,1020835,EGIPS J145139.6-071936,222.9150867,-7.3268773,J145139.62-071936.8,0.94
Obj_11617,1680034,EGIPS J155421.7+230117,238.5906876,23.0215732,J155421.77+230117.7,0.94
Obj_10699,1744530,EGIPS J144354.5+253916,220.9774679,25.6546648,J144354.59+253916.8,0.94
Obj_15495,1627028,EGIPS J224551.0+202544,341.4627527,20.4290025,J224551.06+202544.4,0.94
Obj_15761,3975784,EGIPS J230753.3+191241,346.9724882,19.2115031,J230753.40+191241.4,0.94
Obj_12195,200157,EGIPS J162938.2+401407,247.4093756,40.2354966,J162938.25+401407.8,0.94
Obj_13516,2617639,EGIPS J183911.2+612514,279.7966851,61.4207556,J183911.20+612514.7,0.94
Obj_2655,1493133,EGIPS J033443.4+154640,53.6808679,15.7779704,J033443.41+154640.7,0.94
Obj_9996,49683,EGIPS J135758.8+070940,209.4951932,7.1612338,J135758.85+070940.4,0.94
Obj_10853,1000710,EGIPS J145450.7-084008,223.7113083,-8.668948,J145450.71-084008.2,0.94
Obj_8028,91149,EGIPS J115345.8-080058,178.4411355,-8.0161212,J115345.87-080058.0,0.94
Obj_6730,1503625,EGIPS J103811.5+161312,159.5481092,16.2201676,J103811.55+161312.6,0.94
Obj_1080,1060898,EGIPS J011945.0-041443,19.9376864,-4.2453431,J011945.04-041443.2,0.94
Obj_16059,1314848,EGIPS J233305.2+070842,353.2716931,7.1450092,J233305.21+070842.0,0.94
Obj_3075,3682751,EGIPS J043640.1+134404,69.1672239,13.7344798,J043640.13+134404.1,0.94
Obj_7725,1544078,EGIPS J113502.9+175225,173.7622952,17.8738695,J113502.95+175225.9,0.94
Obj_7651,35503,EGIPS J113107.3+353523,172.7808104,35.5897298,J113107.39+353523.0,0.94
Obj_3660,18810,EGIPS J061926.2+631734,94.8593983,63.29293,J061926.26+631734.5,0.94
Obj_3096,146449,EGIPS J044018.5-120701,70.0774008,-12.1169739,J044018.58-120701.1,0.94
Obj_12642,3876669,EGIPS J170301.9+264351,255.7582968,26.7310378,J170301.99+264351.7,0.94
Obj_11224,2447854,EGIPS J152316.4+534054,230.8187175,53.6817058,J152316.49+534054.1,0.94
Obj_7698,104222,EGIPS J113323.1-024416,173.3465368,-2.7377802,J113323.17-024416.0,0.94
Obj_11180,1629806,EGIPS J152011.0+203140,230.046239,20.5279316,J152011.10+203140.6,0.94
Obj_5653,1841294,EGIPS J092213.6+283741,140.5568284,28.6281171,J092213.64+283741.2,0.94
Obj_15911,1482196,EGIPS J231943.4+152047,349.9312297,15.3464333,J231943.50+152047.2,0.94
Obj_9221,91251,EGIPS J130526.7+251128,196.3614818,25.1912996,J130526.76+251128.7,0.94
Obj_5412,1373980,EGIPS J090446.3+100334,136.193152,10.0595554,J090446.36+100334.4,0.94
Obj_6102,90961,EGIPS J095603.5+553135,149.0146825,55.5264564,J095603.52+553135.2,0.94
Obj_9690,1327539,EGIPS J133604.9+073937,204.0206917,7.660411,J133604.97+073937.5,0.94
Obj_13917,91665,EGIPS J194946.1-104627,297.4422996,-10.7742863,J194946.15-104627.4,0.94
Obj_8468,3477468,EGIPS J122133.7+461256,185.3904304,46.2157838,J122133.70+461256.8,0.94
Obj_1532,1352740,EGIPS J015632.8+084410,29.1369009,8.736178,J015632.86+084410.2,0.94
Obj_5767,27052,EGIPS J093138.3+305832,142.909645,30.9757475,J093138.31+305832.7,0.94
Obj_9275,2038907,EGIPS J130853.4+334736,197.2227869,33.7934931,J130853.47+334736.6,0.94
Obj_11877,57340,EGIPS J160953.4+133148,242.4726215,13.5300124,J160953.43+133148.0,0.94
Obj_7161,1147693,EGIPS J110335.4-001552,165.897812,-0.2646576,J110335.47-001552.8,0.94
Obj_12084,1363799,EGIPS J162207.1+092046,245.5296506,9.3463547,J162207.12+092046.9,0.93
Obj_15778,1129823,EGIPS J230914.4-005855,347.3102657,-0.9822113,J230914.46-005856.0,0.93
Obj_14169,2681954,EGIPS J203223.3+655526,308.097329,65.9239867,J203223.36+655526.4,0.93
Obj_8949,43470,EGIPS J125039.0+012752,192.6625049,1.4647158,J125039.00+012753.0,0.93
Obj_12742,91583,EGIPS J171218.0+435617,258.0751651,43.9381912,J171218.04+435617.5,0.93
Obj_6396,786874,EGIPS J101422.6-244254,153.5944348,-24.7151605,J101422.66-244254.6,0.93
Obj_2645,1857326,EGIPS J033302.0+290912,53.258703,29.1533748,J033302.09+290912.1,0.93
Obj_16041,997444,EGIPS J233158.4-085536,352.9936857,-8.9268927,J233158.48-085536.8,0.93
Obj_9935,1703468,EGIPS J135322.5+241610,208.3441511,24.2695236,J135322.60+241610.3,0.93
Obj_4776,       ,EGIPS J081442.7+142755,123.6783176,14.4653891,J081442.80+142755.4,0.93
Obj_7223,1710134,EGIPS J110728.7+243313,166.8697999,24.5538699,J110728.75+243313.9,0.93
Obj_6376,29746,EGIPS J101249.1+070613,153.2046817,7.1038182,J101249.12+070613.7,0.93
Obj_231,795881,EGIPS J001801.6-235325,4.5070166,-23.8904912,J001801.68-235325.8,0.93
Obj_4053,1816940,EGIPS J071249.0+274448,108.2045509,27.7467555,J071249.09+274448.3,0.93
Obj_2692,90686,EGIPS J033850.4-044734,54.7103656,-4.7928166,J033850.49-044734.1,0.93
Obj_4518,22198,EGIPS J075535.1+560925,118.8964724,56.1569905,J075535.15+560925.2,0.93
Obj_7829,3775145,EGIPS J114109.6+183803,175.29019,18.634385,J114109.65+183803.8,0.93
Obj_10817,1496254,EGIPS J145206.8+155449,223.0283432,15.9138217,J145206.80+155449.8,0.93
Obj_630,3602555,EGIPS J004615.6+081855,11.5653902,8.3154368,J004615.69+081855.6,0.93
Obj_6202,29058,EGIPS J100206.9+174921,150.5288048,17.8226619,J100206.91+174921.6,0.93
Obj_8529,943128,EGIPS J122430.4-130512,186.127081,-13.086712,J122430.50-130512.2,0.93
Obj_9967,3557538,EGIPS J135532.6+102701,208.8859324,10.4505206,J135532.62+102701.9,0.93
Obj_6066,90959,EGIPS J095311.3-062852,148.2973849,-6.4813648,J095311.37-062852.9,0.93
Obj_6599,2614739,EGIPS J102903.8+611525,157.2662268,61.2571148,J102903.89+611525.6,0.93
Obj_2006,2059020,EGIPS J023540.4+350431,38.9185895,35.0755493,J023540.46+350432.0,0.93
Obj_1767,       ,EGIPS J021648.5+365405,34.202276,36.901548,J021648.55+365405.6,0.93
Obj_10768,1531907,EGIPS J144758.9+172412,221.9955896,17.4033723,J144758.94+172412.1,0.93
Obj_1058,885445,EGIPS J011817.2-171815,19.57189,-17.3044038,J011817.25-171815.9,0.93
Obj_1119,1088034,EGIPS J012214.2-023457,20.5592144,-2.5826552,J012214.21-023457.6,0.93
Obj_15992,1432361,EGIPS J232611.5+132930,351.5481655,13.491722,J232611.56+132930.2,0.93
Obj_10079,1008295,EGIPS J140258.9-080604,210.7454317,-8.1012981,J140258.90-080604.7,0.93
Obj_10588,52201,EGIPS J143627.0+084403,219.1125129,8.7342072,J143627.00+084403.1,0.93
Obj_11892,2784813,EGIPS J161035.3+811523,242.6471316,81.2564706,J161035.31+811523.3,0.93
Obj_8306,38788,EGIPS J121057.9+635453,182.741389,63.9148146,J121057.93+635453.3,0.93
Obj_2997,15136,EGIPS J042718.5-101822,66.8274666,-10.3062969,J042718.59-101822.7,0.93
Obj_4292,1589612,EGIPS J073645.3+192139,114.1890095,19.3608946,J073645.36+192139.2,0.93
Obj_9830,       ,EGIPS J134626.7+192330,206.6116127,19.3918266,J134626.79+192330.6,0.93
Obj_3832,1968571,EGIPS J065043.1+315205,102.6799388,31.8680582,J065043.19+315205.0,0.93
Obj_10728,1453115,EGIPS J144541.2+141436,221.4218396,14.2435366,J144541.24+141436.7,0.93
Obj_10754,3833719,EGIPS J144721.4-220541,221.8391847,-22.0947538,J144721.40-220541.1,0.93
Obj_8284,848131,EGIPS J120956.3-195739,182.4848587,-19.9608996,J120956.37-195739.2,0.93
Obj_14592,1923030,EGIPS J212544.1+305411,321.434162,30.9032385,J212544.20+305411.7,0.93
Obj_8412,3785982,EGIPS J121752.6+271057,184.4695306,27.1825367,J121752.69+271057.1,0.93
Obj_4767,1206840,EGIPS J081359.7+014910,123.4988494,1.8194897,J081359.72+014910.2,0.93
Obj_15887,3979458,EGIPS J231814.5+215736,349.560426,21.9601699,J231814.50+215736.6,0.93
Obj_12538,1351747,EGIPS J165528.6+084112,253.8694706,8.6867431,J165528.67+084112.3,0.93
Obj_3600,18385,EGIPS J060500.6-181450,91.2528367,-18.2473496,J060500.68-181450.5,0.93
Obj_10900,53485,EGIPS J145803.1-192324,224.5131104,-19.3900427,J145803.15-192324.2,0.93
Obj_8439,1499951,EGIPS J121941.9+160405,184.92479,16.0682422,J121941.95+160405.7,0.93
Obj_2671,1050646,EGIPS J033649.0-045959,54.2044235,-4.9999562,J033649.06-045959.8,0.93
Obj_10880,1593046,EGIPS J145640.2+192732,224.1677932,19.4590013,J145640.27+192732.4,0.93
Obj_7377,3360696,EGIPS J111528.1+632702,168.8670835,63.4507149,J111528.10+632702.6,0.93
Obj_12103,2009191,EGIPS J162327.5+324238,245.8646318,32.7108324,J162327.51+324239.0,0.93
Obj_988,1105385,EGIPS J011147.8-015741,17.9493749,-1.9615717,J011147.85-015741.7,0.93
Obj_11945,2433584,EGIPS J161303.7+531012,243.2657134,53.1701093,J161303.77+531012.4,0.93
Obj_8832,1265757,EGIPS J124325.1+041541,190.8547011,4.2614571,J124325.13+041541.2,0.93
Obj_3563,4666814,EGIPS J055642.0+480317,89.175086,48.0548911,J055642.02+480317.6,0.93
Obj_16159,92809,EGIPS J234031.1-230631,355.1296906,-23.1087069,J234031.13-230631.3,0.93
Obj_8919,43342,EGIPS J124918.9-090630,192.3290551,-9.108341,J124918.97-090630.0,0.93
Obj_14242,91678,EGIPS J204243.1-024601,310.6797121,-2.7670092,J204243.13-024601.2,0.93
Obj_15757,3375148,EGIPS J230736.8+145840,346.9034132,14.9779963,J230736.82+145840.8,0.93
Obj_9827,91312,EGIPS J134608.3+125931,206.5349599,12.9920711,J134608.39+125931.5,0.93
Obj_5581,1049810,EGIPS J091743.9-050350,139.4330685,-5.0640023,J091743.94-050350.4,0.93
Obj_12880,3883597,EGIPS J172522.1+220004,261.3421762,22.0011395,J172522.12+220004.1,0.93
Obj_12918,1564072,EGIPS J172908.1+183526,262.2839011,18.5908164,J172908.14+183526.9,0.93
Obj_14059,4667512,EGIPS J201536.1-005853,303.9007928,-0.98156,J201536.19-005853.6,0.93
Obj_12670,1730444,EGIPS J170411.9+251529,256.049726,25.2582219,J170411.93+251529.6,0.93
Obj_957,       ,EGIPS J010922.1-013632,17.3424043,-1.60908,J010922.18-013632.7,0.93
Obj_9829,1774660,EGIPS J134611.9+262348,206.5497329,26.3966895,J134611.94+262348.1,0.93
Obj_1089,90538,EGIPS J012023.2-123146,20.096718,-12.5295626,J012023.21-123146.4,0.93
Obj_6797,2037671,EGIPS J104159.2+334325,160.4968889,33.7237478,J104159.25+334325.5,0.93
Obj_136,1135166,EGIPS J001028.9-004611,2.6206246,-0.7698806,J001028.95-004611.6,0.93
Obj_8567,40741,EGIPS J122645.0+275444,186.6875688,27.9122891,J122645.02+275444.2,0.93
Obj_11517,56043,EGIPS J154729.6+550903,236.8735556,55.1509984,J154729.65+550903.6,0.93
Obj_1372,6349,EGIPS J014336.0-265652,25.9001651,-26.9479693,J014336.04-265652.7,0.93
Obj_10340,92972,EGIPS J141907.7+052301,214.7821006,5.3836926,J141907.70+052301.3,0.93
Obj_2679,165369,EGIPS J033729.9-180633,54.3747785,-18.109289,J033729.95-180633.4,0.93
Obj_5191,3341415,EGIPS J084515.9+513222,131.3165217,51.5395986,J084515.97+513222.6,0.93
Obj_5526,2120428,EGIPS J091347.8+381145,138.4492611,38.1961033,J091347.82+381146.0,0.93
Obj_10227,897240,EGIPS J141212.0-163027,213.0501472,-16.5077256,J141212.04-163027.8,0.93
Obj_7934,1398051,EGIPS J114737.3+114414,176.9057371,11.7374982,J114737.38+114415.0,0.93
Obj_6296,911920,EGIPS J100802.0-152306,152.0083744,-15.3850035,J100802.01-152306.0,0.93
Obj_7118,1015293,EGIPS J110056.9-073913,165.2372758,-7.6537766,J110056.95-073913.6,0.93
Obj_1999,2095775,EGIPS J023506.5+371358,38.7770868,37.2329767,J023506.50+371358.7,0.93
Obj_11708,2328269,EGIPS J160038.6+485343,240.1610746,48.8955306,J160038.66+485343.9,0.93
Obj_875,90518,EGIPS J010451.1-122031,16.2129381,-12.3421943,J010451.11-122031.9,0.93
Obj_8618,41110,EGIPS J122908.4+575454,187.2851009,57.9151546,J122908.42+575454.6,0.93
Obj_12383,91548,EGIPS J164308.9+485241,250.7872384,48.8782913,J164308.94+485241.8,0.93
Obj_4242,2788269,EGIPS J073202.2+834255,113.0092123,83.7153962,J073202.21+834255.4,0.92
Obj_1369,958977,EGIPS J014323.4-120010,25.8478905,-12.0030284,J014323.49-120010.9,0.92
Obj_5701,2544317,EGIPS J092448.4+564045,141.2017679,56.6792246,J092448.42+564045.2,0.92
Obj_15164,95500,EGIPS J221914.2-282459,334.8093536,-28.416613,J221914.24-282459.8,0.92
Obj_12904,2454568,EGIPS J172755.3+535501,261.9805713,53.9171196,J172755.34+535501.6,0.92
Obj_5228,4086826,EGIPS J084815.3+225529,132.0639962,22.9248463,J084815.36+225529.4,0.92
Obj_1308,2061723,EGIPS J013644.4+351520,24.1853631,35.2556591,J013644.49+351520.4,0.92
Obj_9885,1591028,EGIPS J134940.5+192410,207.4188616,19.4027907,J134940.53+192410.0,0.92
Obj_6472,82772,EGIPS J102014.3-064806,155.0597654,-6.8017769,J102014.34-064806.4,0.92
Obj_681,90501,EGIPS J005026.9+050321,12.6122229,5.0560639,J005026.93+050321.8,0.92
Obj_10077,1883265,EGIPS J140254.9+295524,210.7290112,29.9235276,J140254.96+295524.7,0.92
Obj_6823,2332963,EGIPS J104359.6+490450,160.9986166,49.080615,J104359.67+490450.2,0.92
Obj_5541,3739685,EGIPS J091439.4-174040,138.6642221,-17.6778376,J091439.41-174040.2,0.92
Obj_10037,49856,EGIPS J140031.0+083901,210.1293748,8.6505309,J140031.05+083901.9,0.92
Obj_1951,956986,EGIPS J023127.4-120905,37.8644729,-12.1514209,J023127.47-120905.1,0.92
Obj_1809,8862,EGIPS J021929.1-212607,34.8716071,-21.4352926,J021929.19-212607.1,0.92
Obj_948,90522,EGIPS J010903.5+165604,17.2646829,16.9346706,J010903.52+165604.8,0.92
Obj_9895,214161,EGIPS J135026.4+280757,207.610376,28.1325125,J135026.49+280757.0,0.92
Obj_6006,1901417,EGIPS J094913.0+302245,147.3044311,30.3792047,J094913.06+302245.1,0.92
Obj_4634,22648,EGIPS J080413.9+625852,121.0580946,62.9813861,J080413.94+625853.0,0.92
Obj_6506,1222887,EGIPS J102217.5+021848,155.5730327,2.3134389,J102217.53+021848.4,0.92
Obj_5635,2125082,EGIPS J092059.0+382210,140.2460531,38.3696533,J092059.05+382210.8,0.92
Obj_9793,2003248,EGIPS J134415.5+323436,206.0648169,32.5767947,J134415.56+323436.5,0.92
Obj_10203,50611,EGIPS J141036.0+592129,212.6502842,59.358327,J141036.07+592130.0,0.92
Obj_6892,1659105,EGIPS J104810.0+215242,162.0418895,21.878429,J104810.05+215242.3,0.92
Obj_5398,1537675,EGIPS J090339.8+173818,135.9160626,17.6383704,J090339.86+173818.1,0.92
Obj_15916,3980038,EGIPS J231952.8+310805,349.970324,31.1349183,J231952.88+310805.7,0.92
Obj_3348,2667736,EGIPS J051459.0+642421,78.7461659,64.4059956,J051459.08+642421.6,0.92
Obj_11243,1275803,EGIPS J152513.9+045704,231.3081232,4.9512712,J152513.95+045704.6,0.92
Obj_15629,1452177,EGIPS J225747.3+141243,344.4472724,14.2120399,J225747.35+141243.3,0.92
Obj_6290,1042650,EGIPS J100730.9-053605,151.8787781,-5.6016545,J100730.91-053606.0,0.92
Obj_10918,91406,EGIPS J145915.6-131622,224.8150046,-13.2727832,J145915.60-131622.0,0.92
Obj_5904,2146784,EGIPS J094145.3+391629,145.4387781,39.2748002,J094145.31+391629.3,0.92
Obj_4227,5072272,EGIPS J073005.6+260649,112.5234534,26.1137181,J073005.63+260649.4,0.92
Obj_1740,1023879,EGIPS J021436.9-070816,33.6539876,-7.1379677,J021436.96-070816.7,0.92
Obj_8661,4331148,EGIPS J123233.5+182823,188.1398398,18.4733304,J123233.56+182824.0,0.92
Obj_14452,91695,EGIPS J210723.7+175200,316.848965,17.8669077,J210723.75+175200.9,0.92
Obj_4193,1649690,EGIPS J072514.4+212524,111.3100927,21.4235131,J072514.42+212524.6,0.92
Obj_16045,91806,EGIPS J233204.7-022242,353.0197099,-2.3784744,J233204.73-022242.5,0.92
Obj_6187,2340136,EGIPS J100111.7+492015,150.2987695,49.3377122,J100111.70+492015.8,0.92
Obj_2102,1057513,EGIPS J024350.5-042916,40.9604527,-4.487815,J024350.51-042916.1,0.92
Obj_2171,1675793,EGIPS J024833.0+224605,42.1378425,22.7683206,J024833.08+224606.0,0.92
Obj_4381,       ,EGIPS J074551.4+112918,116.4643558,11.488339,J074551.45+112918.0,0.92
Obj_11894,3497047,EGIPS J161038.4+381114,242.6602897,38.1874881,J161038.47+381115.0,0.92
Obj_5411,25472,EGIPS J090433.7+451730,136.1404708,45.291704,J090433.71+451730.1,0.92
Obj_12205,1333824,EGIPS J162954.0+075351,247.4750782,7.8975635,J162954.02+075351.2,0.92
Obj_9150,2431356,EGIPS J130151.3+530450,195.4638181,53.0806208,J130151.32+530450.2,0.92
Obj_7321,1230554,EGIPS J111252.3+023316,168.2182784,2.5544579,J111252.39+023316.0,0.92
Obj_5100,2800946,EGIPS J083825.6+193508,129.606968,19.5856167,J083825.67+193508.2,0.92
Obj_4073,2263630,EGIPS J071436.6+452130,108.6527436,45.358427,J071436.66+452130.3,0.92
Obj_5703,       ,EGIPS J092454.4+261055,141.2269462,26.1821372,J092454.47+261055.7,0.92
Obj_14811,871872,EGIPS J215117.8-180946,327.8245655,-18.1628289,J215117.90-180946.2,0.92
Obj_5906,1251090,EGIPS J094155.6+032250,145.4819336,3.3805965,J094155.66+032250.1,0.92
Obj_8211,       ,EGIPS J120507.3+200215,181.280518,20.0376434,J120507.32+200215.5,0.92
Obj_6397,2146605,EGIPS J101425.6+391558,153.60682,39.2663315,J101425.64+391558.8,0.92
Obj_15174,68611,EGIPS J222039.4+351320,335.164561,35.2224713,J222039.49+351320.9,0.92
Obj_10883,91401,EGIPS J145705.6+093245,224.2733948,9.5460941,J145705.61+093245.9,0.92
Obj_10601,929923,EGIPS J143714.2-140143,219.3095778,-14.0288568,J143714.30-140143.9,0.92
Obj_3400,773326,EGIPS J052254.6-255644,80.7276548,-25.9457572,J052254.64-255644.7,0.92
Obj_7056,91067,EGIPS J105748.0+312550,164.45029,31.4308095,J105748.07+312550.9,0.92
Obj_5756,1979035,EGIPS J093012.5+320436,142.5523164,32.0769064,J093012.56+320436.9,0.92
Obj_16321,72653,EGIPS J235147.9+060003,357.9499298,6.0008651,J235147.98+060003.1,0.92
Obj_163,857772,EGIPS J001257.5-191515,3.2396008,-19.2544254,J001257.50-191515.9,0.92
Obj_1655,913906,EGIPS J020729.3-151406,31.8724851,-15.2352294,J020729.40-151406.8,0.92
Obj_10358,1330974,EGIPS J142027.4+074726,215.1143844,7.7906986,J142027.45+074726.5,0.92
Obj_2817,1445611,EGIPS J035506.7+135815,58.7782097,13.9709252,J035506.77+135815.3,0.92
Obj_10133,3819516,EGIPS J140609.7-290249,211.5404742,-29.0470755,J140609.71-290249.5,0.92
Obj_4244,       ,EGIPS J073216.7+334004,113.0699247,33.6679858,J073216.78+334004.7,0.92
Obj_1845,9028,EGIPS J022230.0-003703,35.62503,-0.6175268,J022230.01-003703.1,0.92
Obj_9040,158238,EGIPS J125540.3-081827,193.9180429,-8.3075162,J125540.33-081827.1,0.92
Obj_11316,1509244,EGIPS J153029.1+162730,232.6216365,16.4585025,J153029.19+162730.6,0.92
Obj_11622,1303423,EGIPS J155445.4+063438,238.6895816,6.5774189,J155445.50+063438.7,0.92
Obj_7314,1572697,EGIPS J111233.4+185138,168.1392238,18.8605947,J111233.41+185138.1,0.92
Obj_4031,       ,EGIPS J071122.4+313950,107.8433569,31.6638972,J071122.41+313950.0,0.92
Obj_15803,195123,EGIPS J231112.0-032112,347.8002751,-3.3535333,J231112.07-032112.7,0.92
Obj_8452,39794,EGIPS J122017.3+041206,185.072409,4.2018817,J122017.38+041206.8,0.92
Obj_15832,91785,EGIPS J231350.3+220938,348.4597723,22.1606033,J231350.35+220938.2,0.92
Obj_10525,1833980,EGIPS J143228.1+282230,218.1173927,28.3751071,J143228.17+282230.4,0.92
Obj_1865,9122,EGIPS J022418.1+333633,36.0756981,33.6092119,J022418.17+333633.2,0.92
Obj_9745,48379,EGIPS J134029.7+425932,205.1240995,42.9924458,J134029.78+425932.8,0.92
Obj_9131,915975,EGIPS J130051.1-150452,195.2130941,-15.0812958,J130051.14-150452.7,0.92
Obj_13329,91622,EGIPS J181132.5+250021,272.8854455,25.0058382,J181132.51+250021.0,0.92
Obj_12563,59310,EGIPS J165723.1+384019,254.3463975,38.6719447,J165723.14+384019.0,0.92
Obj_14705,1808522,EGIPS J213902.5+272702,324.7605196,27.4507621,J213902.52+272702.7,0.92
Obj_4800,23174,EGIPS J081601.3+582002,124.005774,58.3339474,J081601.39+582002.2,0.92
Obj_11746,56836,EGIPS J160300.3+773623,240.7512544,77.6066467,J160300.30+773623.9,0.92
Obj_7660,2585992,EGIPS J113135.1+590339,172.8965011,59.0609571,J113135.16+590339.4,0.91
Obj_10966,2187355,EGIPS J150309.9+414858,225.7913277,41.8163764,J150309.92+414859.0,0.91
Obj_14429,3935765,EGIPS J210457.3-204546,316.2387972,-20.7628907,J210457.31-204546.4,0.91
Obj_2529,1159445,EGIPS J032130.7+001136,50.3781306,0.1935567,J032130.75+001136.8,0.91
Obj_8297,1704005,EGIPS J121038.1+241731,182.6589471,24.2920209,J121038.15+241731.3,0.91
Obj_3801,90763,EGIPS J064610.8+680607,101.5450957,68.1020169,J064610.82+680607.3,0.91
Obj_4178,       ,EGIPS J072401.1+555428,111.0046619,55.9079213,J072401.12+555428.5,0.91
Obj_11234,1657945,EGIPS J152423.4+214910,231.0978369,21.8196417,J152423.48+214910.7,0.91
Obj_5618,1312883,EGIPS J092001.7+070322,140.0071295,7.0562716,J092001.71+070322.6,0.91
Obj_10571,1681116,EGIPS J143520.9+230454,218.8373646,23.081815,J143520.97+230454.5,0.91
Obj_5394,25426,EGIPS J090317.2+100116,135.8218401,10.0212781,J090317.24+100116.6,0.91
Obj_7662,1338169,EGIPS J113136.4+080410,172.9017588,8.0695563,J113136.42+080410.4,0.91
Obj_7683,1553141,EGIPS J113236.9+181231,173.1541144,18.2086364,J113236.99+181231.1,0.91
Obj_7981,2211527,EGIPS J115024.8+430202,177.6035828,43.033977,J115024.86+430202.3,0.91
Obj_15115,92739,EGIPS J221519.4-255654,333.8309174,-25.948516,J221519.42-255654.7,0.91
Obj_633,1029043,EGIPS J004640.3-064546,11.6679898,-6.7629485,J004640.32-064546.6,0.91
Obj_12866,2733301,EGIPS J172402.0+695802,261.0086236,69.9672867,J172402.07+695802.2,0.91
Obj_13108,1771586,EGIPS J174904.5+261902,267.2687711,26.317385,J174904.51+261902.6,0.91
Obj_3202,       ,EGIPS J045435.0+030029,73.6461338,3.0082473,J045435.07+030029.7,0.91
Obj_3716,       ,EGIPS J063256.6+480201,98.2360857,48.0337621,J063256.66+480201.5,0.91
Obj_1209,2322579,EGIPS J012810.0+483934,22.0420567,48.659579,J012810.09+483934.5,0.91
Obj_14825,1070721,EGIPS J215146.9-032853,327.9456568,-3.4815191,J215146.96-032853.5,0.91
Obj_3003,       ,EGIPS J042800.7-002034,67.0031164,-0.3428872,J042800.75-002034.4,0.91
Obj_8000,37135,EGIPS J115148.4+192129,177.9520028,19.3581012,J115148.48+192129.2,0.91
Obj_3418,17278,EGIPS J052558.2-274500,81.4927328,-27.7502414,J052558.26-274500.9,0.91
Obj_11637,56400,EGIPS J155545.3+242938,238.9388614,24.4939422,J155545.33+242938.2,0.91
Obj_1801,91974,EGIPS J021850.0-263235,34.7084469,-26.5432997,J021850.03-263235.9,0.91
Obj_506,       ,EGIPS J003842.3-021208,9.6766327,-2.2024135,J003842.39-021208.7,0.91
Obj_8234,1832660,EGIPS J120658.4+281938,181.7434404,28.3273019,J120658.43+281938.3,0.91
Obj_11391,2141737,EGIPS J153718.3+390106,234.3264245,39.0185043,J153718.34+390106.6,0.91
Obj_2076,90631,EGIPS J024158.1+150702,40.4923518,15.1174904,J024158.16+150703.0,0.91
Obj_7658,2524735,EGIPS J113127.6+560437,172.8650698,56.0769511,J113127.62+560437.0,0.91
Obj_12396,1801489,EGIPS J164400.8+271328,251.0035128,27.2245057,J164400.84+271328.2,0.91
Obj_6902,213739,EGIPS J104910.6+432045,162.2944134,43.3459988,J104910.66+432045.6,0.91
Obj_6152,82564,EGIPS J095916.2+440401,149.8177367,44.066948,J095916.26+440401.0,0.91
Obj_8266,92939,EGIPS J120838.2+500218,182.1593285,50.0385369,J120838.24+500218.7,0.91
Obj_5807,1879595,EGIPS J093451.3+294933,143.714157,29.8259299,J093451.40+294933.3,0.91
Obj_8368,92942,EGIPS J121451.6+301918,183.7152078,30.3219083,J121451.65+301918.9,0.91
Obj_11318,1794570,EGIPS J153040.9+265924,232.6706686,26.9900019,J153040.96+265924.0,0.91
Obj_15331,69159,EGIPS J223349.6-285406,338.456681,-28.9018128,J223349.60-285406.5,0.91
Obj_7846,1189165,EGIPS J114234.8+011506,175.6453574,1.2519187,J114234.89+011506.9,0.91
Obj_14724,3947848,EGIPS J214048.0+070013,325.2000812,7.003871,J214048.02+070013.9,0.91
Obj_11065,91418,EGIPS J151019.7+542400,227.5821666,54.4001186,J151019.72+542400.4,0.91
Obj_11419,2484355,EGIPS J153940.0+545446,234.9167856,54.912824,J153940.03+545446.2,0.91
Obj_292,828773,EGIPS J002236.2-212402,5.6509971,-21.4007289,J002236.24-212402.6,0.91
Obj_12350,1792043,EGIPS J164050.1+265434,250.2091601,26.9096977,J164050.20+265434.9,0.91
Obj_14848,       ,EGIPS J215333.9+270707,328.3914685,27.118872,J215333.95+270707.9,0.91
Obj_16212,91818,EGIPS J234359.2-054214,355.9966723,-5.7041567,J234359.20-054215.0,0.91
Obj_1135,       ,EGIPS J012320.8+373318,20.836866,37.5550691,J012320.85+373318.2,0.91
Obj_4303,3402895,EGIPS J073742.7+270845,114.4280365,27.145871,J073742.73+270845.1,0.91
Obj_166,1220099,EGIPS J001307.6+021332,3.281944,2.225654,J001307.67+021332.4,0.91
Obj_11311,1279696,EGIPS J153015.2+051213,232.5634423,5.2037571,J153015.23+051213.5,0.91
Obj_8889,91228,EGIPS J124700.7+323906,191.7530095,32.6517534,J124700.72+323906.3,0.91
Obj_8397,2350902,EGIPS J121704.3+494215,184.2679643,49.7042106,J121704.31+494215.2,0.91
Obj_9523,1016275,EGIPS J132530.1-073548,201.375808,-7.5966974,J132530.19-073548.1,0.91
Obj_9892,1493632,EGIPS J135015.8+154803,207.5659797,15.8008539,J135015.84+154803.1,0.91
Obj_13844,2328717,EGIPS J194028.2+485455,295.1178233,48.9155208,J194028.28+485455.9,0.91
Obj_10882,1714195,EGIPS J145642.6+244220,224.1778838,24.705734,J145642.69+244220.6,0.91
Obj_11276,1258506,EGIPS J152737.4+034659,231.9060014,3.7831003,J152737.44+034659.2,0.91
Obj_5712,1474814,EGIPS J092523.8+150502,141.349517,15.0840804,J092523.88+150502.7,0.91
Obj_4414,78500,EGIPS J074847.2-074355,117.1966779,-7.7321165,J074847.20-074355.6,0.91
Obj_5915,2521875,EGIPS J094237.2+555952,145.655121,55.9978406,J094237.23+555952.2,0.91
Obj_8016,37251,EGIPS J115306.0+060914,178.2753887,6.1539062,J115306.09+060914.1,0.91
Obj_10518,1275285,EGIPS J143154.5+045508,217.9774699,4.9190825,J143154.59+045508.7,0.91
Obj_6930,32519,EGIPS J105101.0+361133,162.7543406,36.1925986,J105101.04+361133.4,0.91
Obj_11352,55457,EGIPS J153359.7+155737,233.4990768,15.9605159,J153359.78+155737.9,0.91
Obj_1574,       ,EGIPS J020007.8+094007,30.0325577,9.6687983,J020007.81+094007.7,0.91
Obj_6337,967966,EGIPS J101039.4-111542,152.6644792,-11.2617497,J101039.48-111542.3,0.91
Obj_3102,896418,EGIPS J044157.4-163420,70.4892536,-16.5724777,J044157.42-163420.9,0.91
Obj_4637,90817,EGIPS J080435.1+355952,121.1462646,35.9979181,J080435.10+355952.5,0.91
Obj_15650,70175,EGIPS J225912.8+133624,344.8033426,13.606814,J225912.80+133624.5,0.91
Obj_6347,1706431,EGIPS J101116.8+242353,152.8200296,24.3982578,J101116.81+242353.7,0.91
Obj_1365,       ,EGIPS J014250.8+800304,25.7120216,80.0513683,J014250.89+800304.9,0.91
Obj_5640,959761,EGIPS J093246.4-115648,143.1937313,-11.9466906,J093246.50-115648.1,0.91
Obj_4477,22081,EGIPS J075313.9+581534,118.3082154,58.2596349,J075313.97+581534.7,0.91
Obj_4307,90789,EGIPS J073748.7+321247,114.4531139,32.2131967,J073748.75+321247.5,0.91
Obj_10345,91355,EGIPS J141928.3+111443,214.867924,11.2453823,J141928.30+111443.4,0.91
Obj_7413,987976,EGIPS J111704.4-094025,169.2684163,-9.6738452,J111704.42-094025.8,0.91
Obj_9420,1148678,EGIPS J131837.5-001336,199.6564212,-0.226844,J131837.54-001336.6,0.91
Obj_11463,91471,EGIPS J154259.8-135726,235.7492918,-13.9572619,J154259.83-135726.1,0.91
Obj_10857,214342,EGIPS J145504.0+372243,223.7669063,37.3787544,J145504.06+372243.5,0.91
Obj_2224,90641,EGIPS J025234.0+431002,43.1419547,43.1674216,J025234.07+431002.7,0.91
Obj_7894,1388732,EGIPS J114500.5+110541,176.2522655,11.0948883,J114500.54+110541.6,0.91
Obj_5005,23905,EGIPS J083119.2+253203,127.8303045,25.5342085,J083119.27+253203.2,0.91
Obj_7213,976458,EGIPS J110650.7-103449,166.7114043,-10.5804452,J110650.74-103449.6,0.91
Obj_14621,66856,EGIPS J212951.0-243301,322.4626222,-24.550294,J212951.03-243301.1,0.91
Obj_1216,1391321,EGIPS J012844.8+111651,22.1869235,11.2808981,J012844.86+111651.2,0.91
Obj_16323,912483,EGIPS J235211.1-152034,358.0464977,-15.3430101,J235211.16-152034.8,0.91
Obj_12718,       ,EGIPS J170927.3+180207,257.363851,18.0353063,J170927.32+180207.1,0.91
Obj_1676,1268343,EGIPS J020929.2+042650,32.3717375,4.4472345,J020929.22+042650.0,0.91
Obj_12454,2150966,EGIPS J164755.0+393020,251.9791981,39.5055603,J164755.01+393020.0,0.91
Obj_10627,52339,EGIPS J143846.7+073702,219.6949445,7.617485,J143846.79+073702.9,0.9
Obj_10053,1716412,EGIPS J140120.4+244718,210.3350851,24.7884352,J140120.42+244718.4,0.9
Obj_10512,2095606,EGIPS J143137.2+371325,217.9050186,37.223867,J143137.20+371325.9,0.9
Obj_10048,1321420,EGIPS J140054.2+072518,210.2260277,7.4217781,J140054.25+072518.4,0.9
Obj_12095,4122390,EGIPS J162243.0+222734,245.6794476,22.4596227,J162243.07+222734.6,0.9
Obj_12328,3869923,EGIPS J163912.9+264946,249.8038594,26.8296916,J163912.93+264946.9,0.9
Obj_15171,2080153,EGIPS J221943.1+362442,334.9298702,36.4117185,J221943.17+362442.2,0.9
Obj_1482,875953,EGIPS J015237.2-175255,28.1553024,-17.8819741,J015237.27-175255.1,0.9
Obj_5658,1458749,EGIPS J092229.2+142743,140.6220376,14.4621,J092229.29+142743.6,0.9
Obj_13793,63317,EGIPS J193116.2+421155,292.8178324,42.1987192,J193116.28+421155.4,0.9
Obj_8700,41867,EGIPS J123451.6+273844,188.7150522,27.6457416,J123451.61+273844.7,0.9
Obj_9769,3140105,EGIPS J134224.1+655317,205.6006002,65.8882868,J134224.14+655317.8,0.9
Obj_8898,2758120,EGIPS J124749.6+734831,191.9569767,73.8088833,J124749.67+734832.0,0.9
Obj_4444,5072279,EGIPS J075114.2+104406,117.8091972,10.7350023,J075114.21+104406.0,0.9
Obj_3454,873079,EGIPS J053252.9-180441,83.2206112,-18.078317,J053252.95-180441.9,0.9
Obj_10307,51002,EGIPS J141647.1+230008,214.1965196,23.0023463,J141647.16+230008.4,0.9
Obj_11737,56770,EGIPS J160209.1+155316,240.5381052,15.8878101,J160209.15+155316.1,0.9
Obj_12289,2142366,EGIPS J163603.8+390255,249.0160381,39.0487703,J163603.85+390255.6,0.9
Obj_2206,10817,EGIPS J025110.1-064222,42.7921418,-6.7062598,J025110.11-064222.5,0.9
Obj_10705,1112556,EGIPS J144411.0-014141,221.0461293,-1.694724,J144411.07-014141.0,0.9
Obj_3492,147787,EGIPS J054214.2-261953,85.5593855,-26.3316297,J054214.25-261953.9,0.9
Obj_10573,84238,EGIPS J143527.5+320853,218.8647374,32.148312,J143527.54+320853.9,0.9
Obj_12033,2371500,EGIPS J161905.5+502310,244.7730064,50.3861935,J161905.52+502310.3,0.9
Obj_2633,1090485,EGIPS J033129.1-022937,52.8712585,-2.4938589,J033129.10-022937.9,0.9
Obj_15270,192427,EGIPS J222854.7-093709,337.2280922,-9.6192352,J222854.74-093709.2,0.9
Obj_3204,16322,EGIPS J045503.2-040607,73.763669,-4.1021037,J045503.28-040607.6,0.9
Obj_850,1050135,EGIPS J010307.4-050216,15.7812192,-5.0380101,J010307.49-050216.8,0.9
Obj_12486,1824377,EGIPS J165050.3+280148,252.7099523,28.0300773,J165050.39+280148.3,0.9
Obj_1006,92839,EGIPS J011326.3+172628,18.3597275,17.4413233,J011326.33+172628.8,0.9
Obj_12392,1389638,EGIPS J164351.8+110932,250.9660263,11.158925,J164351.85+110932.1,0.9
Obj_11356,91458,EGIPS J153420.9+575711,233.5873612,57.9533028,J153420.97+575711.9,0.9
Obj_6512,1641268,EGIPS J102235.9+210158,155.6499624,21.0328028,J102235.99+210158.1,0.9
Obj_16308,3990812,EGIPS J235048.5+042219,357.7022319,4.3720053,J235048.54+042219.2,0.9
Obj_1638,1198267,EGIPS J020615.0+013257,31.5628849,1.5492168,J020615.09+013257.2,0.9
Obj_14351,811775,EGIPS J205613.4-223549,314.0561926,-22.5971762,J205613.49-223549.8,0.9
Obj_12773,91587,EGIPS J171507.2+581426,258.7801542,58.2405641,J171507.24+581426.0,0.9
Obj_9052,1284669,EGIPS J125606.2+053053,194.0258786,5.5147313,J125606.21+053053.0,0.9
Obj_15132,1407537,EGIPS J221630.6+121929,334.1277314,12.3247788,J221630.66+121929.2,0.9
Obj_10985,91410,EGIPS J150410.5+170122,226.0440046,17.0227964,J150410.56+170122.1,0.9
Obj_2440,90662,EGIPS J031221.2+365532,48.088701,36.9257502,J031221.29+365532.7,0.9
Obj_2766,13868,EGIPS J034805.2-174528,57.0218202,-17.7579654,J034805.24-174528.7,0.9
Obj_2112,981129,EGIPS J024430.6-101203,41.1276697,-10.2009741,J024430.64-101203.5,0.9
Obj_3368,781923,EGIPS J051719.3-251010,79.330832,-25.1695605,J051719.40-251010.4,0.9
Obj_5841,2035205,EGIPS J093704.2+333528,144.2676174,33.5912138,J093704.23+333528.4,0.9
Obj_2370,133950,EGIPS J030542.0-230901,46.4250417,-23.1505488,J030542.01-230902.0,0.9
Obj_14293,805179,EGIPS J204837.5-230431,312.1564146,-23.0753888,J204837.54-230431.4,0.9
Obj_15516,830243,EGIPS J224756.2-211711,341.9844893,-21.286419,J224756.28-211711.1,0.9
Obj_12443,91554,EGIPS J164654.6+315307,251.7278537,31.885469,J164654.68+315307.7,0.9
Obj_10433,2140893,EGIPS J142648.6+385845,216.7027876,38.979306,J142648.67+385845.5,0.9
Obj_3040,15495,EGIPS J043300.9-041118,68.2540629,-4.1883673,J043300.98-041118.1,0.9
Obj_64,5072259,EGIPS J000524.9+072753,1.3538894,7.4647601,J000524.93+072753.1,0.9
Obj_1920,1464302,EGIPS J022849.3+144046,37.2055719,14.6796873,J022849.34+144046.9,0.9
Obj_9330,92386,EGIPS J131223.6-204825,198.0985473,-20.8071934,J131223.65-204825.9,0.9
Obj_10368,1186346,EGIPS J142159.3+010935,215.4972464,1.159869,J142159.34+010935.5,0.9
Obj_14631,188901,EGIPS J213053.0-193525,322.7209445,-19.590437,J213053.03-193525.6,0.9
Obj_634,1066989,EGIPS J004643.8-034637,11.6825819,-3.7771254,J004643.82-034637.7,0.9
Obj_153,1054599,EGIPS J001159.7-044219,2.9988922,-4.7054806,J001159.73-044219.7,0.9
Obj_1640,90588,EGIPS J020627.6+133952,31.6152464,13.6646018,J020627.66+133952.6,0.9
Obj_16205,91817,EGIPS J234314.2+233043,355.8095367,23.512134,J234314.29+233043.7,0.9
Obj_5968,28088,EGIPS J094653.9+230125,146.7245868,23.02383,J094653.90+230125.8,0.9
Obj_11142,1340906,EGIPS J151729.9+081040,229.3746394,8.1777823,J151729.91+081040.0,0.9
Obj_4126,2395091,EGIPS J071844.0+512952,109.6833652,51.4979133,J071844.01+512952.5,0.9
Obj_12436,58958,EGIPS J164636.4+692042,251.6519046,69.3452019,J164636.46+692042.7,0.9
Obj_5994,789471,EGIPS J094822.1-242907,147.0921615,-24.4853266,J094822.12-242907.2,0.89
Obj_9470,3806833,EGIPS J132206.7+251327,200.5280654,25.2242437,J132206.74+251327.3,0.89
Obj_2105,2197525,EGIPS J024355.2+422208,40.9800304,42.3689811,J024355.21+422208.3,0.89
Obj_10455,1108844,EGIPS J142804.6-014954,217.0192984,-1.8316743,J142804.63-014954.0,0.89
Obj_12040,3863680,EGIPS J161927.0-083113,244.8628637,-8.5205233,J161927.09-083113.9,0.89
Obj_9503,46840,EGIPS J132409.8-175406,201.0410912,-17.9017954,J132409.86-175406.5,0.89
Obj_10179,1768951,EGIPS J140845.7+261500,212.1905898,26.2501423,J140845.74+261500.5,0.89
Obj_7575,       ,EGIPS J112535.7+542304,171.3990076,54.3845404,J112535.76+542304.3,0.89
Obj_11046,1326524,EGIPS J150821.5+073717,227.0896462,7.6215176,J150821.52+073717.5,0.89
Obj_7410,3411265,EGIPS J111658.6+480107,169.2443223,48.0187522,J111658.64+480107.5,0.89
Obj_10678,3097611,EGIPS J144232.0-050643,220.633542,-5.1121384,J144232.05-050643.7,0.89
Obj_7977,36988,EGIPS J115012.3+065955,177.5513346,6.9987769,J115012.32+065955.6,0.89
Obj_5561,26154,EGIPS J091616.8+791630,139.070376,79.2751662,J091616.89+791630.6,0.89
Obj_12723,59732,EGIPS J171007.8+321739,257.532836,32.2942876,J171007.88+321739.4,0.89
Obj_7216,1676939,EGIPS J110657.5+225008,166.7399631,22.835687,J110657.59+225008.5,0.89
Obj_11406,91463,EGIPS J153831.2+214925,234.6304156,21.8237472,J153831.30+214925.5,0.89
Obj_3285,90733,EGIPS J050501.0-190148,76.2543308,-19.0302546,J050501.04-190148.9,0.89
Obj_14339,       ,EGIPS J205512.0+074504,313.8003124,7.7511936,J205512.07+074504.3,0.89
Obj_4815,1451574,EGIPS J081707.9+141128,124.2831318,14.1913653,J081707.95+141128.9,0.89
Obj_9405,       ,EGIPS J131745.9-060324,199.4415932,-6.0569174,J131745.98-060324.9,0.89
Obj_9703,1783858,EGIPS J133642.0+263900,204.1751817,26.6501918,J133642.04+263900.7,0.89
Obj_854,       ,EGIPS J010315.5+232902,15.8149258,23.4839401,J010315.58+232902.2,0.89
Obj_3599,18383,EGIPS J060457.6-190454,91.2401793,-19.0817236,J060457.64-190454.2,0.89
Obj_4495,2671670,EGIPS J075428.8+644729,118.620296,64.7914065,J075428.87+644729.1,0.89
Obj_10908,3837728,EGIPS J145837.9-031944,224.6580621,-3.3289375,J145837.93-031944.2,0.89
Obj_350,3595933,EGIPS J002711.4+093442,6.7976847,9.578399,J002711.44+093442.2,0.89
Obj_9418,46372,EGIPS J131834.3+470756,199.6432055,47.1322407,J131834.37+470756.1,0.89
Obj_768,1891795,EGIPS J005646.7+300824,14.1948956,30.140246,J005646.77+300824.9,0.89
Obj_7086,3764021,EGIPS J105934.9+165951,164.8957075,16.9975727,J105934.97+165951.3,0.89
Obj_5875,732175,EGIPS J093854.0-291153,144.7252299,-29.1981292,J093854.06-291153.3,0.89
Obj_8748,2270739,EGIPS J123818.1+454830,189.5754239,45.8084591,J123818.10+454830.5,0.89
Obj_13388,       ,EGIPS J181900.4+201438,274.7519565,20.2441021,J181900.47+201438.8,0.89
Obj_16124,91811,EGIPS J233806.9+322124,354.5287983,32.356828,J233806.91+322124.6,0.89
Obj_5102,1127545,EGIPS J083856.7-010408,129.7366209,-1.069069,J083856.79-010408.6,0.89
Obj_769,1348319,EGIPS J005646.9+083041,14.1958079,8.5113967,J005646.99+083041.0,0.89
Obj_6218,29121,EGIPS J100259.4+334132,150.747688,33.6922851,J100259.45+334132.2,0.89
Obj_6729,1830521,EGIPS J103811.1+281507,159.5462796,28.2519832,J103811.11+281507.1,0.89
Obj_7438,3768807,EGIPS J111815.6+275957,169.5653565,27.9993549,J111815.69+275957.7,0.89
Obj_549,1754051,EGIPS J004044.5+255339,10.1856422,25.8941682,J004044.55+255339.0,0.89
Obj_14936,1509455,EGIPS J220201.6+162800,330.5068931,16.4669118,J220201.65+162800.9,0.89
Obj_10074,1052334,EGIPS J140242.3-045218,210.6764084,-4.8717127,J140242.34-045218.2,0.89
Obj_1239,1214133,EGIPS J013053.0+020231,22.7208384,2.0421523,J013053.00+020231.7,0.89
Obj_5815,3530833,EGIPS J093521.3+345958,143.8388843,34.9995066,J093521.33+345958.2,0.89
Obj_5966,1061369,EGIPS J094649.0-041234,146.7043251,-4.2097207,J094649.04-041235.0,0.89
Obj_5320,998001,EGIPS J085548.8-085253,133.9534402,-8.8815581,J085548.83-085253.6,0.89
Obj_1245,1670646,EGIPS J013121.2+222840,22.8386216,22.4779149,J013121.27+222840.5,0.89
Obj_3188,16217,EGIPS J045228.5-191734,73.1189234,-19.2928426,J045228.54-191734.2,0.89
Obj_13303,91621,EGIPS J180805.9+163444,272.0247154,16.5789835,J180805.93+163444.3,0.89
Obj_4654,979574,EGIPS J080553.8-101943,121.4743366,-10.3286429,J080553.84-101943.1,0.89
Obj_7700,3772971,EGIPS J113332.6-083538,173.3861942,-8.5939216,J113332.69-083538.1,0.89
Obj_5933,3746188,EGIPS J094338.2-150724,145.9094745,-15.1235058,J094338.27-150724.6,0.89
Obj_892,1032207,EGIPS J010554.6-062940,16.4778459,-6.4945166,J010554.68-062940.3,0.89
Obj_16381,2147779,EGIPS J235603.4+391942,359.014171,39.3285044,J235603.40+391942.6,0.89
Obj_8928,183316,EGIPS J124939.0-035123,192.4128357,-3.8564256,J124939.08-035123.1,0.89
Obj_15100,856735,EGIPS J221438.5-191946,333.6606918,-19.3296557,J221438.57-191946.8,0.89
Obj_9863,1719316,EGIPS J134834.1+245329,207.1423975,24.8914425,J134834.18+245329.2,0.89
Obj_11056,91416,EGIPS J150930.4+222010,227.3769731,22.3362355,J150930.47+222010.4,0.89
Obj_5182,24548,EGIPS J084421.8+093214,131.0911618,9.5372947,J084421.88+093214.3,0.89
Obj_7274,1641374,EGIPS J111025.4+210217,167.6062166,21.0381429,J111025.49+210217.3,0.89
Obj_11351,1823047,EGIPS J153356.3+275850,233.4849666,27.9806375,J153356.39+275850.3,0.89
Obj_4784,1131565,EGIPS J082835.6-005439,127.1486387,-0.9110753,J082835.67-005439.9,0.89
Obj_4318,1653184,EGIPS J073913.3+213522,114.8056368,21.589557,J073913.35+213522.4,0.89
Obj_10892,3328880,EGIPS J145721.6-005652,224.340072,-0.9478789,J145721.62-005652.4,0.88
Obj_10650,1521654,EGIPS J144033.5+165845,220.1399496,16.9792405,J144033.59+165845.3,0.88
Obj_2822,1523715,EGIPS J035702.5+170343,59.2607099,17.0619537,J035702.57+170343.0,0.88
Obj_3266,823353,EGIPS J050259.5-214850,75.748042,-21.8141295,J050259.53-214850.9,0.88
Obj_8612,856448,EGIPS J122900.9-192100,187.2537811,-19.3502426,J122900.91-192100.9,0.88
Obj_11569,2160344,EGIPS J155042.3+400510,237.6764812,40.0863444,J155042.36+400510.8,0.88
Obj_14967,922661,EGIPS J220504.9-143526,331.2704692,-14.5906604,J220504.91-143526.4,0.88
Obj_1597,1141017,EGIPS J020216.5-003158,30.5689786,-0.5330055,J020216.55-003158.8,0.88
Obj_2097,10319,EGIPS J024332.6+314722,40.886016,31.7895531,J024332.64+314722.4,0.88
Obj_15715,1681906,EGIPS J230355.8+230733,345.9827643,23.1258469,J230355.86+230733.0,0.88
Obj_16369,91833,EGIPS J235451.5+275438,358.7149664,27.9107857,J235451.59+275438.8,0.88
Obj_7074,1874911,EGIPS J105859.9+294149,164.749842,29.6971245,J105859.96+294149.6,0.88
Obj_2459,3214258,EGIPS J031446.6-290823,48.6942536,-29.1397831,J031446.62-290823.2,0.88
Obj_12194,2786039,EGIPS J162921.8+815932,247.3410116,81.9922298,J162921.84+815932.0,0.88
Obj_14486,1473554,EGIPS J211122.4+150215,317.8434836,15.0375139,J211122.44+150215.0,0.88
Obj_566,90493,EGIPS J004130.3+105324,10.3766036,10.8900663,J004130.38+105324.2,0.88
Obj_10987,1113235,EGIPS J150412.1-014007,226.0508152,-1.6686666,J150412.20-014007.2,0.88
Obj_11147,1269803,EGIPS J151748.0+043306,229.4502805,4.5517646,J151748.07+043306.4,0.88
Obj_250,1078715,EGIPS J001958.6-025839,4.9944785,-2.9775129,J001958.67-025839.0,0.88
Obj_2844,1639682,EGIPS J040111.9+205743,60.2999523,20.9620101,J040111.99+205743.2,0.88
Obj_4903,1073410,EGIPS J082316.2-031715,125.8177646,-3.2876601,J082316.26-031715.6,0.88
Obj_11405,3850533,EGIPS J153820.9+361546,234.5873797,36.2630149,J153820.97+361546.9,0.88
Obj_6680,5087992,EGIPS J103403.0+162156,158.5126475,16.3656049,J103403.04+162156.2,0.88
Obj_9237,45366,EGIPS J130622.1+293927,196.5924649,29.657532,J130622.19+293927.1,0.88
Obj_3059,2592927,EGIPS J043500.8+593941,68.7536845,59.6616352,J043500.88+593941.9,0.88
Obj_13284,61363,EGIPS J180436.2+601456,271.150932,60.2489001,J180436.22+601456.0,0.88
Obj_212,860158,EGIPS J001628.4-190411,4.1186985,-19.0697307,J001628.49-190411.0,0.88
Obj_9438,1926687,EGIPS J131930.8+305920,199.8785207,30.9891401,J131930.84+305920.9,0.88
Obj_8083,37557,EGIPS J115646.3+612632,179.1930486,61.4424453,J115646.33+612632.8,0.88
Obj_14410,65962,EGIPS J210236.6-134752,315.6528024,-13.7978791,J210236.67-134752.4,0.88
Obj_4198,1696919,EGIPS J072525.7+235735,111.3570991,23.9597632,J072525.70+235735.1,0.88
Obj_15361,69299,EGIPS J223635.7+022347,339.148863,2.396637,J223635.73+022347.9,0.88
Obj_6598,1264170,EGIPS J102902.5+040854,157.2605435,4.1484165,J102902.53+040854.3,0.88
Obj_2831,1658483,EGIPS J035910.7+215050,59.7947773,21.8473921,J035910.75+215050.6,0.88
Obj_7867,734701,EGIPS J114329.7-290007,175.874097,-29.0021095,J114329.78-290007.6,0.88
Obj_14441,92640,EGIPS J210640.0-252756,316.6667192,-25.4657502,J210640.01-252756.7,0.88
Obj_9167,2356819,EGIPS J130246.1+495359,195.6920838,49.8997607,J130246.10+495359.1,0.88
Obj_3649,825316,EGIPS J061723.8-213956,94.3493146,-21.6656357,J061723.84-213956.3,0.88
Obj_1109,4940,EGIPS J012140.1-174902,20.4174653,-17.8172777,J012140.19-174902.2,0.88
Obj_9911,2043028,EGIPS J135134.8+340256,207.8953069,34.0491589,J135134.87+340257.0,0.88
Obj_10428,802653,EGIPS J142620.6-231637,216.5861394,-23.2770461,J142620.67-231637.4,0.88
Obj_11862,2057635,EGIPS J160906.9+345906,242.27911,34.9851644,J160906.99+345906.6,0.88
Obj_15953,1711225,EGIPS J232308.0+243538,350.7834763,24.5939617,J232308.03+243538.3,0.88
Obj_2573,12816,EGIPS J032552.4+404454,51.4684351,40.7483366,J032552.42+404454.0,0.87
Obj_11516,92992,EGIPS J154726.6+081439,236.8612426,8.2444011,J154726.70+081439.8,0.87
Obj_3269,1095815,EGIPS J050311.5-021817,75.7982441,-2.304792,J050311.58-021817.3,0.87
Obj_11962,2386575,EGIPS J161412.4+505957,243.5520388,50.9992239,J161412.49+505957.2,0.87
Obj_7864,91140,EGIPS J114318.0-013247,175.8251012,-1.5463967,J114318.02-013247.0,0.87
Obj_10545,91369,EGIPS J143311.0+255744,218.2962239,25.9624286,J143311.09+255744.7,0.87
Obj_6692,1483638,EGIPS J103530.9+152401,158.8789636,15.4005478,J103530.95+152402.0,0.87
Obj_2790,3668148,EGIPS J035123.3-032221,57.8474086,-3.3727495,J035123.38-032221.9,0.87
Obj_8957,43527,EGIPS J125112.4+713807,192.8017155,71.6353416,J125112.41+713807.2,0.87
Obj_237,1676407,EGIPS J001835.7+224820,4.649131,22.8056985,J001835.79+224820.5,0.87
Obj_6732,91036,EGIPS J103827.9+101114,159.6162757,10.1872625,J103827.91+101114.1,0.87
Obj_12661,1448160,EGIPS J170355.2+140333,255.9802212,14.0593625,J170355.25+140333.7,0.87
Obj_10510,91365,EGIPS J143124.6+171712,217.8527177,17.286824,J143124.65+171712.6,0.87
Obj_2953,731763,EGIPS J042115.2-291358,65.3136185,-29.2329803,J042115.27-291358.7,0.87
Obj_6147,3462287,EGIPS J095906.4+055929,149.7768098,5.9914432,J095906.43+055929.2,0.87
Obj_9525,46968,EGIPS J132539.3-272043,201.414014,-27.3453549,J132539.36-272043.3,0.87
Obj_1234,       ,EGIPS J013012.7+360905,22.5530716,36.1515024,J013012.74+360905.4,0.87
Obj_10832,91396,EGIPS J145316.8+491142,223.3202739,49.1950825,J145316.87+491142.3,0.87
Obj_2278,1368301,EGIPS J025620.7+093958,44.0864358,9.6662502,J025620.74+093958.5,0.87
Obj_15812,70675,EGIPS J231203.6+484854,348.0151286,48.8151921,J231203.63+484854.7,0.87
Obj_7378,34330,EGIPS J111529.2+133630,168.8717513,13.6085698,J111529.22+133630.9,0.87
Obj_3851,       ,EGIPS J065255.9+335452,103.232934,33.9146241,J065255.90+335452.6,0.87
Obj_4285,       ,EGIPS J073620.2+140134,114.0844655,14.0262398,J073620.27+140134.5,0.87
Obj_1303,5954,EGIPS J013624.1+103210,24.1004344,10.5361948,J013624.10+103210.3,0.87
Obj_13094,3890103,EGIPS J174809.0+631145,267.0375887,63.1958861,J174809.02+631145.2,0.87
Obj_14858,1550574,EGIPS J215436.0+180654,328.6503401,18.115021,J215436.08+180654.1,0.87
Obj_2838,92053,EGIPS J040002.6-243602,60.0110656,-24.600809,J040002.66-243602.9,0.87
Obj_16279,91825,EGIPS J234901.5+275658,357.2566189,27.9497156,J234901.59+275659.0,0.87
Obj_494,957450,EGIPS J003814.6-120659,9.5609014,-12.1164711,J003814.62-120659.3,0.87
Obj_16380,72897,EGIPS J235550.4+265055,358.9602498,26.8488529,J235550.46+265055.9,0.87
Obj_9036,733957,EGIPS J125526.3-290324,193.8598417,-29.0568035,J125526.36-290324.5,0.87
Obj_15318,782763,EGIPS J223306.9-250531,338.2787615,-25.0920046,J223306.90-250531.2,0.87
Obj_6053,2077672,EGIPS J095208.1+361550,148.0339179,36.2640554,J095208.14+361550.6,0.87
Obj_8352,1143725,EGIPS J121353.6-002515,183.4735859,-0.4209712,J121353.66-002515.5,0.87
Obj_4741,3727730,EGIPS J081231.8+441803,123.1329131,44.3009012,J081231.90+441803.2,0.87
Obj_7595,3771235,EGIPS J112728.8-185711,171.8703274,-18.9531965,J112728.88-185711.5,0.87
Obj_7585,182668,EGIPS J112620.7-143652,171.5862595,-14.6145096,J112620.70-143652.2,0.87
Obj_6698,1628678,EGIPS J103553.5+202904,158.97308,20.4844968,J103553.54+202904.2,0.87
Obj_154,1184724,EGIPS J001203.9+010619,3.0162885,1.1054149,J001203.91+010619.5,0.87
Obj_3685,18999,EGIPS J062509.3-263433,96.2891459,-26.5759322,J062509.40-263433.4,0.87
Obj_9442,1044135,EGIPS J131949.3-052901,199.9554793,-5.483795,J131949.32-052901.7,0.87
Obj_6327,90990,EGIPS J100958.6+715220,152.4943729,71.8722973,J100958.65+715220.3,0.87
Obj_12813,2272121,EGIPS J171838.0+455354,259.6586396,45.8985491,J171838.07+455354.8,0.87
Obj_2813,993120,EGIPS J035443.8-091613,58.682542,-9.2705134,J035443.81-091613.8,0.87
Obj_8039,1112727,EGIPS J115449.7-014118,178.7071189,-1.6883808,J115449.71-014118.2,0.87
Obj_8196,4309128,EGIPS J120401.5+072558,181.0063829,7.4328865,J120401.53+072558.4,0.87
Obj_1485,1146750,EGIPS J015309.0-001804,28.2877291,-0.3013628,J015309.05-001804.9,0.87
Obj_10,3587415,EGIPS J000043.8+070524,0.1828465,7.0900538,J000043.88+070524.2,0.87
Obj_4170,2184796,EGIPS J072314.0+413955,110.8087385,41.6654685,J072314.10+413955.7,0.87
Obj_972,4199,EGIPS J011041.7+033650,17.6740459,3.614098,J011041.77+033650.8,0.87
Obj_1250,3100987,EGIPS J013140.7-094414,22.9197538,-9.737451,J013140.74-094414.8,0.86
Obj_15091,1326494,EGIPS J221354.2+073712,333.4761372,7.6201802,J221354.27+073712.6,0.86
Obj_4595,2551413,EGIPS J080113.9+565416,120.3079433,56.9044656,J080113.91+565416.1,0.86
Obj_4666,79794,EGIPS J080640.2-193106,121.6679105,-19.5183796,J080640.30-193106.2,0.86
Obj_9621,47533,EGIPS J133116.5-295725,202.8187608,-29.957212,J133116.50-295726.0,0.86
Obj_378,1213948,EGIPS J002925.1+020210,7.3548127,2.0363153,J002925.16+020210.7,0.86
Obj_12345,2732282,EGIPS J164027.9+694659,250.1165876,69.7833107,J164027.98+694659.9,0.86
Obj_4340,4667003,EGIPS J074110.1-043957,115.2924229,-4.6659856,J074110.18-043957.5,0.86
Obj_2690,       ,EGIPS J033834.2+025036,54.6427805,2.8433346,J033834.27+025036.0,0.86
Obj_10341,92971,EGIPS J141907.7+042635,214.7824095,4.4432886,J141907.78+042635.8,0.86
Obj_1668,1067613,EGIPS J020842.3-034340,32.176347,-3.7278388,J020842.32-034340.2,0.86
Obj_13937,63776,EGIPS J195256.0-250859,298.2336283,-25.1499774,J195256.07-250859.9,0.86
Obj_12291,1948180,EGIPS J163611.6+312734,249.0485652,31.459643,J163611.66+312734.7,0.86
Obj_13024,       ,EGIPS J174102.5+503815,265.2608062,50.6375137,J174102.59+503815.0,0.86
Obj_2310,1342420,EGIPS J030000.4+081411,45.0018943,8.2365144,J030000.45+081411.5,0.86
Obj_7104,33163,EGIPS J110023.7+164132,165.0990165,16.6922341,J110023.76+164132.0,0.86
Obj_8722,3478978,EGIPS J123619.7+101923,189.0824498,10.3231442,J123619.79+101923.3,0.86
Obj_1143,90544,EGIPS J012356.9+283800,20.9873332,28.6333798,J012356.96+283800.2,0.86
Obj_962,970134,EGIPS J010949.8-110515,17.4576203,-11.0875615,J010949.83-110515.2,0.86
Obj_2669,869290,EGIPS J033631.1-182038,54.1299694,-18.3441202,J033631.19-182038.8,0.86
Obj_10184,1425287,EGIPS J140909.3+131208,212.2889458,13.202403,J140909.35+131208.7,0.86
Obj_5721,2151511,EGIPS J092641.6+393213,141.6735467,39.537075,J092641.65+393213.5,0.86
Obj_11317,1786767,EGIPS J153035.8+264408,232.6492585,26.7357239,J153035.82+264408.6,0.86
Obj_4863,1668887,EGIPS J082026.4+222303,125.1102985,22.3844198,J082026.47+222303.9,0.86
Obj_7819,2643061,EGIPS J114041.5+624616,175.1731464,62.7711779,J114041.56+624616.2,0.86
Obj_9042,91239,EGIPS J125547.1+592152,193.9463791,59.3644616,J125547.13+592152.1,0.86
Obj_8734,2245363,EGIPS J123705.0+442909,189.2711242,44.4858621,J123705.07+442909.1,0.86
Obj_625,1650707,EGIPS J004528.3+212820,11.3679462,21.4723783,J004528.31+212820.6,0.86
Obj_12158,2148836,EGIPS J162716.5+392304,246.8188297,39.3844761,J162716.52+392304.1,0.86
Obj_2195,10760,EGIPS J025014.5+000539,42.560715,0.0944036,J025014.57+000539.9,0.86
Obj_5810,1116264,EGIPS J093504.9-013222,143.7706059,-1.5395681,J093504.95-013222.4,0.86
Obj_10523,91366,EGIPS J143215.0-011021,218.062591,-1.1726666,J143215.02-011021.6,0.86
Obj_4541,       ,EGIPS J075730.8+080446,119.3787434,8.0796865,J075730.90+080446.9,0.86
Obj_2388,1143541,EGIPS J030712.6-002542,46.8026467,-0.4283389,J030712.64-002542.0,0.86
Obj_11093,54289,EGIPS J151231.8+085126,228.1326507,8.8573447,J151231.84+085126.4,0.86
Obj_9380,1371330,EGIPS J131527.9+095244,198.8662569,9.8789187,J131527.90+095244.1,0.86
Obj_954,1068719,EGIPS J010918.7-033808,17.3279742,-3.6358308,J010918.71-033809.0,0.86
Obj_2397,90658,EGIPS J030822.5-132156,47.0940585,-13.3656026,J030822.57-132156.2,0.86
Obj_13321,1885137,EGIPS J181019.9+295818,272.5829192,29.9718304,J181019.90+295818.6,0.86
Obj_13743,2609842,EGIPS J192204.2+605811,290.5176392,60.9699179,J192204.23+605811.7,0.86
Obj_10229,50722,EGIPS J141216.2+295426,213.0677362,29.9074164,J141216.26+295426.7,0.86
Obj_16383,1308916,EGIPS J235611.0+065132,359.04621,6.8590417,J235611.09+065132.6,0.86
Obj_13258,91617,EGIPS J180231.8+450803,270.6326593,45.1342569,J180231.84+450803.3,0.86
Obj_9162,3801085,EGIPS J130228.4+190454,195.6185709,19.0817677,J130228.46+190454.4,0.86
Obj_5225,1265720,EGIPS J084808.1+041534,132.0339033,4.2595728,J084808.14+041534.5,0.86
Obj_12042,1708185,EGIPS J161942.5+242837,244.9274199,24.477069,J161942.58+242837.4,0.86
Obj_15996,1000103,EGIPS J232632.0-084300,351.6335719,-8.716704,J232632.06-084300.1,0.86
Obj_8148,37906,EGIPS J120107.1-243405,180.2797664,-24.5681429,J120107.14-243405.3,0.86
Obj_15678,1387974,EGIPS J230057.2+110212,345.2386626,11.0367287,J230057.28+110212.2,0.86
Obj_9555,47130,EGIPS J132713.9-202726,201.8081802,-20.4572285,J132713.96-202726.0,0.86
Obj_11990,1498887,EGIPS J161612.3+160125,244.0515004,16.0236401,J161612.36+160125.1,0.86
Obj_1903,2210920,EGIPS J022732.5+430021,36.8854969,43.0061021,J022732.52+430022.0,0.86
Obj_4413,5058739,EGIPS J074846.4+273946,117.1934255,27.663046,J074846.42+273947.0,0.86
Obj_9739,1880577,EGIPS J133949.2+295105,204.9553009,29.8516484,J133949.27+295105.9,0.86
Obj_10891,91402,EGIPS J145721.2-063017,224.3385642,-6.5048947,J145721.26-063017.6,0.86
Obj_5106,1092017,EGIPS J083903.4-022615,129.7644788,-2.4376565,J083903.47-022615.6,0.86
Obj_9421,92395,EGIPS J131839.7-241516,199.665795,-24.2544603,J131839.79-241516.1,0.86
Obj_3071,833774,EGIPS J043605.0-210108,69.0208656,-21.0189249,J043605.01-210108.1,0.85
Obj_7532,1124818,EGIPS J112313.3-011055,170.8055705,-1.1822002,J112313.34-011055.9,0.85
Obj_10575,52153,EGIPS J143529.3+222422,218.8724736,22.4063023,J143529.39+222422.7,0.85
Obj_1439,2415344,EGIPS J014921.4+522707,27.339236,52.4520939,J014921.42+522707.5,0.85
Obj_12705,2663157,EGIPS J170740.0+635912,256.9167272,63.9867706,J170740.01+635912.4,0.85
Obj_15090,91733,EGIPS J221347.3-134842,333.4471279,-13.811786,J221347.31-134842.4,0.85
Obj_2277,1387417,EGIPS J025618.8+105946,44.0786872,10.9961229,J025618.88+105946.0,0.85
Obj_2833,4666532,EGIPS J035924.0+331620,59.8503869,33.2722894,J035924.09+331620.2,0.85
Obj_7096,2095037,EGIPS J110000.5+371156,165.0024305,37.1990336,J110000.58+371156.5,0.85
Obj_7179,1982292,EGIPS J110453.9+320826,166.2247735,32.1408263,J110453.95+320827.0,0.85
Obj_2312,3092115,EGIPS J030012.3+042617,45.0515073,4.4382209,J030012.36+042617.6,0.85
Obj_1318,90554,EGIPS J013801.7+322106,24.5072229,32.3518343,J013801.73+322106.6,0.85
Obj_14964,91726,EGIPS J220443.0-025821,331.179568,-2.9725189,J220443.10-025821.1,0.85
Obj_10057,1857958,EGIPS J140139.6+291021,210.4150552,29.172616,J140139.61+291021.4,0.85
Obj_8322,1245961,EGIPS J121201.3+030809,183.0054771,3.1360538,J121201.31+030809.8,0.85
Obj_11775,56971,EGIPS J160439.6+150357,241.1651346,15.0660956,J160439.63+150357.9,0.85
Obj_6841,1656115,EGIPS J104458.5+214408,161.2438732,21.7355783,J104458.53+214408.1,0.85
Obj_629,1633990,EGIPS J004602.3+204204,11.509912,20.7012493,J004602.38+204204.5,0.85
Obj_15524,69774,EGIPS J224852.2+245016,342.2176426,24.837812,J224852.23+245016.1,0.85
Obj_7876,4546424,EGIPS J114347.5+301249,175.9482551,30.2137594,J114347.58+301249.5,0.85
Obj_9929,2660910,EGIPS J135306.7+634642,208.278013,63.778516,J135306.72+634642.7,0.85
Obj_12848,2404699,EGIPS J172228.0+520039,260.6169999,52.0109617,J172228.08+520039.5,0.85
Obj_9530,47004,EGIPS J132606.8+215622,201.5285158,21.9395898,J132606.84+215622.5,0.85
Obj_16134,1695538,EGIPS J233901.2+235313,354.7553687,23.8870377,J233901.29+235313.3,0.85
Obj_1816,1857663,EGIPS J021950.6+290949,34.9608596,29.1637859,J021950.61+290949.6,0.85
Obj_10872,753316,EGIPS J145555.2-273250,223.9802699,-27.5473832,J145555.26-273250.6,0.85
Obj_13400,2040575,EGIPS J182132.0+335329,275.3835173,33.8916581,J182132.04+335330.0,0.85
Obj_2148,198382,EGIPS J024635.9-270004,41.6498924,-27.0012724,J024635.97-270004.6,0.85
Obj_12772,1920042,EGIPS J171505.5+305005,258.7729523,30.8347348,J171505.51+305005.0,0.85
Obj_16146,       ,EGIPS J233942.9+330914,354.9290984,33.1540227,J233942.98+330914.5,0.85
Obj_4728,       ,EGIPS J081138.4+633931,122.9101726,63.6588429,J081138.44+633931.8,0.85
Obj_3518,4666790,EGIPS J054707.6+535025,86.7817042,53.8404575,J054707.61+535025.6,0.85
Obj_9286,91261,EGIPS J130924.6+384602,197.3528585,38.7674144,J130924.69+384602.7,0.85
Obj_12469,59057,EGIPS J164920.9-173839,252.3373389,-17.644383,J164920.96-173839.8,0.85
Obj_618,878982,EGIPS J004507.6-174153,11.2818263,-17.698183,J004507.64-174153.5,0.85
Obj_15088,1016161,EGIPS J221342.3-073613,333.4262981,-7.6037525,J221342.31-073613.5,0.85
Obj_5062,       ,EGIPS J083535.6+102848,128.8983339,10.4802329,J083535.60+102848.8,0.85
Obj_1190,90549,EGIPS J012702.9-134226,21.7623938,-13.7074152,J012702.97-134226.7,0.85
Obj_15602,1505077,EGIPS J225532.7+161651,343.88655,16.2808942,J225532.77+161651.2,0.85
Obj_16026,934172,EGIPS J233019.8-134313,352.5826641,-13.7204613,J233019.84-134313.7,0.85
Obj_15259,785905,EGIPS J222806.6-244827,337.0277665,-24.8076913,J222806.66-244827.7,0.85
Obj_5778,27075,EGIPS J093207.2+410723,143.0303634,41.123214,J093207.29+410723.6,0.85
Obj_521,1411171,EGIPS J003915.7+123144,9.8157902,12.5290632,J003915.79+123144.6,0.85
Obj_4822,2484326,EGIPS J081732.3+545442,124.3849817,54.9117794,J081732.40+545442.4,0.85
Obj_8096,37622,EGIPS J115740.5-214045,179.4190782,-21.679238,J115740.58-214045.3,0.85
Obj_5545,5077341,EGIPS J091455.8+143843,138.7325602,14.6455201,J091455.81+143843.9,0.85
Obj_3152,2601935,EGIPS J044753.9+602518,71.9749505,60.4218029,J044753.99+602518.5,0.85
Obj_7615,1554407,EGIPS J112909.4+181517,172.2892879,18.2548119,J112909.43+181517.3,0.85
